[24ago.2026 03:56:19.771] [main/DEBUG] [net.minecraftforge.fml.loading.FMLPaths/CORE]: Path GAMEDIR is /home/pedro/Documentos/java/deceasedcraft/BigBangExpeditions/.staging/server
[24ago.2026 03:56:19.771] [main/DEBUG] [net.minecraftforge.fml.loading.FMLPaths/CORE]: Path MODSDIR is /home/pedro/Documentos/java/deceasedcraft/BigBangExpeditions/.staging/server/mods
[24ago.2026 03:56:19.771] [main/DEBUG] [net.minecraftforge.fml.loading.FMLPaths/CORE]: Path CONFIGDIR is /home/pedro/Documentos/java/deceasedcraft/BigBangExpeditions/.staging/server/config
[24ago.2026 03:56:19.771] [main/DEBUG] [net.minecraftforge.fml.loading.FMLPaths/CORE]: Path FMLCONFIG is /home/pedro/Documentos/java/deceasedcraft/BigBangExpeditions/.staging/server/config/fml.toml
[24ago.2026 03:56:20.687] [main/DEBUG] [cpw.mods.modlauncher.TransformationServicesHandler/MODLAUNCHER]: Found additional transformation services from discovery services: [/home/pedro/Documentos/java/deceasedcraft/BigBangExpeditions/.staging/server/mods/CrashAssistant-forge-1.19-1.20.1-1.10.27.jar][/home/pedro/Documentos/java/deceasedcraft/BigBangExpeditions/.staging/server/mods/CrashAssistant-forge-1.19-1.20.1-1.10.27.jar][/home/pedro/Documentos/java/deceasedcraft/BigBangExpeditions/.staging/server/mods/lazyyyyy-lexforge-core-0.14.19.jar][/home/pedro/Documentos/java/deceasedcraft/BigBangExpeditions/.staging/server/mods/lazyyyyy-lexforge-core-0.14.19.jar]
[24ago.2026 03:56:20.954] [main/INFO] [mixin/]: SpongePowered MIXIN Subsystem Version=0.8.5 Source=union:/home/pedro/Documentos/java/deceasedcraft/BigBangExpeditions/.staging/server/libraries/org/spongepowered/mixin/0.8.5/mixin-0.8.5.jar%2365!/ Service=ModLauncher Env=SERVER
[24ago.2026 03:56:20.965] [main/DEBUG] [net.minecraftforge.fml.loading.FMLPaths/CORE]: Path GAMEDIR is /home/pedro/Documentos/java/deceasedcraft/BigBangExpeditions/.staging/server
[24ago.2026 03:56:20.965] [main/DEBUG] [net.minecraftforge.fml.loading.FMLPaths/CORE]: Path MODSDIR is /home/pedro/Documentos/java/deceasedcraft/BigBangExpeditions/.staging/server/mods
[24ago.2026 03:56:20.965] [main/DEBUG] [net.minecraftforge.fml.loading.FMLPaths/CORE]: Path CONFIGDIR is /home/pedro/Documentos/java/deceasedcraft/BigBangExpeditions/.staging/server/config
[24ago.2026 03:56:20.965] [main/DEBUG] [net.minecraftforge.fml.loading.FMLPaths/CORE]: Path FMLCONFIG is /home/pedro/Documentos/java/deceasedcraft/BigBangExpeditions/.staging/server/config/fml.toml
[24ago.2026 03:56:21.043] [main/DEBUG] [net.minecraftforge.fml.loading.moddiscovery.ModFileParser/LOADING]: Considering mod file candidate /home/pedro/Documentos/java/deceasedcraft/BigBangExpeditions/.staging/server/mods/[1.20.1] SecurityCraft v1.9.12.jar
[24ago.2026 03:56:21.121] [main/DEBUG] [net.minecraftforge.fml.loading.moddiscovery.ModFileParser/LOADING]: Considering mod file candidate /home/pedro/Documentos/java/deceasedcraft/BigBangExpeditions/.staging/server/mods/AdvancementPlaques-1.20.1-forge-1.6.9.jar
[24ago.2026 03:56:21.123] [main/DEBUG] [net.minecraftforge.fml.loading.moddiscovery.ModFileParser/LOADING]: Considering mod file candidate /home/pedro/Documentos/java/deceasedcraft/BigBangExpeditions/.staging/server/mods/AI-Improvements-1.20-0.5.2.jar
[24ago.2026 03:56:21.126] [main/DEBUG] [net.minecraftforge.fml.loading.moddiscovery.ModFileParser/LOADING]: Considering mod file candidate /home/pedro/Documentos/java/deceasedcraft/BigBangExpeditions/.staging/server/mods/alltheleaks-1.1.1+1.20.1-forge.jar
[24ago.2026 03:56:21.132] [main/DEBUG] [net.minecraftforge.fml.loading.moddiscovery.ModFileParser/LOADING]: Considering mod file candidate /home/pedro/Documentos/java/deceasedcraft/BigBangExpeditions/.staging/server/mods/almanac-1.20.x-forge-1.0.2.jar
[24ago.2026 03:56:21.134] [main/DEBUG] [net.minecraftforge.fml.loading.moddiscovery.ModFileParser/LOADING]: Considering mod file candidate /home/pedro/Documentos/java/deceasedcraft/BigBangExpeditions/.staging/server/mods/alternate_current-mc1.20-1.7.0.jar
[24ago.2026 03:56:21.135] [main/DEBUG] [net.minecraftforge.fml.loading.moddiscovery.ModFileParser/LOADING]: Considering mod file candidate /home/pedro/Documentos/java/deceasedcraft/BigBangExpeditions/.staging/server/mods/AlwaysEat-5.2.jar
[24ago.2026 03:56:21.137] [main/DEBUG] [net.minecraftforge.fml.loading.moddiscovery.ModFileParser/LOADING]: Considering mod file candidate /home/pedro/Documentos/java/deceasedcraft/BigBangExpeditions/.staging/server/mods/animal_pen-forge-1.20-1.6.1.jar
[24ago.2026 03:56:21.140] [main/DEBUG] [net.minecraftforge.fml.loading.moddiscovery.ModFileParser/LOADING]: Considering mod file candidate /home/pedro/Documentos/java/deceasedcraft/BigBangExpeditions/.staging/server/mods/another_furniture-forge-1.20.1-3.0.4.jar
[24ago.2026 03:56:21.143] [main/DEBUG] [net.minecraftforge.fml.loading.moddiscovery.ModFileParser/LOADING]: Considering mod file candidate /home/pedro/Documentos/java/deceasedcraft/BigBangExpeditions/.staging/server/mods/apoc_patches-1.0.4-all.jar
[24ago.2026 03:56:21.152] [main/DEBUG] [net.minecraftforge.fml.loading.moddiscovery.ModFileParser/LOADING]: Considering mod file candidate /home/pedro/Documentos/java/deceasedcraft/BigBangExpeditions/.staging/server/mods/apocalypsenow-3.0.4NS-forge-1.20.1.jar
[24ago.2026 03:56:21.154] [main/DEBUG] [net.minecraftforge.fml.loading.moddiscovery.ModFileParser/LOADING]: Considering mod file candidate /home/pedro/Documentos/java/deceasedcraft/BigBangExpeditions/.staging/server/mods/ApothicAttributes-1.20.1-1.3.7.jar
[24ago.2026 03:56:21.156] [main/DEBUG] [net.minecraftforge.fml.loading.moddiscovery.ModFileParser/LOADING]: Considering mod file candidate /home/pedro/Documentos/java/deceasedcraft/BigBangExpeditions/.staging/server/mods/appleskin-forge-mc1.20.1-2.5.1.jar
[24ago.2026 03:56:21.158] [main/DEBUG] [net.minecraftforge.fml.loading.moddiscovery.ModFileParser/LOADING]: Considering mod file candidate /home/pedro/Documentos/java/deceasedcraft/BigBangExpeditions/.staging/server/mods/architectury-9.2.14-forge.jar
[24ago.2026 03:56:21.160] [main/DEBUG] [net.minecraftforge.fml.loading.moddiscovery.ModFileParser/LOADING]: Considering mod file candidate /home/pedro/Documentos/java/deceasedcraft/BigBangExpeditions/.staging/server/mods/armorpointspp-forge-1.20-3.1.1.jar
[24ago.2026 03:56:21.162] [main/DEBUG] [net.minecraftforge.fml.loading.moddiscovery.ModFileParser/LOADING]: Considering mod file candidate /home/pedro/Documentos/java/deceasedcraft/BigBangExpeditions/.staging/server/mods/artifacts-forge-9.5.16.jar
[24ago.2026 03:56:21.164] [main/DEBUG] [net.minecraftforge.fml.loading.moddiscovery.ModFileParser/LOADING]: Considering mod file candidate /home/pedro/Documentos/java/deceasedcraft/BigBangExpeditions/.staging/server/mods/Atlas Lib-1.20.1-1.1.12.jar
[24ago.2026 03:56:21.178] [main/DEBUG] [net.minecraftforge.fml.loading.moddiscovery.ModFileParser/LOADING]: Considering mod file candidate /home/pedro/Documentos/java/deceasedcraft/BigBangExpeditions/.staging/server/mods/AttributeFix-Forge-1.20.1-21.0.4.jar
[24ago.2026 03:56:21.180] [main/DEBUG] [net.minecraftforge.fml.loading.moddiscovery.ModFileParser/LOADING]: Considering mod file candidate /home/pedro/Documentos/java/deceasedcraft/BigBangExpeditions/.staging/server/mods/BadOptimizations-2.2.3-1.20.1.jar
[24ago.2026 03:56:21.181] [main/DEBUG] [net.minecraftforge.fml.loading.moddiscovery.ModFileParser/LOADING]: Considering mod file candidate /home/pedro/Documentos/java/deceasedcraft/BigBangExpeditions/.staging/server/mods/baguettelib-1.20.1-Forge-1.0.0.jar
[24ago.2026 03:56:21.182] [main/DEBUG] [net.minecraftforge.fml.loading.moddiscovery.ModFileParser/LOADING]: Considering mod file candidate /home/pedro/Documentos/java/deceasedcraft/BigBangExpeditions/.staging/server/mods/balm-forge-1.20.1-7.3.31-all.jar
[24ago.2026 03:56:21.183] [main/DEBUG] [net.minecraftforge.fml.loading.moddiscovery.ModFileParser/LOADING]: Considering mod file candidate /home/pedro/Documentos/java/deceasedcraft/BigBangExpeditions/.staging/server/mods/BeeFix-1.20-1.0.7.jar
[24ago.2026 03:56:21.184] [main/DEBUG] [net.minecraftforge.fml.loading.moddiscovery.ModFileParser/LOADING]: Considering mod file candidate /home/pedro/Documentos/java/deceasedcraft/BigBangExpeditions/.staging/server/mods/BetterAdvancements-Forge-1.20.1-0.4.2.10.jar
[24ago.2026 03:56:21.186] [main/DEBUG] [net.minecraftforge.fml.loading.moddiscovery.ModFileParser/LOADING]: Considering mod file candidate /home/pedro/Documentos/java/deceasedcraft/BigBangExpeditions/.staging/server/mods/betterbiomereblend-1.5.3.jar
[24ago.2026 03:56:21.190] [main/DEBUG] [net.minecraftforge.fml.loading.moddiscovery.ModFileParser/LOADING]: Considering mod file candidate /home/pedro/Documentos/java/deceasedcraft/BigBangExpeditions/.staging/server/mods/bettercombat-forge-1.8.6+1.20.1.jar
[24ago.2026 03:56:21.192] [main/DEBUG] [net.minecraftforge.fml.loading.moddiscovery.ModFileParser/LOADING]: Considering mod file candidate /home/pedro/Documentos/java/deceasedcraft/BigBangExpeditions/.staging/server/mods/BetterCompatibilityChecker-forge-4.0.8+mc1.20.1.jar
[24ago.2026 03:56:21.194] [main/DEBUG] [net.minecraftforge.fml.loading.moddiscovery.ModFileParser/LOADING]: Considering mod file candidate /home/pedro/Documentos/java/deceasedcraft/BigBangExpeditions/.staging/server/mods/BigBangExpeditions-1.0.0.jar
[24ago.2026 03:56:21.194] [main/DEBUG] [net.minecraftforge.fml.loading.moddiscovery.ModFileInfo/LOADING]: Found valid mod file BigBangExpeditions-1.0.0.jar with {bigbangexpeditions} mods - versions {1.0.0}
[24ago.2026 03:56:21.194] [main/DEBUG] [net.minecraftforge.fml.loading.moddiscovery.ModFileParser/LOADING]: Considering mod file candidate /home/pedro/Documentos/java/deceasedcraft/BigBangExpeditions/.staging/server/mods/binocularsmod-1.02.jar
[24ago.2026 03:56:21.195] [main/DEBUG] [net.minecraftforge.fml.loading.moddiscovery.ModFileParser/LOADING]: Considering mod file candidate /home/pedro/Documentos/java/deceasedcraft/BigBangExpeditions/.staging/server/mods/biomereplacer-2.1-hippo-forge.jar
[24ago.2026 03:56:21.196] [main/DEBUG] [net.minecraftforge.fml.loading.moddiscovery.ModFileParser/LOADING]: Considering mod file candidate /home/pedro/Documentos/java/deceasedcraft/BigBangExpeditions/.staging/server/mods/biomesize-1.20.1-1.5.jar
[24ago.2026 03:56:21.199] [main/DEBUG] [net.minecraftforge.fml.loading.moddiscovery.ModFileParser/LOADING]: Considering mod file candidate /home/pedro/Documentos/java/deceasedcraft/BigBangExpeditions/.staging/server/mods/BiomesOPlenty-forge-1.20.1-19.0.0.96.jar
[24ago.2026 03:56:21.200] [main/DEBUG] [net.minecraftforge.fml.loading.moddiscovery.ModFileParser/LOADING]: Considering mod file candidate /home/pedro/Documentos/java/deceasedcraft/BigBangExpeditions/.staging/server/mods/biomespawnpoint-1.20.1-2.4.jar
[24ago.2026 03:56:21.201] [main/DEBUG] [net.minecraftforge.fml.loading.moddiscovery.ModFileParser/LOADING]: Considering mod file candidate /home/pedro/Documentos/java/deceasedcraft/BigBangExpeditions/.staging/server/mods/bocchium-1.20.1-0.0.3.jar
[24ago.2026 03:56:21.207] [main/DEBUG] [net.minecraftforge.fml.loading.moddiscovery.ModFileParser/LOADING]: Considering mod file candidate /home/pedro/Documentos/java/deceasedcraft/BigBangExpeditions/.staging/server/mods/Bookshelf-Forge-1.20.1-20.2.13.jar
[24ago.2026 03:56:21.209] [main/DEBUG] [net.minecraftforge.fml.loading.moddiscovery.ModFileParser/LOADING]: Considering mod file candidate /home/pedro/Documentos/java/deceasedcraft/BigBangExpeditions/.staging/server/mods/botarium-forge-1.20.1-2.3.4.jar
[24ago.2026 03:56:21.212] [main/DEBUG] [net.minecraftforge.fml.loading.moddiscovery.ModFileParser/LOADING]: Considering mod file candidate /home/pedro/Documentos/java/deceasedcraft/BigBangExpeditions/.staging/server/mods/BuildersDelight-1.20.1-v.1.3.jar
[24ago.2026 03:56:21.213] [main/DEBUG] [net.minecraftforge.fml.loading.moddiscovery.ModFileParser/LOADING]: Considering mod file candidate /home/pedro/Documentos/java/deceasedcraft/BigBangExpeditions/.staging/server/mods/carryon-forge-1.20.1-2.1.2.7.jar
[24ago.2026 03:56:21.216] [main/DEBUG] [net.minecraftforge.fml.loading.moddiscovery.ModFileParser/LOADING]: Considering mod file candidate /home/pedro/Documentos/java/deceasedcraft/BigBangExpeditions/.staging/server/mods/catalogue-forge-1.20.1-1.8.0.jar
[24ago.2026 03:56:21.239] [main/DEBUG] [net.minecraftforge.fml.loading.moddiscovery.ModFileParser/LOADING]: Considering mod file candidate /home/pedro/Documentos/java/deceasedcraft/BigBangExpeditions/.staging/server/mods/cfm-forge-1.20.1-7.0.0-pre36.jar
[24ago.2026 03:56:21.240] [main/DEBUG] [net.minecraftforge.fml.loading.moddiscovery.ModFileParser/LOADING]: Considering mod file candidate /home/pedro/Documentos/java/deceasedcraft/BigBangExpeditions/.staging/server/mods/cfm_wap-1.20.1-forge-1.2.0.jar
[24ago.2026 03:56:21.242] [main/DEBUG] [net.minecraftforge.fml.loading.moddiscovery.ModFileParser/LOADING]: Considering mod file candidate /home/pedro/Documentos/java/deceasedcraft/BigBangExpeditions/.staging/server/mods/CGM-Unofficial-1.4.18+Forge+1.20.1.jar
[24ago.2026 03:56:21.243] [main/DEBUG] [net.minecraftforge.fml.loading.moddiscovery.ModFileParser/LOADING]: Considering mod file candidate /home/pedro/Documentos/java/deceasedcraft/BigBangExpeditions/.staging/server/mods/chalk-1.20.1-1.6.7.jar
[24ago.2026 03:56:21.244] [main/DEBUG] [net.minecraftforge.fml.loading.moddiscovery.ModFileParser/LOADING]: Considering mod file candidate /home/pedro/Documentos/java/deceasedcraft/BigBangExpeditions/.staging/server/mods/Chunky-1.3.146.jar
[24ago.2026 03:56:21.246] [main/DEBUG] [net.minecraftforge.fml.loading.moddiscovery.ModFileParser/LOADING]: Considering mod file candidate /home/pedro/Documentos/java/deceasedcraft/BigBangExpeditions/.staging/server/mods/cleanview-1.20.1-v1.jar
[24ago.2026 03:56:21.247] [main/DEBUG] [net.minecraftforge.fml.loading.moddiscovery.ModFileParser/LOADING]: Considering mod file candidate /home/pedro/Documentos/java/deceasedcraft/BigBangExpeditions/.staging/server/mods/ClickMachine-1.20.1-8.0.2.jar
[24ago.2026 03:56:21.248] [main/DEBUG] [net.minecraftforge.fml.loading.moddiscovery.ModFileParser/LOADING]: Considering mod file candidate /home/pedro/Documentos/java/deceasedcraft/BigBangExpeditions/.staging/server/mods/clientcrafting-1.20.1-1.8.jar
[24ago.2026 03:56:21.249] [main/DEBUG] [net.minecraftforge.fml.loading.moddiscovery.ModFileParser/LOADING]: Considering mod file candidate /home/pedro/Documentos/java/deceasedcraft/BigBangExpeditions/.staging/server/mods/cloth-config-11.1.136-forge.jar
[24ago.2026 03:56:21.249] [main/DEBUG] [net.minecraftforge.fml.loading.moddiscovery.ModFileParser/LOADING]: Considering mod file candidate /home/pedro/Documentos/java/deceasedcraft/BigBangExpeditions/.staging/server/mods/Clumps-forge-1.20.1-12.0.0.4.jar
[24ago.2026 03:56:21.251] [main/DEBUG] [net.minecraftforge.fml.loading.moddiscovery.ModFileParser/LOADING]: Considering mod file candidate /home/pedro/Documentos/java/deceasedcraft/BigBangExpeditions/.staging/server/mods/cobweb-forge-1.20.1-1.0.1.jar
[24ago.2026 03:56:21.252] [main/DEBUG] [net.minecraftforge.fml.loading.moddiscovery.ModFileParser/LOADING]: Considering mod file candidate /home/pedro/Documentos/java/deceasedcraft/BigBangExpeditions/.staging/server/mods/collective-1.20.1-8.3.jar
[24ago.2026 03:56:21.253] [main/DEBUG] [net.minecraftforge.fml.loading.moddiscovery.ModFileParser/LOADING]: Considering mod file candidate /home/pedro/Documentos/java/deceasedcraft/BigBangExpeditions/.staging/server/mods/comforts-forge-6.4.0+1.20.1.jar
[24ago.2026 03:56:21.256] [main/DEBUG] [net.minecraftforge.fml.loading.moddiscovery.ModFileParser/LOADING]: Considering mod file candidate /home/pedro/Documentos/java/deceasedcraft/BigBangExpeditions/.staging/server/mods/configured-forge-1.20.1-2.2.3.jar
[24ago.2026 03:56:21.258] [main/DEBUG] [net.minecraftforge.fml.loading.moddiscovery.ModFileParser/LOADING]: Considering mod file candidate /home/pedro/Documentos/java/deceasedcraft/BigBangExpeditions/.staging/server/mods/connectivity-1.20.1-7.2.jar
[24ago.2026 03:56:21.259] [main/DEBUG] [net.minecraftforge.fml.loading.moddiscovery.ModFileParser/LOADING]: Considering mod file candidate /home/pedro/Documentos/java/deceasedcraft/BigBangExpeditions/.staging/server/mods/Controlling-forge-1.20.1-12.0.2.jar
[24ago.2026 03:56:21.260] [main/DEBUG] [net.minecraftforge.fml.loading.moddiscovery.ModFileParser/LOADING]: Considering mod file candidate /home/pedro/Documentos/java/deceasedcraft/BigBangExpeditions/.staging/server/mods/Corgilib-Forge-1.20.1-4.0.3.4.jar
[24ago.2026 03:56:21.261] [main/DEBUG] [net.minecraftforge.fml.loading.moddiscovery.ModFileParser/LOADING]: Considering mod file candidate /home/pedro/Documentos/java/deceasedcraft/BigBangExpeditions/.staging/server/mods/coroutil-forge-1.20.1-1.3.7.jar
[24ago.2026 03:56:21.262] [main/DEBUG] [net.minecraftforge.fml.loading.moddiscovery.ModFileParser/LOADING]: Considering mod file candidate /home/pedro/Documentos/java/deceasedcraft/BigBangExpeditions/.staging/server/mods/corpse-forge-1.20.1-1.0.21.jar
[24ago.2026 03:56:21.263] [main/DEBUG] [net.minecraftforge.fml.loading.moddiscovery.ModFileParser/LOADING]: Considering mod file candidate /home/pedro/Documentos/java/deceasedcraft/BigBangExpeditions/.staging/server/mods/corpsecurioscompat-1.20.1-Forge-3.1.2.jar
[24ago.2026 03:56:21.265] [main/DEBUG] [net.minecraftforge.fml.loading.moddiscovery.ModFileParser/LOADING]: Considering mod file candidate /home/pedro/Documentos/java/deceasedcraft/BigBangExpeditions/.staging/server/mods/cosmeticarmorreworked-1.20.1-v1a.jar
[24ago.2026 03:56:21.266] [main/DEBUG] [net.minecraftforge.fml.loading.moddiscovery.ModFileParser/LOADING]: Considering mod file candidate /home/pedro/Documentos/java/deceasedcraft/BigBangExpeditions/.staging/server/mods/CraftPresence-2.7.0+1.20.1-forge.jar
[24ago.2026 03:56:21.270] [main/DEBUG] [net.minecraftforge.fml.loading.moddiscovery.ModFileParser/LOADING]: Considering mod file candidate /home/pedro/Documentos/java/deceasedcraft/BigBangExpeditions/.staging/server/mods/create-1.20.1-6.0.6.jar
[24ago.2026 03:56:21.272] [main/DEBUG] [net.minecraftforge.fml.loading.moddiscovery.ModFileParser/LOADING]: Considering mod file candidate /home/pedro/Documentos/java/deceasedcraft/BigBangExpeditions/.staging/server/mods/create-stuff-additions1.20.1_v2.1.0.jar
[24ago.2026 03:56:21.273] [main/DEBUG] [net.minecraftforge.fml.loading.moddiscovery.ModFileParser/LOADING]: Considering mod file candidate /home/pedro/Documentos/java/deceasedcraft/BigBangExpeditions/.staging/server/mods/create_central_kitchen-1.20.1-for-create-6.0.6-1.4.3b.jar
[24ago.2026 03:56:21.274] [main/DEBUG] [net.minecraftforge.fml.loading.moddiscovery.ModFileParser/LOADING]: Considering mod file candidate /home/pedro/Documentos/java/deceasedcraft/BigBangExpeditions/.staging/server/mods/create_hypertube-0.2.5-FORGE.jar
[24ago.2026 03:56:21.275] [main/DEBUG] [net.minecraftforge.fml.loading.moddiscovery.ModFileParser/LOADING]: Considering mod file candidate /home/pedro/Documentos/java/deceasedcraft/BigBangExpeditions/.staging/server/mods/createaddition-1.20.1-1.3.2.jar
[24ago.2026 03:56:21.276] [main/DEBUG] [net.minecraftforge.fml.loading.moddiscovery.ModFileParser/LOADING]: Considering mod file candidate /home/pedro/Documentos/java/deceasedcraft/BigBangExpeditions/.staging/server/mods/createbetterfps-1.20.1-1.1.1.jar
[24ago.2026 03:56:21.278] [main/DEBUG] [net.minecraftforge.fml.loading.moddiscovery.ModFileParser/LOADING]: Considering mod file candidate /home/pedro/Documentos/java/deceasedcraft/BigBangExpeditions/.staging/server/mods/createbigcannons-5.9.1-mc.1.20.1-forge.jar
[24ago.2026 03:56:21.281] [main/DEBUG] [net.minecraftforge.fml.loading.moddiscovery.ModFileParser/LOADING]: Considering mod file candidate /home/pedro/Documentos/java/deceasedcraft/BigBangExpeditions/.staging/server/mods/createdeco-2.0.3-1.20.1-forge.jar
[24ago.2026 03:56:21.282] [main/DEBUG] [net.minecraftforge.fml.loading.moddiscovery.ModFileParser/LOADING]: Considering mod file candidate /home/pedro/Documentos/java/deceasedcraft/BigBangExpeditions/.staging/server/mods/createdieselgenerators-1.20.1-1.3.5.jar
[24ago.2026 03:56:21.283] [main/DEBUG] [net.minecraftforge.fml.loading.moddiscovery.ModFileParser/LOADING]: Considering mod file candidate /home/pedro/Documentos/java/deceasedcraft/BigBangExpeditions/.staging/server/mods/createstuffadditionsfix-forge-1.20.1-0.0.0.1.jar
[24ago.2026 03:56:21.284] [main/DEBUG] [net.minecraftforge.fml.loading.moddiscovery.ModFileParser/LOADING]: Considering mod file candidate /home/pedro/Documentos/java/deceasedcraft/BigBangExpeditions/.staging/server/mods/CreativeCore_FORGE_v2.12.32_mc1.20.1.jar
[24ago.2026 03:56:21.285] [main/DEBUG] [net.minecraftforge.fml.loading.moddiscovery.ModFileParser/LOADING]: Considering mod file candidate /home/pedro/Documentos/java/deceasedcraft/BigBangExpeditions/.staging/server/mods/crittersandcompanions-forge-1.20.1-2.3.5.jar
[24ago.2026 03:56:21.286] [main/DEBUG] [net.minecraftforge.fml.loading.moddiscovery.ModFileParser/LOADING]: Considering mod file candidate /home/pedro/Documentos/java/deceasedcraft/BigBangExpeditions/.staging/server/mods/CullLessLeaves-Reforged-1.20.1-1.0.5.jar
[24ago.2026 03:56:21.287] [main/DEBUG] [net.minecraftforge.fml.loading.moddiscovery.ModFileParser/LOADING]: Considering mod file candidate /home/pedro/Documentos/java/deceasedcraft/BigBangExpeditions/.staging/server/mods/cupboard-1.20.1-2.7.jar
[24ago.2026 03:56:21.289] [main/DEBUG] [net.minecraftforge.fml.loading.moddiscovery.ModFileParser/LOADING]: Considering mod file candidate /home/pedro/Documentos/java/deceasedcraft/BigBangExpeditions/.staging/server/mods/curios-forge-5.14.1+1.20.1.jar
[24ago.2026 03:56:21.291] [main/DEBUG] [net.minecraftforge.fml.loading.moddiscovery.ModFileParser/LOADING]: Considering mod file candidate /home/pedro/Documentos/java/deceasedcraft/BigBangExpeditions/.staging/server/mods/CustomNPCs-1.20.1-GBPort-Unofficial-20251031.jar
[24ago.2026 03:56:21.293] [main/DEBUG] [net.minecraftforge.fml.loading.moddiscovery.ModFileParser/LOADING]: Considering mod file candidate /home/pedro/Documentos/java/deceasedcraft/BigBangExpeditions/.staging/server/mods/customportalapi-0.0.1-forge-1.20.jar
[24ago.2026 03:56:21.296] [main/DEBUG] [net.minecraftforge.fml.loading.moddiscovery.ModFileParser/LOADING]: Considering mod file candidate /home/pedro/Documentos/java/deceasedcraft/BigBangExpeditions/.staging/server/mods/DarkPaintings-Forge-1.20.1-17.0.4.jar
[24ago.2026 03:56:21.308] [main/DEBUG] [net.minecraftforge.fml.loading.moddiscovery.ModFileParser/LOADING]: Considering mod file candidate /home/pedro/Documentos/java/deceasedcraft/BigBangExpeditions/.staging/server/mods/DCTweaks_5.10.14.jar
[24ago.2026 03:56:21.310] [main/DEBUG] [net.minecraftforge.fml.loading.moddiscovery.ModFileParser/LOADING]: Considering mod file candidate /home/pedro/Documentos/java/deceasedcraft/BigBangExpeditions/.staging/server/mods/deceased_expansion-1.10-all.jar
[24ago.2026 03:56:21.311] [main/DEBUG] [net.minecraftforge.fml.loading.moddiscovery.ModFileParser/LOADING]: Considering mod file candidate /home/pedro/Documentos/java/deceasedcraft/BigBangExpeditions/.staging/server/mods/default-server-properties-forge-81.1.0.jar
[24ago.2026 03:56:21.311] [main/DEBUG] [net.minecraftforge.fml.loading.moddiscovery.ModFileParser/LOADING]: Considering mod file candidate /home/pedro/Documentos/java/deceasedcraft/BigBangExpeditions/.staging/server/mods/defaultoptions-forge-1.20.1-18.0.4.jar
[24ago.2026 03:56:21.312] [main/DEBUG] [net.minecraftforge.fml.loading.moddiscovery.ModFileParser/LOADING]: Considering mod file candidate /home/pedro/Documentos/java/deceasedcraft/BigBangExpeditions/.staging/server/mods/diet-forge-2.1.1+1.20.1.jar
[24ago.2026 03:56:21.313] [main/DEBUG] [net.minecraftforge.fml.loading.moddiscovery.ModFileParser/LOADING]: Considering mod file candidate /home/pedro/Documentos/java/deceasedcraft/BigBangExpeditions/.staging/server/mods/displaydelight-1.1.0.jar
[24ago.2026 03:56:21.314] [main/DEBUG] [net.minecraftforge.fml.loading.moddiscovery.ModFileParser/LOADING]: Considering mod file candidate /home/pedro/Documentos/java/deceasedcraft/BigBangExpeditions/.staging/server/mods/DragN_Vehicles-1.20.1-1.3.2.jar
[24ago.2026 03:56:21.315] [main/DEBUG] [net.minecraftforge.fml.loading.moddiscovery.ModFileParser/LOADING]: Considering mod file candidate /home/pedro/Documentos/java/deceasedcraft/BigBangExpeditions/.staging/server/mods/dummmmmmy-1.20-2.0.9.jar
[24ago.2026 03:56:21.315] [main/DEBUG] [net.minecraftforge.fml.loading.moddiscovery.ModFileParser/LOADING]: Considering mod file candidate /home/pedro/Documentos/java/deceasedcraft/BigBangExpeditions/.staging/server/mods/durabilitytooltip-1.1.6-forge-mc1.20.jar
[24ago.2026 03:56:21.316] [main/DEBUG] [net.minecraftforge.fml.loading.moddiscovery.ModFileParser/LOADING]: Considering mod file candidate /home/pedro/Documentos/java/deceasedcraft/BigBangExpeditions/.staging/server/mods/e4mc_minecraft-forge-5.4.1.jar
[24ago.2026 03:56:21.317] [main/DEBUG] [net.minecraftforge.fml.loading.moddiscovery.ModFileParser/LOADING]: Considering mod file candidate /home/pedro/Documentos/java/deceasedcraft/BigBangExpeditions/.staging/server/mods/eh1.3.1-1.20.1.jar
[24ago.2026 03:56:21.322] [main/DEBUG] [net.minecraftforge.fml.loading.moddiscovery.ModFileParser/LOADING]: Considering mod file candidate /home/pedro/Documentos/java/deceasedcraft/BigBangExpeditions/.staging/server/mods/embellishcraft-1.20.1-7.0.0.0.jar
[24ago.2026 03:56:21.325] [main/DEBUG] [net.minecraftforge.fml.loading.moddiscovery.ModFileParser/LOADING]: Considering mod file candidate /home/pedro/Documentos/java/deceasedcraft/BigBangExpeditions/.staging/server/mods/EnchantmentDescriptions-Forge-1.20.1-17.1.19.jar
[24ago.2026 03:56:21.326] [main/DEBUG] [net.minecraftforge.fml.loading.moddiscovery.ModFileParser/LOADING]: Considering mod file candidate /home/pedro/Documentos/java/deceasedcraft/BigBangExpeditions/.staging/server/mods/EngineeredSchematics-1.2.3.jar
[24ago.2026 03:56:21.327] [main/DEBUG] [net.minecraftforge.fml.loading.moddiscovery.ModFileParser/LOADING]: Considering mod file candidate /home/pedro/Documentos/java/deceasedcraft/BigBangExpeditions/.staging/server/mods/Engineers Delight 1.20.1 B.1.4.jar
[24ago.2026 03:56:21.328] [main/DEBUG] [net.minecraftforge.fml.loading.moddiscovery.ModFileParser/LOADING]: Considering mod file candidate /home/pedro/Documentos/java/deceasedcraft/BigBangExpeditions/.staging/server/mods/enhancedai-2.6.8.jar
[24ago.2026 03:56:21.328] [main/DEBUG] [net.minecraftforge.fml.loading.moddiscovery.ModFileParser/LOADING]: Considering mod file candidate /home/pedro/Documentos/java/deceasedcraft/BigBangExpeditions/.staging/server/mods/entityculling-forge-1.9.4-mc1.20.1.jar
[24ago.2026 03:56:21.329] [main/DEBUG] [net.minecraftforge.fml.loading.moddiscovery.ModFileParser/LOADING]: Considering mod file candidate /home/pedro/Documentos/java/deceasedcraft/BigBangExpeditions/.staging/server/mods/entityjs-0.5.9-1.20.1.jar
[24ago.2026 03:56:21.329] [main/DEBUG] [net.minecraftforge.fml.loading.moddiscovery.ModFileParser/LOADING]: Considering mod file candidate /home/pedro/Documentos/java/deceasedcraft/BigBangExpeditions/.staging/server/mods/EquipmentCompare-1.20.1-forge-1.3.7.jar
[24ago.2026 03:56:21.330] [main/DEBUG] [net.minecraftforge.fml.loading.moddiscovery.ModFileParser/LOADING]: Considering mod file candidate /home/pedro/Documentos/java/deceasedcraft/BigBangExpeditions/.staging/server/mods/EuphoriaPatcher-1.7.8-r5.6.1-forge.jar
[24ago.2026 03:56:21.331] [main/DEBUG] [net.minecraftforge.fml.loading.moddiscovery.ModFileParser/LOADING]: Considering mod file candidate /home/pedro/Documentos/java/deceasedcraft/BigBangExpeditions/.staging/server/mods/expandability-9.0.4.jar
[24ago.2026 03:56:21.338] [main/DEBUG] [net.minecraftforge.fml.loading.moddiscovery.ModFileParser/LOADING]: Considering mod file candidate /home/pedro/Documentos/java/deceasedcraft/BigBangExpeditions/.staging/server/mods/explosiveenhancement-1.1.0-1.20.1-client-and-server.jar
[24ago.2026 03:56:21.339] [main/DEBUG] [net.minecraftforge.fml.loading.moddiscovery.ModFileParser/LOADING]: Considering mod file candidate /home/pedro/Documentos/java/deceasedcraft/BigBangExpeditions/.staging/server/mods/exposure-1.20.1-1.7.16-forge.jar
[24ago.2026 03:56:21.340] [main/DEBUG] [net.minecraftforge.fml.loading.moddiscovery.ModFileParser/LOADING]: Considering mod file candidate /home/pedro/Documentos/java/deceasedcraft/BigBangExpeditions/.staging/server/mods/extragore-1.20.1-5.2.3.1.jar
[24ago.2026 03:56:21.341] [main/DEBUG] [net.minecraftforge.fml.loading.moddiscovery.ModFileParser/LOADING]: Considering mod file candidate /home/pedro/Documentos/java/deceasedcraft/BigBangExpeditions/.staging/server/mods/ExtremeReactors2-1.20.1-2.0.94.jar
[24ago.2026 03:56:21.342] [main/DEBUG] [net.minecraftforge.fml.loading.moddiscovery.ModFileParser/LOADING]: Considering mod file candidate /home/pedro/Documentos/java/deceasedcraft/BigBangExpeditions/.staging/server/mods/ExtremeSoundMuffler-3.49.2-forge-1.20.1.jar
[24ago.2026 03:56:21.343] [main/DEBUG] [net.minecraftforge.fml.loading.moddiscovery.ModFileParser/LOADING]: Considering mod file candidate /home/pedro/Documentos/java/deceasedcraft/BigBangExpeditions/.staging/server/mods/ezvcsurvival-forge-1.20.1-1.4.2.jar
[24ago.2026 03:56:21.343] [main/DEBUG] [net.minecraftforge.fml.loading.moddiscovery.ModFileParser/LOADING]: Considering mod file candidate /home/pedro/Documentos/java/deceasedcraft/BigBangExpeditions/.staging/server/mods/fancytrinkets-1.20-3.0.5.jar
[24ago.2026 03:56:21.344] [main/DEBUG] [net.minecraftforge.fml.loading.moddiscovery.ModFileParser/LOADING]: Considering mod file candidate /home/pedro/Documentos/java/deceasedcraft/BigBangExpeditions/.staging/server/mods/FarmersDelight-1.20.1-1.2.9.jar
[24ago.2026 03:56:21.345] [main/DEBUG] [net.minecraftforge.fml.loading.moddiscovery.ModFileParser/LOADING]: Considering mod file candidate /home/pedro/Documentos/java/deceasedcraft/BigBangExpeditions/.staging/server/mods/fastasyncworldsave-1.20.1-2.6.jar
[24ago.2026 03:56:21.346] [main/DEBUG] [net.minecraftforge.fml.loading.moddiscovery.ModFileParser/LOADING]: Considering mod file candidate /home/pedro/Documentos/java/deceasedcraft/BigBangExpeditions/.staging/server/mods/fastboot-1.20.x-1.2.jar
[24ago.2026 03:56:21.347] [main/DEBUG] [net.minecraftforge.fml.loading.moddiscovery.ModFileParser/LOADING]: Considering mod file candidate /home/pedro/Documentos/java/deceasedcraft/BigBangExpeditions/.staging/server/mods/FastFurnace-1.20.1-8.0.2.jar
[24ago.2026 03:56:21.347] [main/DEBUG] [net.minecraftforge.fml.loading.moddiscovery.ModFileParser/LOADING]: Considering mod file candidate /home/pedro/Documentos/java/deceasedcraft/BigBangExpeditions/.staging/server/mods/FastLeafDecay-32.jar
[24ago.2026 03:56:21.349] [main/DEBUG] [net.minecraftforge.fml.loading.moddiscovery.ModFileParser/LOADING]: Considering mod file candidate /home/pedro/Documentos/java/deceasedcraft/BigBangExpeditions/.staging/server/mods/Fastload-Reforged-mc1.20.1-3.4.0.jar
[24ago.2026 03:56:21.350] [main/DEBUG] [net.minecraftforge.fml.loading.moddiscovery.ModFileParser/LOADING]: Considering mod file candidate /home/pedro/Documentos/java/deceasedcraft/BigBangExpeditions/.staging/server/mods/fastpaintings-1.20-1.2.7.jar
[24ago.2026 03:56:21.351] [main/DEBUG] [net.minecraftforge.fml.loading.moddiscovery.ModFileParser/LOADING]: Considering mod file candidate /home/pedro/Documentos/java/deceasedcraft/BigBangExpeditions/.staging/server/mods/FastSuite-1.20.1-5.1.0.jar
[24ago.2026 03:56:21.351] [main/DEBUG] [net.minecraftforge.fml.loading.moddiscovery.ModFileParser/LOADING]: Considering mod file candidate /home/pedro/Documentos/java/deceasedcraft/BigBangExpeditions/.staging/server/mods/FastWorkbench-1.20.1-8.0.4.jar
[24ago.2026 03:56:21.354] [main/DEBUG] [net.minecraftforge.fml.loading.moddiscovery.ModFileParser/LOADING]: Considering mod file candidate /home/pedro/Documentos/java/deceasedcraft/BigBangExpeditions/.staging/server/mods/ferritecore-6.0.1-forge.jar
[24ago.2026 03:56:21.355] [main/DEBUG] [net.minecraftforge.fml.loading.moddiscovery.ModFileParser/LOADING]: Considering mod file candidate /home/pedro/Documentos/java/deceasedcraft/BigBangExpeditions/.staging/server/mods/flerovium-forge-1.20.1-1.2.16-all.jar
[24ago.2026 03:56:21.356] [main/DEBUG] [net.minecraftforge.fml.loading.moddiscovery.ModFileParser/LOADING]: Considering mod file candidate /home/pedro/Documentos/java/deceasedcraft/BigBangExpeditions/.staging/server/mods/flickerfix-1.20.1-4.0.1.jar
[24ago.2026 03:56:21.358] [main/DEBUG] [net.minecraftforge.fml.loading.moddiscovery.ModFileParser/LOADING]: Considering mod file candidate /home/pedro/Documentos/java/deceasedcraft/BigBangExpeditions/.staging/server/mods/framework-forge-1.20.1-0.7.15.jar
[24ago.2026 03:56:21.360] [main/DEBUG] [net.minecraftforge.fml.loading.moddiscovery.ModFileParser/LOADING]: Considering mod file candidate /home/pedro/Documentos/java/deceasedcraft/BigBangExpeditions/.staging/server/mods/ftb-library-forge-2001.2.10.jar
[24ago.2026 03:56:21.362] [main/DEBUG] [net.minecraftforge.fml.loading.moddiscovery.ModFileParser/LOADING]: Considering mod file candidate /home/pedro/Documentos/java/deceasedcraft/BigBangExpeditions/.staging/server/mods/ftb-quests-forge-2001.4.16.jar
[24ago.2026 03:56:21.364] [main/DEBUG] [net.minecraftforge.fml.loading.moddiscovery.ModFileParser/LOADING]: Considering mod file candidate /home/pedro/Documentos/java/deceasedcraft/BigBangExpeditions/.staging/server/mods/ftb-teams-forge-2001.3.1.jar
[24ago.2026 03:56:21.366] [main/DEBUG] [net.minecraftforge.fml.loading.moddiscovery.ModFileParser/LOADING]: Considering mod file candidate /home/pedro/Documentos/java/deceasedcraft/BigBangExpeditions/.staging/server/mods/ftb-xmod-compat-forge-2.1.3.jar
[24ago.2026 03:56:21.367] [main/DEBUG] [net.minecraftforge.fml.loading.moddiscovery.ModFileParser/LOADING]: Considering mod file candidate /home/pedro/Documentos/java/deceasedcraft/BigBangExpeditions/.staging/server/mods/gamediscs-0.3.2-forge.jar
[24ago.2026 03:56:21.369] [main/DEBUG] [net.minecraftforge.fml.loading.moddiscovery.ModFileParser/LOADING]: Considering mod file candidate /home/pedro/Documentos/java/deceasedcraft/BigBangExpeditions/.staging/server/mods/geckolib-forge-1.20.1-4.7.jar
[24ago.2026 03:56:21.369] [main/DEBUG] [net.minecraftforge.fml.loading.moddiscovery.ModFileParser/LOADING]: Considering mod file candidate /home/pedro/Documentos/java/deceasedcraft/BigBangExpeditions/.staging/server/mods/getittogetherdrops-forge-1.20-1.3.jar
[24ago.2026 03:56:21.371] [main/DEBUG] [net.minecraftforge.fml.loading.moddiscovery.ModFileParser/LOADING]: Considering mod file candidate /home/pedro/Documentos/java/deceasedcraft/BigBangExpeditions/.staging/server/mods/GlitchCore-forge-1.20.1-0.0.1.1.jar
[24ago.2026 03:56:21.373] [main/DEBUG] [net.minecraftforge.fml.loading.moddiscovery.ModFileParser/LOADING]: Considering mod file candidate /home/pedro/Documentos/java/deceasedcraft/BigBangExpeditions/.staging/server/mods/GlobalGameRules-1.20.1-8.1.0.12.jar
[24ago.2026 03:56:21.374] [main/DEBUG] [net.minecraftforge.fml.loading.moddiscovery.ModFileParser/LOADING]: Considering mod file candidate /home/pedro/Documentos/java/deceasedcraft/BigBangExpeditions/.staging/server/mods/GPUTape-1.18x-1.21x-1.0.5.1-forge.jar
[24ago.2026 03:56:21.375] [main/DEBUG] [net.minecraftforge.fml.loading.moddiscovery.ModFileParser/LOADING]: Considering mod file candidate /home/pedro/Documentos/java/deceasedcraft/BigBangExpeditions/.staging/server/mods/harvest-with-ease-forge-1.20.1-9.4.0.jar
[24ago.2026 03:56:21.376] [main/DEBUG] [net.minecraftforge.fml.loading.moddiscovery.ModFileParser/LOADING]: Considering mod file candidate /home/pedro/Documentos/java/deceasedcraft/BigBangExpeditions/.staging/server/mods/Highlighter-1.20.1-forge-1.1.9.jar
[24ago.2026 03:56:21.377] [main/DEBUG] [net.minecraftforge.fml.loading.moddiscovery.ModFileParser/LOADING]: Considering mod file candidate /home/pedro/Documentos/java/deceasedcraft/BigBangExpeditions/.staging/server/mods/horror_element_mod-1.6.2-forge-1.20.1.jar
[24ago.2026 03:56:21.377] [main/DEBUG] [net.minecraftforge.fml.loading.moddiscovery.ModFileParser/LOADING]: Considering mod file candidate /home/pedro/Documentos/java/deceasedcraft/BigBangExpeditions/.staging/server/mods/Iceberg-1.20.1-forge-1.1.25.jar
[24ago.2026 03:56:21.378] [main/DEBUG] [net.minecraftforge.fml.loading.moddiscovery.ModFileParser/LOADING]: Considering mod file candidate /home/pedro/Documentos/java/deceasedcraft/BigBangExpeditions/.staging/server/mods/Icterine-forge-1.20.0-1-1.3.0.jar
[24ago.2026 03:56:21.379] [main/DEBUG] [net.minecraftforge.fml.loading.moddiscovery.ModFileParser/LOADING]: Considering mod file candidate /home/pedro/Documentos/java/deceasedcraft/BigBangExpeditions/.staging/server/mods/ImmediatelyFast-Forge-1.5.1+1.20.4.jar
[24ago.2026 03:56:21.380] [main/DEBUG] [net.minecraftforge.fml.loading.moddiscovery.ModFileParser/LOADING]: Considering mod file candidate /home/pedro/Documentos/java/deceasedcraft/BigBangExpeditions/.staging/server/mods/immersive_aircraft-1.4.0+1.20.1-forge.jar
[24ago.2026 03:56:21.380] [main/DEBUG] [net.minecraftforge.fml.loading.moddiscovery.ModFileParser/LOADING]: Considering mod file candidate /home/pedro/Documentos/java/deceasedcraft/BigBangExpeditions/.staging/server/mods/immersive_optimization-forge-1.20.1-0.1.0.jar
[24ago.2026 03:56:21.405] [main/DEBUG] [net.minecraftforge.fml.loading.moddiscovery.ModFileParser/LOADING]: Considering mod file candidate /home/pedro/Documentos/java/deceasedcraft/BigBangExpeditions/.staging/server/mods/ImmersiveEngineering-1.20.1-10.2.0-183.jar
[24ago.2026 03:56:21.406] [main/DEBUG] [net.minecraftforge.fml.loading.moddiscovery.ModFileParser/LOADING]: Considering mod file candidate /home/pedro/Documentos/java/deceasedcraft/BigBangExpeditions/.staging/server/mods/immersivefixes-1.0.3-all.jar
[24ago.2026 03:56:21.407] [main/DEBUG] [net.minecraftforge.fml.loading.moddiscovery.ModFileParser/LOADING]: Considering mod file candidate /home/pedro/Documentos/java/deceasedcraft/BigBangExpeditions/.staging/server/mods/immersivelanterns-forge-1.0.6-1.20.1.jar
[24ago.2026 03:56:21.408] [main/DEBUG] [net.minecraftforge.fml.loading.moddiscovery.ModFileParser/LOADING]: Considering mod file candidate /home/pedro/Documentos/java/deceasedcraft/BigBangExpeditions/.staging/server/mods/ImmersiveUI-FORGE-0.3.0.jar
[24ago.2026 03:56:21.408] [main/DEBUG] [net.minecraftforge.fml.loading.moddiscovery.ModFileParser/LOADING]: Considering mod file candidate /home/pedro/Documentos/java/deceasedcraft/BigBangExpeditions/.staging/server/mods/incontrol-1.20-9.4.5.jar
[24ago.2026 03:56:21.409] [main/DEBUG] [net.minecraftforge.fml.loading.moddiscovery.ModFileParser/LOADING]: Considering mod file candidate /home/pedro/Documentos/java/deceasedcraft/BigBangExpeditions/.staging/server/mods/insanelib-1.21.14.jar
[24ago.2026 03:56:21.410] [main/DEBUG] [net.minecraftforge.fml.loading.moddiscovery.ModFileParser/LOADING]: Considering mod file candidate /home/pedro/Documentos/java/deceasedcraft/BigBangExpeditions/.staging/server/mods/interiors-0.5.6+forge-mc1.20.1-local.jar
[24ago.2026 03:56:21.410] [main/DEBUG] [net.minecraftforge.fml.loading.moddiscovery.ModFileParser/LOADING]: Considering mod file candidate /home/pedro/Documentos/java/deceasedcraft/BigBangExpeditions/.staging/server/mods/inventoryhud.forge.1.20.1-3.4.26.jar
[24ago.2026 03:56:21.411] [main/DEBUG] [net.minecraftforge.fml.loading.moddiscovery.ModFileParser/LOADING]: Considering mod file candidate /home/pedro/Documentos/java/deceasedcraft/BigBangExpeditions/.staging/server/mods/item-filters-forge-2001.1.0-build.59.jar
[24ago.2026 03:56:21.412] [main/DEBUG] [net.minecraftforge.fml.loading.moddiscovery.ModFileParser/LOADING]: Considering mod file candidate /home/pedro/Documentos/java/deceasedcraft/BigBangExpeditions/.staging/server/mods/item_scrapper-1.2.9.jar
[24ago.2026 03:56:21.413] [main/DEBUG] [net.minecraftforge.fml.loading.moddiscovery.ModFileParser/LOADING]: Considering mod file candidate /home/pedro/Documentos/java/deceasedcraft/BigBangExpeditions/.staging/server/mods/jei-1.20.1-forge-15.20.0.112.jar
[24ago.2026 03:56:21.413] [main/DEBUG] [net.minecraftforge.fml.loading.moddiscovery.ModFileParser/LOADING]: Considering mod file candidate /home/pedro/Documentos/java/deceasedcraft/BigBangExpeditions/.staging/server/mods/jeimultiblocks-1.20.1-1.0.6.jar
[24ago.2026 03:56:21.414] [main/DEBUG] [net.minecraftforge.fml.loading.moddiscovery.ModFileParser/LOADING]: Considering mod file candidate /home/pedro/Documentos/java/deceasedcraft/BigBangExpeditions/.staging/server/mods/jsconf-1.1.1.jar
[24ago.2026 03:56:21.415] [main/DEBUG] [net.minecraftforge.fml.loading.moddiscovery.ModFileParser/LOADING]: Considering mod file candidate /home/pedro/Documentos/java/deceasedcraft/BigBangExpeditions/.staging/server/mods/JustOutdoorStuffs-1.20.1-forge-v1.0.2.jar
[24ago.2026 03:56:21.416] [main/DEBUG] [net.minecraftforge.fml.loading.moddiscovery.ModFileParser/LOADING]: Considering mod file candidate /home/pedro/Documentos/java/deceasedcraft/BigBangExpeditions/.staging/server/mods/konkrete_forge_1.8.0_MC_1.20-1.20.1.jar
[24ago.2026 03:56:21.482] [main/DEBUG] [net.minecraftforge.fml.loading.moddiscovery.ModFileParser/LOADING]: Considering mod file candidate /home/pedro/Documentos/java/deceasedcraft/BigBangExpeditions/.staging/server/mods/kubejs-create-forge-2001.3.0-build.8.jar
[24ago.2026 03:56:21.483] [main/DEBUG] [net.minecraftforge.fml.loading.moddiscovery.ModFileParser/LOADING]: Considering mod file candidate /home/pedro/Documentos/java/deceasedcraft/BigBangExpeditions/.staging/server/mods/kubejs-forge-2001.6.5-build.16.jar
[24ago.2026 03:56:21.484] [main/DEBUG] [net.minecraftforge.fml.loading.moddiscovery.ModFileParser/LOADING]: Considering mod file candidate /home/pedro/Documentos/java/deceasedcraft/BigBangExpeditions/.staging/server/mods/legendarysurvivaloverhaul-1.20.1-2.3.23.1.jar
[24ago.2026 03:56:21.485] [main/DEBUG] [net.minecraftforge.fml.loading.moddiscovery.ModFileParser/LOADING]: Considering mod file candidate /home/pedro/Documentos/java/deceasedcraft/BigBangExpeditions/.staging/server/mods/legendarytabs-1.20.1-1.1.3.1.jar
[24ago.2026 03:56:21.486] [main/DEBUG] [net.minecraftforge.fml.loading.moddiscovery.ModFileParser/LOADING]: Considering mod file candidate /home/pedro/Documentos/java/deceasedcraft/BigBangExpeditions/.staging/server/mods/letmedespawn-1.20.x-forge-1.5.0.jar
[24ago.2026 03:56:21.487] [main/DEBUG] [net.minecraftforge.fml.loading.moddiscovery.ModFileParser/LOADING]: Considering mod file candidate /home/pedro/Documentos/java/deceasedcraft/BigBangExpeditions/.staging/server/mods/letsdo-API-forge-1.2.15-forge.jar
[24ago.2026 03:56:21.488] [main/DEBUG] [net.minecraftforge.fml.loading.moddiscovery.ModFileParser/LOADING]: Considering mod file candidate /home/pedro/Documentos/java/deceasedcraft/BigBangExpeditions/.staging/server/mods/letsdo-bakery-forge-1.1.15.jar
[24ago.2026 03:56:21.489] [main/DEBUG] [net.minecraftforge.fml.loading.moddiscovery.ModFileParser/LOADING]: Considering mod file candidate /home/pedro/Documentos/java/deceasedcraft/BigBangExpeditions/.staging/server/mods/letsdo-vinery-forge-1.4.39.jar
[24ago.2026 03:56:21.489] [main/DEBUG] [net.minecraftforge.fml.loading.moddiscovery.ModFileParser/LOADING]: Considering mod file candidate /home/pedro/Documentos/java/deceasedcraft/BigBangExpeditions/.staging/server/mods/lmft-1.0.4+1.20.1-forge.jar
[24ago.2026 03:56:21.490] [main/DEBUG] [net.minecraftforge.fml.loading.moddiscovery.ModFileParser/LOADING]: Considering mod file candidate /home/pedro/Documentos/java/deceasedcraft/BigBangExpeditions/.staging/server/mods/Log-Begone-Forge-1.20.1-1.0.8.jar
[24ago.2026 03:56:21.490] [main/DEBUG] [net.minecraftforge.fml.loading.moddiscovery.ModFileParser/LOADING]: Considering mod file candidate /home/pedro/Documentos/java/deceasedcraft/BigBangExpeditions/.staging/server/mods/LongerChatHistory-1.3-Forge.jar
[24ago.2026 03:56:21.491] [main/DEBUG] [net.minecraftforge.fml.loading.moddiscovery.ModFileParser/LOADING]: Considering mod file candidate /home/pedro/Documentos/java/deceasedcraft/BigBangExpeditions/.staging/server/mods/Loot Journal-forge-1.20.1-5.0.1.jar
[24ago.2026 03:56:21.492] [main/DEBUG] [net.minecraftforge.fml.loading.moddiscovery.ModFileParser/LOADING]: Considering mod file candidate /home/pedro/Documentos/java/deceasedcraft/BigBangExpeditions/.staging/server/mods/lootr-forge-1.20-0.7.35.94.jar
[24ago.2026 03:56:21.492] [main/DEBUG] [net.minecraftforge.fml.loading.moddiscovery.ModFileParser/LOADING]: Considering mod file candidate /home/pedro/Documentos/java/deceasedcraft/BigBangExpeditions/.staging/server/mods/lostcities-1.20-7.4.11.jar
[24ago.2026 03:56:21.492] [main/DEBUG] [net.minecraftforge.fml.loading.moddiscovery.ModFileInfo/LOADING]: Found valid mod file lostcities-1.20-7.4.11.jar with {lostcities} mods - versions {1.20-7.4.11}
[24ago.2026 03:56:21.493] [main/DEBUG] [net.minecraftforge.fml.loading.moddiscovery.ModFileParser/LOADING]: Considering mod file candidate /home/pedro/Documentos/java/deceasedcraft/BigBangExpeditions/.staging/server/mods/lostradar-1.20-1.1.0.jar
[24ago.2026 03:56:21.493] [main/DEBUG] [net.minecraftforge.fml.loading.moddiscovery.ModFileParser/LOADING]: Considering mod file candidate /home/pedro/Documentos/java/deceasedcraft/BigBangExpeditions/.staging/server/mods/lostsouls-1.20-4.1.6.jar
[24ago.2026 03:56:21.494] [main/DEBUG] [net.minecraftforge.fml.loading.moddiscovery.ModFileParser/LOADING]: Considering mod file candidate /home/pedro/Documentos/java/deceasedcraft/BigBangExpeditions/.staging/server/mods/lostworlds-1.20-0.0.3.jar
[24ago.2026 03:56:21.494] [main/DEBUG] [net.minecraftforge.fml.loading.moddiscovery.ModFileParser/LOADING]: Considering mod file candidate /home/pedro/Documentos/java/deceasedcraft/BigBangExpeditions/.staging/server/mods/mapperbase-1.20.1-6.0.0.0.jar
[24ago.2026 03:56:21.497] [main/DEBUG] [net.minecraftforge.fml.loading.moddiscovery.ModFileParser/LOADING]: Considering mod file candidate /home/pedro/Documentos/java/deceasedcraft/BigBangExpeditions/.staging/server/mods/MaxHealthFix-Forge-1.20.1-12.0.3.jar
[24ago.2026 03:56:21.498] [main/DEBUG] [net.minecraftforge.fml.loading.moddiscovery.ModFileParser/LOADING]: Considering mod file candidate /home/pedro/Documentos/java/deceasedcraft/BigBangExpeditions/.staging/server/mods/mcjtylib-1.20-8.0.7.jar
[24ago.2026 03:56:21.498] [main/DEBUG] [net.minecraftforge.fml.loading.moddiscovery.ModFileParser/LOADING]: Considering mod file candidate /home/pedro/Documentos/java/deceasedcraft/BigBangExpeditions/.staging/server/mods/MCreatorMemFix-1.0.4.jar
[24ago.2026 03:56:21.499] [main/DEBUG] [net.minecraftforge.fml.loading.moddiscovery.ModFileParser/LOADING]: Considering mod file candidate /home/pedro/Documentos/java/deceasedcraft/BigBangExpeditions/.staging/server/mods/MCT-RS-Mixin-1.20.1-1.0.0-b400-release.jar
[24ago.2026 03:56:21.499] [main/DEBUG] [net.minecraftforge.fml.loading.moddiscovery.ModFileParser/LOADING]: Considering mod file candidate /home/pedro/Documentos/java/deceasedcraft/BigBangExpeditions/.staging/server/mods/MEED-1.20.1-6.7.jar
[24ago.2026 03:56:21.500] [main/DEBUG] [net.minecraftforge.fml.loading.moddiscovery.ModFileParser/LOADING]: Considering mod file candidate /home/pedro/Documentos/java/deceasedcraft/BigBangExpeditions/.staging/server/mods/melody_forge_1.0.3_MC_1.20.1-1.20.4.jar
[24ago.2026 03:56:21.500] [main/DEBUG] [net.minecraftforge.fml.loading.moddiscovery.ModFileParser/LOADING]: Considering mod file candidate /home/pedro/Documentos/java/deceasedcraft/BigBangExpeditions/.staging/server/mods/MergeEnchantments-FORGE-1.20.[0-4]-v4.3.jar
[24ago.2026 03:56:21.501] [main/DEBUG] [net.minecraftforge.fml.loading.moddiscovery.ModFileParser/LOADING]: Considering mod file candidate /home/pedro/Documentos/java/deceasedcraft/BigBangExpeditions/.staging/server/mods/MOAdecor ART 1.20.1.jar
[24ago.2026 03:56:21.502] [main/DEBUG] [net.minecraftforge.fml.loading.moddiscovery.ModFileParser/LOADING]: Considering mod file candidate /home/pedro/Documentos/java/deceasedcraft/BigBangExpeditions/.staging/server/mods/MOAdecor BATH 1.20.1.jar
[24ago.2026 03:56:21.502] [main/DEBUG] [net.minecraftforge.fml.loading.moddiscovery.ModFileParser/LOADING]: Considering mod file candidate /home/pedro/Documentos/java/deceasedcraft/BigBangExpeditions/.staging/server/mods/MOAdecor SCIENCE 1.20.1.jar
[24ago.2026 03:56:21.503] [main/DEBUG] [net.minecraftforge.fml.loading.moddiscovery.ModFileParser/LOADING]: Considering mod file candidate /home/pedro/Documentos/java/deceasedcraft/BigBangExpeditions/.staging/server/mods/mobsunscreen-forge-1.20.1-3.1.1.jar
[24ago.2026 03:56:21.503] [main/DEBUG] [net.minecraftforge.fml.loading.moddiscovery.ModFileParser/LOADING]: Considering mod file candidate /home/pedro/Documentos/java/deceasedcraft/BigBangExpeditions/.staging/server/mods/mobtimizations-forge-1.20.1-1.0.0.jar
[24ago.2026 03:56:21.504] [main/DEBUG] [net.minecraftforge.fml.loading.moddiscovery.ModFileParser/LOADING]: Considering mod file candidate /home/pedro/Documentos/java/deceasedcraft/BigBangExpeditions/.staging/server/mods/modelfix-1.15.jar
[24ago.2026 03:56:21.504] [main/DEBUG] [net.minecraftforge.fml.loading.moddiscovery.ModFileParser/LOADING]: Considering mod file candidate /home/pedro/Documentos/java/deceasedcraft/BigBangExpeditions/.staging/server/mods/modernfix-forge-5.25.1+mc1.20.1.jar
[24ago.2026 03:56:21.505] [main/DEBUG] [net.minecraftforge.fml.loading.moddiscovery.ModFileParser/LOADING]: Considering mod file candidate /home/pedro/Documentos/java/deceasedcraft/BigBangExpeditions/.staging/server/mods/moonlight-1.20-2.14.13-forge.jar
[24ago.2026 03:56:21.506] [main/DEBUG] [net.minecraftforge.fml.loading.moddiscovery.ModFileParser/LOADING]: Considering mod file candidate /home/pedro/Documentos/java/deceasedcraft/BigBangExpeditions/.staging/server/mods/MouseTweaks-forge-mc1.20.1-2.25.1.jar
[24ago.2026 03:56:21.506] [main/DEBUG] [net.minecraftforge.fml.loading.moddiscovery.ModFileParser/LOADING]: Considering mod file candidate /home/pedro/Documentos/java/deceasedcraft/BigBangExpeditions/.staging/server/mods/MRU-1.0.4+1.20.1+forge.jar
[24ago.2026 03:56:21.507] [main/DEBUG] [net.minecraftforge.fml.loading.moddiscovery.ModFileParser/LOADING]: Considering mod file candidate /home/pedro/Documentos/java/deceasedcraft/BigBangExpeditions/.staging/server/mods/Nameless Trinkets-1.20.1-1.8.5.jar
[24ago.2026 03:56:21.507] [main/DEBUG] [net.minecraftforge.fml.loading.moddiscovery.ModFileParser/LOADING]: Considering mod file candidate /home/pedro/Documentos/java/deceasedcraft/BigBangExpeditions/.staging/server/mods/nanny-1.0.6.jar
[24ago.2026 03:56:21.508] [main/DEBUG] [net.minecraftforge.fml.loading.moddiscovery.ModFileParser/LOADING]: Considering mod file candidate /home/pedro/Documentos/java/deceasedcraft/BigBangExpeditions/.staging/server/mods/naturalist-5.0pre2+forge-1.20.1.jar
[24ago.2026 03:56:21.509] [main/DEBUG] [net.minecraftforge.fml.loading.moddiscovery.ModFileParser/LOADING]: Considering mod file candidate /home/pedro/Documentos/java/deceasedcraft/BigBangExpeditions/.staging/server/mods/NaturesCompass-1.20.1-1.11.2-forge.jar
[24ago.2026 03:56:21.509] [main/DEBUG] [net.minecraftforge.fml.loading.moddiscovery.ModFileParser/LOADING]: Considering mod file candidate /home/pedro/Documentos/java/deceasedcraft/BigBangExpeditions/.staging/server/mods/Necronomicon-Forge-1.6.0+1.20.1.jar
[24ago.2026 03:56:21.510] [main/DEBUG] [net.minecraftforge.fml.loading.moddiscovery.ModFileParser/LOADING]: Considering mod file candidate /home/pedro/Documentos/java/deceasedcraft/BigBangExpeditions/.staging/server/mods/Not Enough Recipe Book-FORGE-0.4.1+1.20.1.jar
[24ago.2026 03:56:21.510] [main/DEBUG] [net.minecraftforge.fml.loading.moddiscovery.ModFileParser/LOADING]: Considering mod file candidate /home/pedro/Documentos/java/deceasedcraft/BigBangExpeditions/.staging/server/mods/OctoLib-FORGE-0.5.0.1+1.20.1.jar
[24ago.2026 03:56:21.511] [main/DEBUG] [net.minecraftforge.fml.loading.moddiscovery.ModFileParser/LOADING]: Considering mod file candidate /home/pedro/Documentos/java/deceasedcraft/BigBangExpeditions/.staging/server/mods/open-parties-and-claims-forge-1.20.1-0.25.8.jar
[24ago.2026 03:56:21.512] [main/DEBUG] [net.minecraftforge.fml.loading.moddiscovery.ModFileParser/LOADING]: Considering mod file candidate /home/pedro/Documentos/java/deceasedcraft/BigBangExpeditions/.staging/server/mods/packetfixer-3.3.1-1.18-1.20.4-merged.jar
[24ago.2026 03:56:21.512] [main/DEBUG] [net.minecraftforge.fml.loading.moddiscovery.ModFileParser/LOADING]: Considering mod file candidate /home/pedro/Documentos/java/deceasedcraft/BigBangExpeditions/.staging/server/mods/ParCool-1.20.1-3.4.1.5.jar
[24ago.2026 03:56:21.513] [main/DEBUG] [net.minecraftforge.fml.loading.moddiscovery.ModFileParser/LOADING]: Considering mod file candidate /home/pedro/Documentos/java/deceasedcraft/BigBangExpeditions/.staging/server/mods/ParCool-CompatibilityAddon-1.20.1-3.4.1.5-1.1.jar
[24ago.2026 03:56:21.514] [main/DEBUG] [net.minecraftforge.fml.loading.moddiscovery.ModFileParser/LOADING]: Considering mod file candidate /home/pedro/Documentos/java/deceasedcraft/BigBangExpeditions/.staging/server/mods/particular-1.20.1-Forge-1.2.7.jar
[24ago.2026 03:56:21.514] [main/DEBUG] [net.minecraftforge.fml.loading.moddiscovery.ModFileParser/LOADING]: Considering mod file candidate /home/pedro/Documentos/java/deceasedcraft/BigBangExpeditions/.staging/server/mods/Patchouli-1.20.1-84.1-FORGE.jar
[24ago.2026 03:56:21.515] [main/DEBUG] [net.minecraftforge.fml.loading.moddiscovery.ModFileParser/LOADING]: Considering mod file candidate /home/pedro/Documentos/java/deceasedcraft/BigBangExpeditions/.staging/server/mods/pipez-forge-1.20.1-1.2.21.jar
[24ago.2026 03:56:21.515] [main/DEBUG] [net.minecraftforge.fml.loading.moddiscovery.ModFileParser/LOADING]: Considering mod file candidate /home/pedro/Documentos/java/deceasedcraft/BigBangExpeditions/.staging/server/mods/Placebo-1.20.1-8.6.3.jar
[24ago.2026 03:56:21.516] [main/DEBUG] [net.minecraftforge.fml.loading.moddiscovery.ModFileParser/LOADING]: Considering mod file candidate /home/pedro/Documentos/java/deceasedcraft/BigBangExpeditions/.staging/server/mods/player-animation-lib-forge-1.0.2-rc1+1.20.jar
[24ago.2026 03:56:21.517] [main/DEBUG] [net.minecraftforge.fml.loading.moddiscovery.ModFileParser/LOADING]: Considering mod file candidate /home/pedro/Documentos/java/deceasedcraft/BigBangExpeditions/.staging/server/mods/plushie_buddies-0.1.6-1.20.1.jar
[24ago.2026 03:56:21.517] [main/DEBUG] [net.minecraftforge.fml.loading.moddiscovery.ModFileParser/LOADING]: Considering mod file candidate /home/pedro/Documentos/java/deceasedcraft/BigBangExpeditions/.staging/server/mods/polymorph-forge-0.49.10+1.20.1.jar
[24ago.2026 03:56:21.518] [main/DEBUG] [net.minecraftforge.fml.loading.moddiscovery.ModFileParser/LOADING]: Considering mod file candidate /home/pedro/Documentos/java/deceasedcraft/BigBangExpeditions/.staging/server/mods/PresenceFootsteps-1.20.1-1.9.1-beta.1.jar
[24ago.2026 03:56:21.519] [main/DEBUG] [net.minecraftforge.fml.loading.moddiscovery.ModFileParser/LOADING]: Considering mod file candidate /home/pedro/Documentos/java/deceasedcraft/BigBangExpeditions/.staging/server/mods/Pretty Rain-1.20.1-Forge-1.1.3.jar
[24ago.2026 03:56:21.519] [main/DEBUG] [net.minecraftforge.fml.loading.moddiscovery.ModFileParser/LOADING]: Considering mod file candidate /home/pedro/Documentos/java/deceasedcraft/BigBangExpeditions/.staging/server/mods/puffish_attributes-0.7.6-1.20-forge.jar
[24ago.2026 03:56:21.520] [main/DEBUG] [net.minecraftforge.fml.loading.moddiscovery.ModFileParser/LOADING]: Considering mod file candidate /home/pedro/Documentos/java/deceasedcraft/BigBangExpeditions/.staging/server/mods/puffish_skills-0.16.5-1.20-forge.jar
[24ago.2026 03:56:21.525] [main/DEBUG] [net.minecraftforge.fml.loading.moddiscovery.ModFileParser/LOADING]: Considering mod file candidate /home/pedro/Documentos/java/deceasedcraft/BigBangExpeditions/.staging/server/mods/PuzzlesLib-v8.1.32-1.20.1-Forge.jar
[24ago.2026 03:56:21.528] [main/DEBUG] [net.minecraftforge.fml.loading.moddiscovery.ModFileParser/LOADING]: Considering mod file candidate /home/pedro/Documentos/java/deceasedcraft/BigBangExpeditions/.staging/server/mods/Quark-4.0-462.jar
[24ago.2026 03:56:21.529] [main/DEBUG] [net.minecraftforge.fml.loading.moddiscovery.ModFileParser/LOADING]: Considering mod file candidate /home/pedro/Documentos/java/deceasedcraft/BigBangExpeditions/.staging/server/mods/Quest Kill Task-0.2.0+1.20.1-forge.jar
[24ago.2026 03:56:21.530] [main/DEBUG] [net.minecraftforge.fml.loading.moddiscovery.ModFileParser/LOADING]: Considering mod file candidate /home/pedro/Documentos/java/deceasedcraft/BigBangExpeditions/.staging/server/mods/Radars 0.3.5.1-Create6.jar
[24ago.2026 03:56:21.531] [main/DEBUG] [net.minecraftforge.fml.loading.moddiscovery.ModFileParser/LOADING]: Considering mod file candidate /home/pedro/Documentos/java/deceasedcraft/BigBangExpeditions/.staging/server/mods/radium-mc1.20.1-0.12.4+git.26c9d8e.jar
[24ago.2026 03:56:21.532] [main/DEBUG] [net.minecraftforge.fml.loading.moddiscovery.ModFileParser/LOADING]: Considering mod file candidate /home/pedro/Documentos/java/deceasedcraft/BigBangExpeditions/.staging/server/mods/recipeessentials-1.20.1-4.0.jar
[24ago.2026 03:56:21.534] [main/DEBUG] [net.minecraftforge.fml.loading.moddiscovery.ModFileParser/LOADING]: Considering mod file candidate /home/pedro/Documentos/java/deceasedcraft/BigBangExpeditions/.staging/server/mods/redeco-1.14.1-forge-1.20.1.jar
[24ago.2026 03:56:21.535] [main/DEBUG] [net.minecraftforge.fml.loading.moddiscovery.ModFileParser/LOADING]: Considering mod file candidate /home/pedro/Documentos/java/deceasedcraft/BigBangExpeditions/.staging/server/mods/redirected-forge-1.0.0-1.20.1.jar
[24ago.2026 03:56:21.535] [main/DEBUG] [net.minecraftforge.fml.loading.moddiscovery.ModFileParser/LOADING]: Considering mod file candidate /home/pedro/Documentos/java/deceasedcraft/BigBangExpeditions/.staging/server/mods/refinedpolymorph-0.1.1-1.20.1.jar
[24ago.2026 03:56:21.537] [main/DEBUG] [net.minecraftforge.fml.loading.moddiscovery.ModFileParser/LOADING]: Considering mod file candidate /home/pedro/Documentos/java/deceasedcraft/BigBangExpeditions/.staging/server/mods/refinedstorage-1.12.4.jar
[24ago.2026 03:56:21.537] [main/DEBUG] [net.minecraftforge.fml.loading.moddiscovery.ModFileParser/LOADING]: Considering mod file candidate /home/pedro/Documentos/java/deceasedcraft/BigBangExpeditions/.staging/server/mods/refinedstorageaddons-0.10.0.jar
[24ago.2026 03:56:21.538] [main/DEBUG] [net.minecraftforge.fml.loading.moddiscovery.ModFileParser/LOADING]: Considering mod file candidate /home/pedro/Documentos/java/deceasedcraft/BigBangExpeditions/.staging/server/mods/refueled-1.20.1-2.4.2.jar
[24ago.2026 03:56:21.560] [main/DEBUG] [net.minecraftforge.fml.loading.moddiscovery.ModFileParser/LOADING]: Considering mod file candidate /home/pedro/Documentos/java/deceasedcraft/BigBangExpeditions/.staging/server/mods/refurbished_furniture-forge-1.20.1-1.0.20.jar
[24ago.2026 03:56:21.562] [main/DEBUG] [net.minecraftforge.fml.loading.moddiscovery.ModFileParser/LOADING]: Considering mod file candidate /home/pedro/Documentos/java/deceasedcraft/BigBangExpeditions/.staging/server/mods/rhino-forge-2001.2.3-build.10.jar
[24ago.2026 03:56:21.563] [main/DEBUG] [net.minecraftforge.fml.loading.moddiscovery.ModFileParser/LOADING]: Considering mod file candidate /home/pedro/Documentos/java/deceasedcraft/BigBangExpeditions/.staging/server/mods/ritchiesprojectilelib-2.1.0+mc.1.20.1-forge.jar
[24ago.2026 03:56:21.564] [main/DEBUG] [net.minecraftforge.fml.loading.moddiscovery.ModFileParser/LOADING]: Considering mod file candidate /home/pedro/Documentos/java/deceasedcraft/BigBangExpeditions/.staging/server/mods/saturn-mc1.20.1-0.1.3.jar
[24ago.2026 03:56:21.564] [main/DEBUG] [net.minecraftforge.fml.loading.moddiscovery.ModFileParser/LOADING]: Considering mod file candidate /home/pedro/Documentos/java/deceasedcraft/BigBangExpeditions/.staging/server/mods/scholar-1.20.1-1.1.5.1-forge.jar
[24ago.2026 03:56:21.565] [main/DEBUG] [net.minecraftforge.fml.loading.moddiscovery.ModFileParser/LOADING]: Considering mod file candidate /home/pedro/Documentos/java/deceasedcraft/BigBangExpeditions/.staging/server/mods/Searchables-forge-1.20.1-1.0.3.jar
[24ago.2026 03:56:21.565] [main/DEBUG] [net.minecraftforge.fml.loading.moddiscovery.ModFileParser/LOADING]: Considering mod file candidate /home/pedro/Documentos/java/deceasedcraft/BigBangExpeditions/.staging/server/mods/SereneSeasons-forge-1.20.1-9.1.0.2.jar
[24ago.2026 03:56:21.566] [main/DEBUG] [net.minecraftforge.fml.loading.moddiscovery.ModFileParser/LOADING]: Considering mod file candidate /home/pedro/Documentos/java/deceasedcraft/BigBangExpeditions/.staging/server/mods/simpleplanes-1.20.1-5.3.3.jar
[24ago.2026 03:56:21.566] [main/DEBUG] [net.minecraftforge.fml.loading.moddiscovery.ModFileParser/LOADING]: Considering mod file candidate /home/pedro/Documentos/java/deceasedcraft/BigBangExpeditions/.staging/server/mods/simplylight-1.20.1-1.4.6-build.50.jar
[24ago.2026 03:56:21.567] [main/DEBUG] [net.minecraftforge.fml.loading.moddiscovery.ModFileParser/LOADING]: Considering mod file candidate /home/pedro/Documentos/java/deceasedcraft/BigBangExpeditions/.staging/server/mods/smoothboot(reloaded)-mc1.20.1-0.0.4.jar
[24ago.2026 03:56:21.567] [main/DEBUG] [net.minecraftforge.fml.loading.moddiscovery.ModFileParser/LOADING]: Considering mod file candidate /home/pedro/Documentos/java/deceasedcraft/BigBangExpeditions/.staging/server/mods/smoothchunk-1.20.1-4.1.jar
[24ago.2026 03:56:21.568] [main/DEBUG] [net.minecraftforge.fml.loading.moddiscovery.ModFileParser/LOADING]: Considering mod file candidate /home/pedro/Documentos/java/deceasedcraft/BigBangExpeditions/.staging/server/mods/solcarrot-1.20.1-1.15.1.jar
[24ago.2026 03:56:21.568] [main/DEBUG] [net.minecraftforge.fml.loading.moddiscovery.ModFileParser/LOADING]: Considering mod file candidate /home/pedro/Documentos/java/deceasedcraft/BigBangExpeditions/.staging/server/mods/sophisticatedbackpacks-1.20.1-3.24.10.1404.jar
[24ago.2026 03:56:21.569] [main/DEBUG] [net.minecraftforge.fml.loading.moddiscovery.ModFileParser/LOADING]: Considering mod file candidate /home/pedro/Documentos/java/deceasedcraft/BigBangExpeditions/.staging/server/mods/sophisticatedcore-1.20.1-1.2.106.1235.jar
[24ago.2026 03:56:21.570] [main/DEBUG] [net.minecraftforge.fml.loading.moddiscovery.ModFileParser/LOADING]: Considering mod file candidate /home/pedro/Documentos/java/deceasedcraft/BigBangExpeditions/.staging/server/mods/sound-physics-remastered-forge-1.20.1-1.4.10.jar
[24ago.2026 03:56:21.570] [main/DEBUG] [net.minecraftforge.fml.loading.moddiscovery.ModFileParser/LOADING]: Considering mod file candidate /home/pedro/Documentos/java/deceasedcraft/BigBangExpeditions/.staging/server/mods/soundofrain-0.5.0.jar
[24ago.2026 03:56:21.571] [main/DEBUG] [net.minecraftforge.fml.loading.moddiscovery.ModFileParser/LOADING]: Considering mod file candidate /home/pedro/Documentos/java/deceasedcraft/BigBangExpeditions/.staging/server/mods/Sounds-2.2.1+1.20.1+forge.jar
[24ago.2026 03:56:21.571] [main/DEBUG] [net.minecraftforge.fml.loading.moddiscovery.ModFileParser/LOADING]: Considering mod file candidate /home/pedro/Documentos/java/deceasedcraft/BigBangExpeditions/.staging/server/mods/spacecatasb-forge-20.14.0.jar
[24ago.2026 03:56:21.572] [main/DEBUG] [net.minecraftforge.fml.loading.moddiscovery.ModFileParser/LOADING]: Considering mod file candidate /home/pedro/Documentos/java/deceasedcraft/BigBangExpeditions/.staging/server/mods/spark-1.10.53-forge.jar
[24ago.2026 03:56:21.572] [main/DEBUG] [net.minecraftforge.fml.loading.moddiscovery.ModFileParser/LOADING]: Considering mod file candidate /home/pedro/Documentos/java/deceasedcraft/BigBangExpeditions/.staging/server/mods/SpawnerControl-forge-1.20.[1-4]-v1.3.jar
[24ago.2026 03:56:21.573] [main/DEBUG] [net.minecraftforge.fml.loading.moddiscovery.ModFileParser/LOADING]: Considering mod file candidate /home/pedro/Documentos/java/deceasedcraft/BigBangExpeditions/.staging/server/mods/spore_2.1.5c_1.20.1.jar
[24ago.2026 03:56:21.574] [main/DEBUG] [net.minecraftforge.fml.loading.moddiscovery.ModFileParser/LOADING]: Considering mod file candidate /home/pedro/Documentos/java/deceasedcraft/BigBangExpeditions/.staging/server/mods/Stackable Potions-forge-1.20.1-1.0.0.jar
[24ago.2026 03:56:21.574] [main/DEBUG] [net.minecraftforge.fml.loading.moddiscovery.ModFileParser/LOADING]: Considering mod file candidate /home/pedro/Documentos/java/deceasedcraft/BigBangExpeditions/.staging/server/mods/starterkit-1.20.1-7.4.jar
[24ago.2026 03:56:21.575] [main/DEBUG] [net.minecraftforge.fml.loading.moddiscovery.ModFileParser/LOADING]: Considering mod file candidate /home/pedro/Documentos/java/deceasedcraft/BigBangExpeditions/.staging/server/mods/StorageDrawers-1.20.1-12.9.14.jar
[24ago.2026 03:56:21.577] [main/DEBUG] [net.minecraftforge.fml.loading.moddiscovery.ModFileParser/LOADING]: Considering mod file candidate /home/pedro/Documentos/java/deceasedcraft/BigBangExpeditions/.staging/server/mods/StylishEffects-v8.0.2-1.20.1-Forge.jar
[24ago.2026 03:56:21.578] [main/DEBUG] [net.minecraftforge.fml.loading.moddiscovery.ModFileParser/LOADING]: Considering mod file candidate /home/pedro/Documentos/java/deceasedcraft/BigBangExpeditions/.staging/server/mods/supermartijn642configlib-1.1.8-forge-mc1.20.jar
[24ago.2026 03:56:21.579] [main/DEBUG] [net.minecraftforge.fml.loading.moddiscovery.ModFileParser/LOADING]: Considering mod file candidate /home/pedro/Documentos/java/deceasedcraft/BigBangExpeditions/.staging/server/mods/supermartijn642corelib-1.1.18-forge-mc1.20.1.jar
[24ago.2026 03:56:21.580] [main/DEBUG] [net.minecraftforge.fml.loading.moddiscovery.ModFileParser/LOADING]: Considering mod file candidate /home/pedro/Documentos/java/deceasedcraft/BigBangExpeditions/.staging/server/mods/TaxFreeLevels-1.4.14-forge-1.20.1.jar
[24ago.2026 03:56:21.580] [main/DEBUG] [net.minecraftforge.fml.loading.moddiscovery.ModFileParser/LOADING]: Considering mod file candidate /home/pedro/Documentos/java/deceasedcraft/BigBangExpeditions/.staging/server/mods/TerraBlender-forge-1.20.1-3.0.1.10.jar
[24ago.2026 03:56:21.581] [main/DEBUG] [net.minecraftforge.fml.loading.moddiscovery.ModFileParser/LOADING]: Considering mod file candidate /home/pedro/Documentos/java/deceasedcraft/BigBangExpeditions/.staging/server/mods/TexelsPaintings-forge-1.20.1-10.3.1.jar
[24ago.2026 03:56:21.581] [main/DEBUG] [net.minecraftforge.fml.loading.moddiscovery.ModFileParser/LOADING]: Considering mod file candidate /home/pedro/Documentos/java/deceasedcraft/BigBangExpeditions/.staging/server/mods/Texture-Locale-Redirector-forge-1.20.1+1.6.0.jar
[24ago.2026 03:56:21.582] [main/DEBUG] [net.minecraftforge.fml.loading.moddiscovery.ModFileParser/LOADING]: Considering mod file candidate /home/pedro/Documentos/java/deceasedcraft/BigBangExpeditions/.staging/server/mods/The-Hordes-1.20.1-1.5.4c.jar
[24ago.2026 03:56:21.583] [main/DEBUG] [net.minecraftforge.fml.loading.moddiscovery.ModFileParser/LOADING]: Considering mod file candidate /home/pedro/Documentos/java/deceasedcraft/BigBangExpeditions/.staging/server/mods/theoneprobe-1.20.1-10.0.3.jar
[24ago.2026 03:56:21.584] [main/DEBUG] [net.minecraftforge.fml.loading.moddiscovery.ModFileParser/LOADING]: Considering mod file candidate /home/pedro/Documentos/java/deceasedcraft/BigBangExpeditions/.staging/server/mods/THEUNDEADREVAMPED_1.9O_1.20.1.jar
[24ago.2026 03:56:21.586] [main/DEBUG] [net.minecraftforge.fml.loading.moddiscovery.ModFileParser/LOADING]: Considering mod file candidate /home/pedro/Documentos/java/deceasedcraft/BigBangExpeditions/.staging/server/mods/ThisRocks-1.20.1-1.5.1.jar
[24ago.2026 03:56:21.587] [main/DEBUG] [net.minecraftforge.fml.loading.moddiscovery.ModFileParser/LOADING]: Considering mod file candidate /home/pedro/Documentos/java/deceasedcraft/BigBangExpeditions/.staging/server/mods/toofast-1.20-0.4.3.5.jar
[24ago.2026 03:56:21.587] [main/DEBUG] [net.minecraftforge.fml.loading.moddiscovery.ModFileParser/LOADING]: Considering mod file candidate /home/pedro/Documentos/java/deceasedcraft/BigBangExpeditions/.staging/server/mods/trashcans-1.0.18b-forge-mc1.20.jar
[24ago.2026 03:56:21.588] [main/DEBUG] [net.minecraftforge.fml.loading.moddiscovery.ModFileParser/LOADING]: Considering mod file candidate /home/pedro/Documentos/java/deceasedcraft/BigBangExpeditions/.staging/server/mods/trashslot-forge-1.20-15.1.2.jar
[24ago.2026 03:56:21.589] [main/DEBUG] [net.minecraftforge.fml.loading.moddiscovery.ModFileParser/LOADING]: Considering mod file candidate /home/pedro/Documentos/java/deceasedcraft/BigBangExpeditions/.staging/server/mods/TravelersTitles-1.20-Forge-4.0.2.jar
[24ago.2026 03:56:21.590] [main/DEBUG] [net.minecraftforge.fml.loading.moddiscovery.ModFileParser/LOADING]: Considering mod file candidate /home/pedro/Documentos/java/deceasedcraft/BigBangExpeditions/.staging/server/mods/treeharvester-1.20.1-9.1.jar
[24ago.2026 03:56:21.590] [main/DEBUG] [net.minecraftforge.fml.loading.moddiscovery.ModFileParser/LOADING]: Considering mod file candidate /home/pedro/Documentos/java/deceasedcraft/BigBangExpeditions/.staging/server/mods/txnilib-forge-1.0.23-1.20.1.jar
[24ago.2026 03:56:21.592] [main/DEBUG] [net.minecraftforge.fml.loading.moddiscovery.ModFileParser/LOADING]: Considering mod file candidate /home/pedro/Documentos/java/deceasedcraft/BigBangExpeditions/.staging/server/mods/UniLib-1.2.0+1.20.1-forge.jar
[24ago.2026 03:56:21.592] [main/DEBUG] [net.minecraftforge.fml.loading.moddiscovery.ModFileParser/LOADING]: Considering mod file candidate /home/pedro/Documentos/java/deceasedcraft/BigBangExpeditions/.staging/server/mods/v_slab_compat-1.20-2.5.jar
[24ago.2026 03:56:21.593] [main/DEBUG] [net.minecraftforge.fml.loading.moddiscovery.ModFileParser/LOADING]: Considering mod file candidate /home/pedro/Documentos/java/deceasedcraft/BigBangExpeditions/.staging/server/mods/vanilla_music_discs-1.6-forge-1.20.1.jar
[24ago.2026 03:56:21.593] [main/DEBUG] [net.minecraftforge.fml.loading.moddiscovery.ModFileParser/LOADING]: Considering mod file candidate /home/pedro/Documentos/java/deceasedcraft/BigBangExpeditions/.staging/server/mods/vanillin-forge-1.20.1-1.1.3.jar
[24ago.2026 03:56:21.595] [main/DEBUG] [net.minecraftforge.fml.loading.moddiscovery.ModFileParser/LOADING]: Considering mod file candidate /home/pedro/Documentos/java/deceasedcraft/BigBangExpeditions/.staging/server/mods/voicechat-forge-1.20.1-2.5.34.jar
[24ago.2026 03:56:21.595] [main/DEBUG] [net.minecraftforge.fml.loading.moddiscovery.ModFileParser/LOADING]: Considering mod file candidate /home/pedro/Documentos/java/deceasedcraft/BigBangExpeditions/.staging/server/mods/watut-forge-1.20.1-1.2.3.jar
[24ago.2026 03:56:21.596] [main/DEBUG] [net.minecraftforge.fml.loading.moddiscovery.ModFileParser/LOADING]: Considering mod file candidate /home/pedro/Documentos/java/deceasedcraft/BigBangExpeditions/.staging/server/mods/weaponthrow-1.20.1-6.0-beta.1.jar
[24ago.2026 03:56:21.597] [main/DEBUG] [net.minecraftforge.fml.loading.moddiscovery.ModFileParser/LOADING]: Considering mod file candidate /home/pedro/Documentos/java/deceasedcraft/BigBangExpeditions/.staging/server/mods/wormhole-1.1.16-forge-mc1.20.jar
[24ago.2026 03:56:21.598] [main/DEBUG] [net.minecraftforge.fml.loading.moddiscovery.ModFileParser/LOADING]: Considering mod file candidate /home/pedro/Documentos/java/deceasedcraft/BigBangExpeditions/.staging/server/mods/Xaeros_Minimap_25.2.10_Forge_1.20.jar
[24ago.2026 03:56:21.598] [main/DEBUG] [net.minecraftforge.fml.loading.moddiscovery.ModFileParser/LOADING]: Considering mod file candidate /home/pedro/Documentos/java/deceasedcraft/BigBangExpeditions/.staging/server/mods/XaerosWorldMap_1.39.12_Forge_1.20.jar
[24ago.2026 03:56:21.599] [main/DEBUG] [net.minecraftforge.fml.loading.moddiscovery.ModFileParser/LOADING]: Considering mod file candidate /home/pedro/Documentos/java/deceasedcraft/BigBangExpeditions/.staging/server/mods/xptome-1.20.1-2.2.1.jar
[24ago.2026 03:56:21.599] [main/DEBUG] [net.minecraftforge.fml.loading.moddiscovery.ModFileParser/LOADING]: Considering mod file candidate /home/pedro/Documentos/java/deceasedcraft/BigBangExpeditions/.staging/server/mods/YeetusExperimentus-Forge-2.3.1-build.6+mc1.20.1.jar
[24ago.2026 03:56:21.600] [main/DEBUG] [net.minecraftforge.fml.loading.moddiscovery.ModFileParser/LOADING]: Considering mod file candidate /home/pedro/Documentos/java/deceasedcraft/BigBangExpeditions/.staging/server/mods/yet_another_config_lib_v3-3.6.6+1.20.1-forge.jar
[24ago.2026 03:56:21.600] [main/DEBUG] [net.minecraftforge.fml.loading.moddiscovery.ModFileParser/LOADING]: Considering mod file candidate /home/pedro/Documentos/java/deceasedcraft/BigBangExpeditions/.staging/server/mods/ytongame_hostingmenu-1.0.1.jar
[24ago.2026 03:56:21.601] [main/DEBUG] [net.minecraftforge.fml.loading.moddiscovery.ModFileParser/LOADING]: Considering mod file candidate /home/pedro/Documentos/java/deceasedcraft/BigBangExpeditions/.staging/server/mods/YungsApi-1.20-Forge-4.0.6.jar
[24ago.2026 03:56:21.602] [main/DEBUG] [net.minecraftforge.fml.loading.moddiscovery.ModFileParser/LOADING]: Considering mod file candidate /home/pedro/Documentos/java/deceasedcraft/BigBangExpeditions/.staging/server/mods/ZeroCore2-1.20.1-2.1.47.jar
[24ago.2026 03:56:21.603] [main/DEBUG] [net.minecraftforge.fml.loading.moddiscovery.ModFileParser/LOADING]: Considering mod file candidate /home/pedro/Documentos/java/deceasedcraft/BigBangExpeditions/.staging/server/mods/Zeta-1.0-31.jar
[24ago.2026 03:56:21.604] [main/DEBUG] [net.minecraftforge.fml.loading.moddiscovery.ModFileParser/LOADING]: Considering mod file candidate /home/pedro/Documentos/java/deceasedcraft/BigBangExpeditions/.staging/server/mods/Zombie Extreme 1.20.1 0.2.6.jar
[24ago.2026 03:56:21.604] [main/DEBUG] [net.minecraftforge.fml.loading.moddiscovery.ModFileParser/LOADING]: Considering mod file candidate /home/pedro/Documentos/java/deceasedcraft/BigBangExpeditions/.staging/server/mods/zombieawareness-1.20.1-1.13.1.jar
[24ago.2026 03:56:21.606] [main/WARN] [net.minecraftforge.fml.loading.moddiscovery.ModDiscoverer/SCAN]: Locator {mods folder locator at /home/pedro/Documentos/java/deceasedcraft/BigBangExpeditions/.staging/server/mods} returned 3 files which are client-side-only mods, but we're on a dedicated server. They will be skipped!
[24ago.2026 03:56:21.699] [main/DEBUG] [net.minecraftforge.fml.loading.moddiscovery.ModFileParser/LOADING]: Considering mod file candidate /home/pedro/Documentos/java/deceasedcraft/BigBangExpeditions/.staging/server/libraries/net/minecraftforge/fmlcore/1.20.1-47.4.0/fmlcore-1.20.1-47.4.0.jar
[24ago.2026 03:56:21.699] [main/WARN] [net.minecraftforge.fml.loading.moddiscovery.ModFileParser/LOADING]: Mod file /home/pedro/Documentos/java/deceasedcraft/BigBangExpeditions/.staging/server/libraries/net/minecraftforge/fmlcore/1.20.1-47.4.0/fmlcore-1.20.1-47.4.0.jar is missing mods.toml file
[24ago.2026 03:56:21.701] [main/DEBUG] [net.minecraftforge.fml.loading.moddiscovery.ModFileParser/LOADING]: Considering mod file candidate /home/pedro/Documentos/java/deceasedcraft/BigBangExpeditions/.staging/server/libraries/net/minecraftforge/javafmllanguage/1.20.1-47.4.0/javafmllanguage-1.20.1-47.4.0.jar
[24ago.2026 03:56:21.701] [main/WARN] [net.minecraftforge.fml.loading.moddiscovery.ModFileParser/LOADING]: Mod file /home/pedro/Documentos/java/deceasedcraft/BigBangExpeditions/.staging/server/libraries/net/minecraftforge/javafmllanguage/1.20.1-47.4.0/javafmllanguage-1.20.1-47.4.0.jar is missing mods.toml file
[24ago.2026 03:56:21.702] [main/DEBUG] [net.minecraftforge.fml.loading.moddiscovery.ModFileParser/LOADING]: Considering mod file candidate /home/pedro/Documentos/java/deceasedcraft/BigBangExpeditions/.staging/server/libraries/net/minecraftforge/lowcodelanguage/1.20.1-47.4.0/lowcodelanguage-1.20.1-47.4.0.jar
[24ago.2026 03:56:21.702] [main/WARN] [net.minecraftforge.fml.loading.moddiscovery.ModFileParser/LOADING]: Mod file /home/pedro/Documentos/java/deceasedcraft/BigBangExpeditions/.staging/server/libraries/net/minecraftforge/lowcodelanguage/1.20.1-47.4.0/lowcodelanguage-1.20.1-47.4.0.jar is missing mods.toml file
[24ago.2026 03:56:21.703] [main/DEBUG] [net.minecraftforge.fml.loading.moddiscovery.ModFileParser/LOADING]: Considering mod file candidate /home/pedro/Documentos/java/deceasedcraft/BigBangExpeditions/.staging/server/libraries/net/minecraftforge/mclanguage/1.20.1-47.4.0/mclanguage-1.20.1-47.4.0.jar
[24ago.2026 03:56:21.703] [main/WARN] [net.minecraftforge.fml.loading.moddiscovery.ModFileParser/LOADING]: Mod file /home/pedro/Documentos/java/deceasedcraft/BigBangExpeditions/.staging/server/libraries/net/minecraftforge/mclanguage/1.20.1-47.4.0/mclanguage-1.20.1-47.4.0.jar is missing mods.toml file
[24ago.2026 03:56:21.733] [main/DEBUG] [net.minecraftforge.fml.loading.moddiscovery.ModFileParser/LOADING]: Considering mod file candidate /home/pedro/Documentos/java/deceasedcraft/BigBangExpeditions/.staging/server/libraries/net/minecraftforge/forge/1.20.1-47.4.0/forge-1.20.1-47.4.0-universal.jar
[24ago.2026 03:56:21.768] [main/DEBUG] [net.minecraftforge.fml.loading.moddiscovery.AbstractJarFileDependencyLocator/]: Failed to load resource META-INF/jarjar/metadata.json from BigBangExpeditions-1.0.0.jar, it does not contain dependency information.
[24ago.2026 03:56:21.774] [main/DEBUG] [net.minecraftforge.fml.loading.moddiscovery.AbstractJarFileDependencyLocator/]: Failed to load resource META-INF/jarjar/metadata.json from lostcities-1.20-7.4.11.jar, it does not contain dependency information.
[24ago.2026 03:56:22.377] [main/WARN] [net.minecraftforge.jarjar.selection.JarSelector/]: Attempted to select a dependency jar for JarJar which was passed in as source: expandability. Using Mod File: /home/pedro/Documentos/java/deceasedcraft/BigBangExpeditions/.staging/server/mods/expandability-9.0.4.jar
[24ago.2026 03:56:22.380] [main/DEBUG] [net.minecraftforge.fml.loading.moddiscovery.ModFileParser/LOADING]: Considering mod file candidate /home/pedro/Documentos/java/deceasedcraft/BigBangExpeditions/.staging/server/mods/saturn-mc1.20.1-0.1.3.jar
[24ago.2026 03:56:22.382] [main/DEBUG] [net.minecraftforge.fml.loading.moddiscovery.ModFile/LOADING]: Loading mod file /home/pedro/Documentos/java/deceasedcraft/BigBangExpeditions/.staging/server/mods/saturn-mc1.20.1-0.1.3.jar with languages [LanguageSpec[languageName=javafml, acceptedVersions=[47,)]]
[24ago.2026 03:56:22.383] [main/DEBUG] [net.minecraftforge.fml.loading.moddiscovery.ModFileParser/LOADING]: Considering mod file candidate /home/pedro/Documentos/java/deceasedcraft/BigBangExpeditions/.staging/server/mods/kubejs-forge-2001.6.5-build.16.jar
[24ago.2026 03:56:22.383] [main/DEBUG] [net.minecraftforge.fml.loading.moddiscovery.ModFile/LOADING]: Loading mod file /home/pedro/Documentos/java/deceasedcraft/BigBangExpeditions/.staging/server/mods/kubejs-forge-2001.6.5-build.16.jar with languages [LanguageSpec[languageName=javafml, acceptedVersions=[47,)]]
[24ago.2026 03:56:22.383] [main/DEBUG] [net.minecraftforge.fml.loading.moddiscovery.ModFileParser/LOADING]: Considering mod file candidate /home/pedro/Documentos/java/deceasedcraft/BigBangExpeditions/.staging/server/mods/almanac-1.20.x-forge-1.0.2.jar
[24ago.2026 03:56:22.383] [main/DEBUG] [net.minecraftforge.fml.loading.moddiscovery.ModFile/LOADING]: Loading mod file /home/pedro/Documentos/java/deceasedcraft/BigBangExpeditions/.staging/server/mods/almanac-1.20.x-forge-1.0.2.jar with languages [LanguageSpec[languageName=javafml, acceptedVersions=[47,)]]
[24ago.2026 03:56:22.383] [main/DEBUG] [net.minecraftforge.fml.loading.moddiscovery.ModFileParser/LOADING]: Considering mod file candidate /home/pedro/Documentos/java/deceasedcraft/BigBangExpeditions/.staging/server/mods/GlobalGameRules-1.20.1-8.1.0.12.jar
[24ago.2026 03:56:22.384] [main/DEBUG] [net.minecraftforge.fml.loading.moddiscovery.ModFile/LOADING]: Loading mod file /home/pedro/Documentos/java/deceasedcraft/BigBangExpeditions/.staging/server/mods/GlobalGameRules-1.20.1-8.1.0.12.jar with languages [LanguageSpec[languageName=javafml, acceptedVersions=[46,)]]
[24ago.2026 03:56:22.384] [main/DEBUG] [net.minecraftforge.fml.loading.moddiscovery.ModFileParser/LOADING]: Considering mod file candidate /home/pedro/Documentos/java/deceasedcraft/BigBangExpeditions/.staging/server/mods/Stackable Potions-forge-1.20.1-1.0.0.jar
[24ago.2026 03:56:22.384] [main/DEBUG] [net.minecraftforge.fml.loading.moddiscovery.ModFile/LOADING]: Loading mod file /home/pedro/Documentos/java/deceasedcraft/BigBangExpeditions/.staging/server/mods/Stackable Potions-forge-1.20.1-1.0.0.jar with languages [LanguageSpec[languageName=javafml, acceptedVersions=[46,)]]
[24ago.2026 03:56:22.384] [main/DEBUG] [net.minecraftforge.fml.loading.moddiscovery.ModFileParser/LOADING]: Considering mod file candidate /home/pedro/Documentos/java/deceasedcraft/BigBangExpeditions/.staging/server/mods/supermartijn642configlib-1.1.8-forge-mc1.20.jar
[24ago.2026 03:56:22.384] [main/DEBUG] [net.minecraftforge.fml.loading.moddiscovery.ModFile/LOADING]: Loading mod file /home/pedro/Documentos/java/deceasedcraft/BigBangExpeditions/.staging/server/mods/supermartijn642configlib-1.1.8-forge-mc1.20.jar with languages [LanguageSpec[languageName=javafml, acceptedVersions=[46,)]]
[24ago.2026 03:56:22.384] [main/DEBUG] [net.minecraftforge.fml.loading.moddiscovery.ModFileParser/LOADING]: Considering mod file candidate /home/pedro/Documentos/java/deceasedcraft/BigBangExpeditions/.staging/server/mods/open-parties-and-claims-forge-1.20.1-0.25.8.jar
[24ago.2026 03:56:22.384] [main/DEBUG] [net.minecraftforge.fml.loading.moddiscovery.ModFile/LOADING]: Loading mod file /home/pedro/Documentos/java/deceasedcraft/BigBangExpeditions/.staging/server/mods/open-parties-and-claims-forge-1.20.1-0.25.8.jar with languages [LanguageSpec[languageName=javafml, acceptedVersions=[46,)]]
[24ago.2026 03:56:22.386] [main/DEBUG] [net.minecraftforge.fml.loading.moddiscovery.ModFileParser/LOADING]: Considering mod file candidate /home/pedro/Documentos/java/deceasedcraft/BigBangExpeditions/.staging/server/mods/ParCool-CompatibilityAddon-1.20.1-3.4.1.5-1.1.jar
[24ago.2026 03:56:22.386] [main/DEBUG] [net.minecraftforge.fml.loading.moddiscovery.ModFile/LOADING]: Loading mod file /home/pedro/Documentos/java/deceasedcraft/BigBangExpeditions/.staging/server/mods/ParCool-CompatibilityAddon-1.20.1-3.4.1.5-1.1.jar with languages [LanguageSpec[languageName=javafml, acceptedVersions=[36,)]]
[24ago.2026 03:56:22.386] [main/DEBUG] [net.minecraftforge.fml.loading.moddiscovery.ModFileParser/LOADING]: Considering mod file candidate /home/pedro/Documentos/java/deceasedcraft/BigBangExpeditions/.staging/server/mods/createdeco-2.0.3-1.20.1-forge.jar
[24ago.2026 03:56:22.386] [main/DEBUG] [net.minecraftforge.fml.loading.moddiscovery.ModFile/LOADING]: Loading mod file /home/pedro/Documentos/java/deceasedcraft/BigBangExpeditions/.staging/server/mods/createdeco-2.0.3-1.20.1-forge.jar with languages [LanguageSpec[languageName=javafml, acceptedVersions=[47,)]]
[24ago.2026 03:56:22.387] [main/DEBUG] [net.minecraftforge.fml.loading.moddiscovery.ModFileParser/LOADING]: Considering mod file candidate /home/pedro/Documentos/java/deceasedcraft/BigBangExpeditions/.staging/server/mods/botarium-forge-1.20.1-2.3.4.jar
[24ago.2026 03:56:22.387] [main/DEBUG] [net.minecraftforge.fml.loading.moddiscovery.ModFile/LOADING]: Loading mod file /home/pedro/Documentos/java/deceasedcraft/BigBangExpeditions/.staging/server/mods/botarium-forge-1.20.1-2.3.4.jar with languages [LanguageSpec[languageName=javafml, acceptedVersions=[47,)]]
[24ago.2026 03:56:22.387] [main/DEBUG] [net.minecraftforge.fml.loading.moddiscovery.ModFileParser/LOADING]: Considering mod file candidate /home/pedro/Documentos/java/deceasedcraft/BigBangExpeditions/.staging/server/mods/player-animation-lib-forge-1.0.2-rc1+1.20.jar
[24ago.2026 03:56:22.387] [main/DEBUG] [net.minecraftforge.fml.loading.moddiscovery.ModFile/LOADING]: Loading mod file /home/pedro/Documentos/java/deceasedcraft/BigBangExpeditions/.staging/server/mods/player-animation-lib-forge-1.0.2-rc1+1.20.jar with languages [LanguageSpec[languageName=javafml, acceptedVersions=[46.0.0,)]]
[24ago.2026 03:56:22.388] [main/DEBUG] [net.minecraftforge.fml.loading.moddiscovery.ModFileParser/LOADING]: Considering mod file candidate /home/pedro/Documentos/java/deceasedcraft/BigBangExpeditions/.staging/server/mods/Not Enough Recipe Book-FORGE-0.4.1+1.20.1.jar
[24ago.2026 03:56:22.388] [main/DEBUG] [net.minecraftforge.fml.loading.moddiscovery.ModFile/LOADING]: Loading mod file /home/pedro/Documentos/java/deceasedcraft/BigBangExpeditions/.staging/server/mods/Not Enough Recipe Book-FORGE-0.4.1+1.20.1.jar with languages [LanguageSpec[languageName=javafml, acceptedVersions=[46,)]]
[24ago.2026 03:56:22.388] [main/DEBUG] [net.minecraftforge.fml.loading.moddiscovery.ModFileParser/LOADING]: Considering mod file candidate /home/pedro/Documentos/java/deceasedcraft/BigBangExpeditions/.staging/server/mods/animal_pen-forge-1.20-1.6.1.jar
[24ago.2026 03:56:22.388] [main/DEBUG] [net.minecraftforge.fml.loading.moddiscovery.ModFile/LOADING]: Loading mod file /home/pedro/Documentos/java/deceasedcraft/BigBangExpeditions/.staging/server/mods/animal_pen-forge-1.20-1.6.1.jar with languages [LanguageSpec[languageName=javafml, acceptedVersions=[46,)]]
[24ago.2026 03:56:22.388] [main/DEBUG] [net.minecraftforge.fml.loading.moddiscovery.ModFileParser/LOADING]: Considering mod file candidate /home/pedro/Documentos/java/deceasedcraft/BigBangExpeditions/.staging/server/mods/MCT-RS-Mixin-1.20.1-1.0.0-b400-release.jar
[24ago.2026 03:56:22.388] [main/DEBUG] [net.minecraftforge.fml.loading.moddiscovery.ModFile/LOADING]: Loading mod file /home/pedro/Documentos/java/deceasedcraft/BigBangExpeditions/.staging/server/mods/MCT-RS-Mixin-1.20.1-1.0.0-b400-release.jar with languages [LanguageSpec[languageName=javafml, acceptedVersions=[47,)]]
[24ago.2026 03:56:22.388] [main/DEBUG] [net.minecraftforge.fml.loading.moddiscovery.ModFileParser/LOADING]: Considering mod file candidate /home/pedro/Documentos/java/deceasedcraft/BigBangExpeditions/.staging/server/mods/vanilla_music_discs-1.6-forge-1.20.1.jar
[24ago.2026 03:56:22.388] [main/DEBUG] [net.minecraftforge.fml.loading.moddiscovery.ModFile/LOADING]: Loading mod file /home/pedro/Documentos/java/deceasedcraft/BigBangExpeditions/.staging/server/mods/vanilla_music_discs-1.6-forge-1.20.1.jar with languages [LanguageSpec[languageName=javafml, acceptedVersions=[47,)]]
[24ago.2026 03:56:22.388] [main/DEBUG] [net.minecraftforge.fml.loading.moddiscovery.ModFileParser/LOADING]: Considering mod file candidate /home/pedro/Documentos/java/deceasedcraft/BigBangExpeditions/.staging/server/mods/sound-physics-remastered-forge-1.20.1-1.4.10.jar
[24ago.2026 03:56:22.389] [main/DEBUG] [net.minecraftforge.fml.loading.moddiscovery.ModFile/LOADING]: Loading mod file /home/pedro/Documentos/java/deceasedcraft/BigBangExpeditions/.staging/server/mods/sound-physics-remastered-forge-1.20.1-1.4.10.jar with languages [LanguageSpec[languageName=javafml, acceptedVersions=*]]
[24ago.2026 03:56:22.389] [main/DEBUG] [net.minecraftforge.fml.loading.moddiscovery.ModFileParser/LOADING]: Considering mod file candidate /home/pedro/Documentos/java/deceasedcraft/BigBangExpeditions/.staging/server/mods/letsdo-API-forge-1.2.15-forge.jar
[24ago.2026 03:56:22.389] [main/DEBUG] [net.minecraftforge.fml.loading.moddiscovery.ModFile/LOADING]: Loading mod file /home/pedro/Documentos/java/deceasedcraft/BigBangExpeditions/.staging/server/mods/letsdo-API-forge-1.2.15-forge.jar with languages [LanguageSpec[languageName=javafml, acceptedVersions=[47,)]]
[24ago.2026 03:56:22.389] [main/DEBUG] [net.minecraftforge.fml.loading.moddiscovery.ModFileParser/LOADING]: Considering mod file candidate /home/pedro/Documentos/java/deceasedcraft/BigBangExpeditions/.staging/server/mods/immersivefixes-1.0.3-all.jar
[24ago.2026 03:56:22.389] [main/DEBUG] [net.minecraftforge.fml.loading.moddiscovery.ModFile/LOADING]: Loading mod file /home/pedro/Documentos/java/deceasedcraft/BigBangExpeditions/.staging/server/mods/immersivefixes-1.0.3-all.jar with languages [LanguageSpec[languageName=javafml, acceptedVersions=[47,)]]
[24ago.2026 03:56:22.389] [main/DEBUG] [net.minecraftforge.fml.loading.moddiscovery.ModFileParser/LOADING]: Considering mod file candidate /home/pedro/Documentos/java/deceasedcraft/BigBangExpeditions/.staging/server/mods/nanny-1.0.6.jar
[24ago.2026 03:56:22.389] [main/DEBUG] [net.minecraftforge.fml.loading.moddiscovery.ModFile/LOADING]: Loading mod file /home/pedro/Documentos/java/deceasedcraft/BigBangExpeditions/.staging/server/mods/nanny-1.0.6.jar with languages [LanguageSpec[languageName=javafml, acceptedVersions=[43,)]]
[24ago.2026 03:56:22.390] [main/DEBUG] [net.minecraftforge.fml.loading.moddiscovery.ModFileParser/LOADING]: Considering mod file candidate /home/pedro/Documentos/java/deceasedcraft/BigBangExpeditions/.staging/server/mods/modernfix-forge-5.25.1+mc1.20.1.jar
[24ago.2026 03:56:22.390] [main/DEBUG] [net.minecraftforge.fml.loading.moddiscovery.ModFile/LOADING]: Loading mod file /home/pedro/Documentos/java/deceasedcraft/BigBangExpeditions/.staging/server/mods/modernfix-forge-5.25.1+mc1.20.1.jar with languages [LanguageSpec[languageName=javafml, acceptedVersions=[46,)]]
[24ago.2026 03:56:22.390] [main/DEBUG] [net.minecraftforge.fml.loading.moddiscovery.ModFileParser/LOADING]: Considering mod file candidate /home/pedro/Documentos/java/deceasedcraft/BigBangExpeditions/.staging/server/mods/horror_element_mod-1.6.2-forge-1.20.1.jar
[24ago.2026 03:56:22.391] [main/DEBUG] [net.minecraftforge.fml.loading.moddiscovery.ModFile/LOADING]: Loading mod file /home/pedro/Documentos/java/deceasedcraft/BigBangExpeditions/.staging/server/mods/horror_element_mod-1.6.2-forge-1.20.1.jar with languages [LanguageSpec[languageName=javafml, acceptedVersions=[47,)]]
[24ago.2026 03:56:22.391] [main/DEBUG] [net.minecraftforge.fml.loading.moddiscovery.ModFileParser/LOADING]: Considering mod file candidate /home/pedro/Documentos/java/deceasedcraft/BigBangExpeditions/.staging/server/mods/plushie_buddies-0.1.6-1.20.1.jar
[24ago.2026 03:56:22.391] [main/DEBUG] [net.minecraftforge.fml.loading.moddiscovery.ModFile/LOADING]: Loading mod file /home/pedro/Documentos/java/deceasedcraft/BigBangExpeditions/.staging/server/mods/plushie_buddies-0.1.6-1.20.1.jar with languages [LanguageSpec[languageName=javafml, acceptedVersions=[47,)]]
[24ago.2026 03:56:22.391] [main/DEBUG] [net.minecraftforge.fml.loading.moddiscovery.ModFileParser/LOADING]: Considering mod file candidate /home/pedro/Documentos/java/deceasedcraft/BigBangExpeditions/.staging/server/mods/YungsApi-1.20-Forge-4.0.6.jar
[24ago.2026 03:56:22.391] [main/DEBUG] [net.minecraftforge.fml.loading.moddiscovery.ModFile/LOADING]: Loading mod file /home/pedro/Documentos/java/deceasedcraft/BigBangExpeditions/.staging/server/mods/YungsApi-1.20-Forge-4.0.6.jar with languages [LanguageSpec[languageName=javafml, acceptedVersions=[46,)]]
[24ago.2026 03:56:22.391] [main/DEBUG] [net.minecraftforge.fml.loading.moddiscovery.ModFileParser/LOADING]: Considering mod file candidate /home/pedro/Documentos/java/deceasedcraft/BigBangExpeditions/.staging/server/mods/MaxHealthFix-Forge-1.20.1-12.0.3.jar
[24ago.2026 03:56:22.391] [main/DEBUG] [net.minecraftforge.fml.loading.moddiscovery.ModFile/LOADING]: Loading mod file /home/pedro/Documentos/java/deceasedcraft/BigBangExpeditions/.staging/server/mods/MaxHealthFix-Forge-1.20.1-12.0.3.jar with languages [LanguageSpec[languageName=javafml, acceptedVersions=[47,)]]
[24ago.2026 03:56:22.391] [main/DEBUG] [net.minecraftforge.fml.loading.moddiscovery.ModFileParser/LOADING]: Considering mod file candidate /home/pedro/Documentos/java/deceasedcraft/BigBangExpeditions/.staging/server/mods/clientcrafting-1.20.1-1.8.jar
[24ago.2026 03:56:22.391] [main/DEBUG] [net.minecraftforge.fml.loading.moddiscovery.ModFile/LOADING]: Loading mod file /home/pedro/Documentos/java/deceasedcraft/BigBangExpeditions/.staging/server/mods/clientcrafting-1.20.1-1.8.jar with languages [LanguageSpec[languageName=javafml, acceptedVersions=[36,)]]
[24ago.2026 03:56:22.391] [main/DEBUG] [net.minecraftforge.fml.loading.moddiscovery.ModFileParser/LOADING]: Considering mod file candidate /home/pedro/Documentos/java/deceasedcraft/BigBangExpeditions/.staging/server/mods/letsdo-vinery-forge-1.4.39.jar
[24ago.2026 03:56:22.392] [main/DEBUG] [net.minecraftforge.fml.loading.moddiscovery.ModFile/LOADING]: Loading mod file /home/pedro/Documentos/java/deceasedcraft/BigBangExpeditions/.staging/server/mods/letsdo-vinery-forge-1.4.39.jar with languages [LanguageSpec[languageName=javafml, acceptedVersions=[47,)]]
[24ago.2026 03:56:22.392] [main/DEBUG] [net.minecraftforge.fml.loading.moddiscovery.ModFileParser/LOADING]: Considering mod file candidate /home/pedro/Documentos/java/deceasedcraft/BigBangExpeditions/.staging/server/mods/deceased_expansion-1.10-all.jar
[24ago.2026 03:56:22.392] [main/DEBUG] [net.minecraftforge.fml.loading.moddiscovery.ModFile/LOADING]: Loading mod file /home/pedro/Documentos/java/deceasedcraft/BigBangExpeditions/.staging/server/mods/deceased_expansion-1.10-all.jar with languages [LanguageSpec[languageName=javafml, acceptedVersions=[47,)]]
[24ago.2026 03:56:22.392] [main/DEBUG] [net.minecraftforge.fml.loading.moddiscovery.ModFileParser/LOADING]: Considering mod file candidate /home/pedro/Documentos/java/deceasedcraft/BigBangExpeditions/.staging/server/mods/createdieselgenerators-1.20.1-1.3.5.jar
[24ago.2026 03:56:22.392] [main/DEBUG] [net.minecraftforge.fml.loading.moddiscovery.ModFile/LOADING]: Loading mod file /home/pedro/Documentos/java/deceasedcraft/BigBangExpeditions/.staging/server/mods/createdieselgenerators-1.20.1-1.3.5.jar with languages [LanguageSpec[languageName=javafml, acceptedVersions=[40,)]]
[24ago.2026 03:56:22.392] [main/DEBUG] [net.minecraftforge.fml.loading.moddiscovery.ModFileParser/LOADING]: Considering mod file candidate /home/pedro/Documentos/java/deceasedcraft/BigBangExpeditions/.staging/server/mods/balm-forge-1.20.1-7.3.31-all.jar
[24ago.2026 03:56:22.392] [main/DEBUG] [net.minecraftforge.fml.loading.moddiscovery.ModFile/LOADING]: Loading mod file /home/pedro/Documentos/java/deceasedcraft/BigBangExpeditions/.staging/server/mods/balm-forge-1.20.1-7.3.31-all.jar with languages [LanguageSpec[languageName=javafml, acceptedVersions=[46,)]]
[24ago.2026 03:56:22.392] [main/DEBUG] [net.minecraftforge.fml.loading.moddiscovery.ModFileParser/LOADING]: Considering mod file candidate /home/pedro/Documentos/java/deceasedcraft/BigBangExpeditions/.staging/server/mods/The-Hordes-1.20.1-1.5.4c.jar
[24ago.2026 03:56:22.392] [main/DEBUG] [net.minecraftforge.fml.loading.moddiscovery.ModFile/LOADING]: Loading mod file /home/pedro/Documentos/java/deceasedcraft/BigBangExpeditions/.staging/server/mods/The-Hordes-1.20.1-1.5.4c.jar with languages [LanguageSpec[languageName=javafml, acceptedVersions=[34,)]]
[24ago.2026 03:56:22.392] [main/DEBUG] [net.minecraftforge.fml.loading.moddiscovery.ModFileParser/LOADING]: Considering mod file candidate /home/pedro/Documentos/java/deceasedcraft/BigBangExpeditions/.staging/server/mods/createbetterfps-1.20.1-1.1.1.jar
[24ago.2026 03:56:22.393] [main/DEBUG] [net.minecraftforge.fml.loading.moddiscovery.ModFile/LOADING]: Loading mod file /home/pedro/Documentos/java/deceasedcraft/BigBangExpeditions/.staging/server/mods/createbetterfps-1.20.1-1.1.1.jar with languages [LanguageSpec[languageName=javafml, acceptedVersions=[47,)]]
[24ago.2026 03:56:22.393] [main/DEBUG] [net.minecraftforge.fml.loading.moddiscovery.ModFileParser/LOADING]: Considering mod file candidate /home/pedro/Documentos/java/deceasedcraft/BigBangExpeditions/.staging/server/mods/exposure-1.20.1-1.7.16-forge.jar
[24ago.2026 03:56:22.393] [main/DEBUG] [net.minecraftforge.fml.loading.moddiscovery.ModFile/LOADING]: Loading mod file /home/pedro/Documentos/java/deceasedcraft/BigBangExpeditions/.staging/server/mods/exposure-1.20.1-1.7.16-forge.jar with languages [LanguageSpec[languageName=javafml, acceptedVersions=[47,)]]
[24ago.2026 03:56:22.393] [main/DEBUG] [net.minecraftforge.fml.loading.moddiscovery.ModFileParser/LOADING]: Considering mod file candidate /home/pedro/Documentos/java/deceasedcraft/BigBangExpeditions/.staging/server/mods/cloth-config-11.1.136-forge.jar
[24ago.2026 03:56:22.393] [main/DEBUG] [net.minecraftforge.fml.loading.moddiscovery.ModFile/LOADING]: Loading mod file /home/pedro/Documentos/java/deceasedcraft/BigBangExpeditions/.staging/server/mods/cloth-config-11.1.136-forge.jar with languages [LanguageSpec[languageName=javafml, acceptedVersions=[34,)]]
[24ago.2026 03:56:22.393] [main/DEBUG] [net.minecraftforge.fml.loading.moddiscovery.ModFileParser/LOADING]: Considering mod file candidate /home/pedro/Documentos/java/deceasedcraft/BigBangExpeditions/.staging/server/mods/MOAdecor BATH 1.20.1.jar
[24ago.2026 03:56:22.393] [main/DEBUG] [net.minecraftforge.fml.loading.moddiscovery.ModFile/LOADING]: Loading mod file /home/pedro/Documentos/java/deceasedcraft/BigBangExpeditions/.staging/server/mods/MOAdecor BATH 1.20.1.jar with languages [LanguageSpec[languageName=javafml, acceptedVersions=[47,)]]
[24ago.2026 03:56:22.393] [main/DEBUG] [net.minecraftforge.fml.loading.moddiscovery.ModFileParser/LOADING]: Considering mod file candidate /home/pedro/Documentos/java/deceasedcraft/BigBangExpeditions/.staging/server/mods/biomereplacer-2.1-hippo-forge.jar
[24ago.2026 03:56:22.393] [main/DEBUG] [net.minecraftforge.fml.loading.moddiscovery.ModFile/LOADING]: Loading mod file /home/pedro/Documentos/java/deceasedcraft/BigBangExpeditions/.staging/server/mods/biomereplacer-2.1-hippo-forge.jar with languages [LanguageSpec[languageName=javafml, acceptedVersions=*]]
[24ago.2026 03:56:22.393] [main/DEBUG] [net.minecraftforge.fml.loading.moddiscovery.ModFileParser/LOADING]: Considering mod file candidate /home/pedro/Documentos/java/deceasedcraft/BigBangExpeditions/.staging/server/mods/durabilitytooltip-1.1.6-forge-mc1.20.jar
[24ago.2026 03:56:22.393] [main/DEBUG] [net.minecraftforge.fml.loading.moddiscovery.ModFile/LOADING]: Loading mod file /home/pedro/Documentos/java/deceasedcraft/BigBangExpeditions/.staging/server/mods/durabilitytooltip-1.1.6-forge-mc1.20.jar with languages [LanguageSpec[languageName=javafml, acceptedVersions=[46,)]]
[24ago.2026 03:56:22.393] [main/DEBUG] [net.minecraftforge.fml.loading.moddiscovery.ModFileParser/LOADING]: Considering mod file candidate /home/pedro/Documentos/java/deceasedcraft/BigBangExpeditions/.staging/server/mods/refinedstorage-1.12.4.jar
[24ago.2026 03:56:22.394] [main/DEBUG] [net.minecraftforge.fml.loading.moddiscovery.ModFile/LOADING]: Loading mod file /home/pedro/Documentos/java/deceasedcraft/BigBangExpeditions/.staging/server/mods/refinedstorage-1.12.4.jar with languages [LanguageSpec[languageName=javafml, acceptedVersions=[47,)]]
[24ago.2026 03:56:22.394] [main/DEBUG] [net.minecraftforge.fml.loading.moddiscovery.ModFileParser/LOADING]: Considering mod file candidate /home/pedro/Documentos/java/deceasedcraft/BigBangExpeditions/.staging/server/mods/AdvancementPlaques-1.20.1-forge-1.6.9.jar
[24ago.2026 03:56:22.394] [main/DEBUG] [net.minecraftforge.fml.loading.moddiscovery.ModFile/LOADING]: Loading mod file /home/pedro/Documentos/java/deceasedcraft/BigBangExpeditions/.staging/server/mods/AdvancementPlaques-1.20.1-forge-1.6.9.jar with languages [LanguageSpec[languageName=javafml, acceptedVersions=[47,)]]
[24ago.2026 03:56:22.394] [main/DEBUG] [net.minecraftforge.fml.loading.moddiscovery.ModFileParser/LOADING]: Considering mod file candidate /home/pedro/Documentos/java/deceasedcraft/BigBangExpeditions/.staging/server/mods/corpse-forge-1.20.1-1.0.21.jar
[24ago.2026 03:56:22.394] [main/DEBUG] [net.minecraftforge.fml.loading.moddiscovery.ModFile/LOADING]: Loading mod file /home/pedro/Documentos/java/deceasedcraft/BigBangExpeditions/.staging/server/mods/corpse-forge-1.20.1-1.0.21.jar with languages [LanguageSpec[languageName=javafml, acceptedVersions=*]]
[24ago.2026 03:56:22.394] [main/DEBUG] [net.minecraftforge.fml.loading.moddiscovery.ModFileParser/LOADING]: Considering mod file candidate /home/pedro/Documentos/java/deceasedcraft/BigBangExpeditions/.staging/server/mods/EngineeredSchematics-1.2.3.jar
[24ago.2026 03:56:22.394] [main/DEBUG] [net.minecraftforge.fml.loading.moddiscovery.ModFile/LOADING]: Loading mod file /home/pedro/Documentos/java/deceasedcraft/BigBangExpeditions/.staging/server/mods/EngineeredSchematics-1.2.3.jar with languages [LanguageSpec[languageName=javafml, acceptedVersions=[25,)]]
[24ago.2026 03:56:22.394] [main/DEBUG] [net.minecraftforge.fml.loading.moddiscovery.ModFileParser/LOADING]: Considering mod file candidate /home/pedro/Documentos/java/deceasedcraft/BigBangExpeditions/.staging/server/mods/lmft-1.0.4+1.20.1-forge.jar
[24ago.2026 03:56:22.394] [main/DEBUG] [net.minecraftforge.fml.loading.moddiscovery.ModFile/LOADING]: Loading mod file /home/pedro/Documentos/java/deceasedcraft/BigBangExpeditions/.staging/server/mods/lmft-1.0.4+1.20.1-forge.jar with languages [LanguageSpec[languageName=javafml, acceptedVersions=[47,)]]
[24ago.2026 03:56:22.394] [main/DEBUG] [net.minecraftforge.fml.loading.moddiscovery.ModFileParser/LOADING]: Considering mod file candidate /home/pedro/Documentos/java/deceasedcraft/BigBangExpeditions/.staging/server/mods/fancytrinkets-1.20-3.0.5.jar
[24ago.2026 03:56:22.395] [main/DEBUG] [net.minecraftforge.fml.loading.moddiscovery.ModFile/LOADING]: Loading mod file /home/pedro/Documentos/java/deceasedcraft/BigBangExpeditions/.staging/server/mods/fancytrinkets-1.20-3.0.5.jar with languages [LanguageSpec[languageName=javafml, acceptedVersions=[47,)]]
[24ago.2026 03:56:22.395] [main/DEBUG] [net.minecraftforge.fml.loading.moddiscovery.ModFileParser/LOADING]: Considering mod file candidate /home/pedro/Documentos/java/deceasedcraft/BigBangExpeditions/.staging/server/mods/ftb-xmod-compat-forge-2.1.3.jar
[24ago.2026 03:56:22.395] [main/DEBUG] [net.minecraftforge.fml.loading.moddiscovery.ModFile/LOADING]: Loading mod file /home/pedro/Documentos/java/deceasedcraft/BigBangExpeditions/.staging/server/mods/ftb-xmod-compat-forge-2.1.3.jar with languages [LanguageSpec[languageName=javafml, acceptedVersions=[43,)]]
[24ago.2026 03:56:22.395] [main/DEBUG] [net.minecraftforge.fml.loading.moddiscovery.ModFileParser/LOADING]: Considering mod file candidate /home/pedro/Documentos/java/deceasedcraft/BigBangExpeditions/.staging/server/mods/ImmersiveUI-FORGE-0.3.0.jar
[24ago.2026 03:56:22.395] [main/DEBUG] [net.minecraftforge.fml.loading.moddiscovery.ModFile/LOADING]: Loading mod file /home/pedro/Documentos/java/deceasedcraft/BigBangExpeditions/.staging/server/mods/ImmersiveUI-FORGE-0.3.0.jar with languages [LanguageSpec[languageName=javafml, acceptedVersions=[4,)]]
[24ago.2026 03:56:22.395] [main/DEBUG] [net.minecraftforge.fml.loading.moddiscovery.ModFileParser/LOADING]: Considering mod file candidate /home/pedro/Documentos/java/deceasedcraft/BigBangExpeditions/.staging/server/mods/BetterCompatibilityChecker-forge-4.0.8+mc1.20.1.jar
[24ago.2026 03:56:22.395] [main/DEBUG] [net.minecraftforge.fml.loading.moddiscovery.ModFile/LOADING]: Loading mod file /home/pedro/Documentos/java/deceasedcraft/BigBangExpeditions/.staging/server/mods/BetterCompatibilityChecker-forge-4.0.8+mc1.20.1.jar with languages [LanguageSpec[languageName=javafml, acceptedVersions=[47,)]]
[24ago.2026 03:56:22.395] [main/DEBUG] [net.minecraftforge.fml.loading.moddiscovery.ModFileParser/LOADING]: Considering mod file candidate /home/pedro/Documentos/java/deceasedcraft/BigBangExpeditions/.staging/server/mods/BiomesOPlenty-forge-1.20.1-19.0.0.96.jar
[24ago.2026 03:56:22.396] [main/DEBUG] [net.minecraftforge.fml.loading.moddiscovery.ModFile/LOADING]: Loading mod file /home/pedro/Documentos/java/deceasedcraft/BigBangExpeditions/.staging/server/mods/BiomesOPlenty-forge-1.20.1-19.0.0.96.jar with languages [LanguageSpec[languageName=javafml, acceptedVersions=[47,)]]
[24ago.2026 03:56:22.396] [main/DEBUG] [net.minecraftforge.fml.loading.moddiscovery.ModFileParser/LOADING]: Considering mod file candidate /home/pedro/Documentos/java/deceasedcraft/BigBangExpeditions/.staging/server/mods/TexelsPaintings-forge-1.20.1-10.3.1.jar
[24ago.2026 03:56:22.396] [main/DEBUG] [net.minecraftforge.fml.loading.moddiscovery.ModFile/LOADING]: Loading mod file /home/pedro/Documentos/java/deceasedcraft/BigBangExpeditions/.staging/server/mods/TexelsPaintings-forge-1.20.1-10.3.1.jar with languages [LanguageSpec[languageName=javafml, acceptedVersions=[44,)]]
[24ago.2026 03:56:22.396] [main/DEBUG] [net.minecraftforge.fml.loading.moddiscovery.ModFileParser/LOADING]: Considering mod file candidate /home/pedro/Documentos/java/deceasedcraft/BigBangExpeditions/.staging/server/mods/supermartijn642corelib-1.1.18-forge-mc1.20.1.jar
[24ago.2026 03:56:22.396] [main/DEBUG] [net.minecraftforge.fml.loading.moddiscovery.ModFile/LOADING]: Loading mod file /home/pedro/Documentos/java/deceasedcraft/BigBangExpeditions/.staging/server/mods/supermartijn642corelib-1.1.18-forge-mc1.20.1.jar with languages [LanguageSpec[languageName=javafml, acceptedVersions=[46,)]]
[24ago.2026 03:56:22.396] [main/DEBUG] [net.minecraftforge.fml.loading.moddiscovery.ModFileParser/LOADING]: Considering mod file candidate /home/pedro/Documentos/java/deceasedcraft/BigBangExpeditions/.staging/server/mods/Highlighter-1.20.1-forge-1.1.9.jar
[24ago.2026 03:56:22.396] [main/DEBUG] [net.minecraftforge.fml.loading.moddiscovery.ModFile/LOADING]: Loading mod file /home/pedro/Documentos/java/deceasedcraft/BigBangExpeditions/.staging/server/mods/Highlighter-1.20.1-forge-1.1.9.jar with languages [LanguageSpec[languageName=javafml, acceptedVersions=[46,)]]
[24ago.2026 03:56:22.396] [main/DEBUG] [net.minecraftforge.fml.loading.moddiscovery.ModFileParser/LOADING]: Considering mod file candidate /home/pedro/Documentos/java/deceasedcraft/BigBangExpeditions/.staging/server/mods/spark-1.10.53-forge.jar
[24ago.2026 03:56:22.396] [main/DEBUG] [net.minecraftforge.fml.loading.moddiscovery.ModFile/LOADING]: Loading mod file /home/pedro/Documentos/java/deceasedcraft/BigBangExpeditions/.staging/server/mods/spark-1.10.53-forge.jar with languages [LanguageSpec[languageName=javafml, acceptedVersions=[34,)]]
[24ago.2026 03:56:22.396] [main/DEBUG] [net.minecraftforge.fml.loading.moddiscovery.ModFileParser/LOADING]: Considering mod file candidate /home/pedro/Documentos/java/deceasedcraft/BigBangExpeditions/.staging/server/mods/curios-forge-5.14.1+1.20.1.jar
[24ago.2026 03:56:22.396] [main/DEBUG] [net.minecraftforge.fml.loading.moddiscovery.ModFile/LOADING]: Loading mod file /home/pedro/Documentos/java/deceasedcraft/BigBangExpeditions/.staging/server/mods/curios-forge-5.14.1+1.20.1.jar with languages [LanguageSpec[languageName=javafml, acceptedVersions=[41,)]]
[24ago.2026 03:56:22.396] [main/DEBUG] [net.minecraftforge.fml.loading.moddiscovery.ModFileParser/LOADING]: Considering mod file candidate /home/pedro/Documentos/java/deceasedcraft/BigBangExpeditions/.staging/server/mods/armorpointspp-forge-1.20-3.1.1.jar
[24ago.2026 03:56:22.397] [main/DEBUG] [net.minecraftforge.fml.loading.moddiscovery.ModFile/LOADING]: Loading mod file /home/pedro/Documentos/java/deceasedcraft/BigBangExpeditions/.staging/server/mods/armorpointspp-forge-1.20-3.1.1.jar with languages [LanguageSpec[languageName=javafml, acceptedVersions=[46,)]]
[24ago.2026 03:56:22.397] [main/DEBUG] [net.minecraftforge.fml.loading.moddiscovery.ModFileParser/LOADING]: Considering mod file candidate /home/pedro/Documentos/java/deceasedcraft/BigBangExpeditions/.staging/server/mods/Searchables-forge-1.20.1-1.0.3.jar
[24ago.2026 03:56:22.397] [main/DEBUG] [net.minecraftforge.fml.loading.moddiscovery.ModFile/LOADING]: Loading mod file /home/pedro/Documentos/java/deceasedcraft/BigBangExpeditions/.staging/server/mods/Searchables-forge-1.20.1-1.0.3.jar with languages [LanguageSpec[languageName=javafml, acceptedVersions=[41,)]]
[24ago.2026 03:56:22.397] [main/DEBUG] [net.minecraftforge.fml.loading.moddiscovery.ModFileParser/LOADING]: Considering mod file candidate /home/pedro/Documentos/java/deceasedcraft/BigBangExpeditions/.staging/server/mods/ApothicAttributes-1.20.1-1.3.7.jar
[24ago.2026 03:56:22.397] [main/DEBUG] [net.minecraftforge.fml.loading.moddiscovery.ModFile/LOADING]: Loading mod file /home/pedro/Documentos/java/deceasedcraft/BigBangExpeditions/.staging/server/mods/ApothicAttributes-1.20.1-1.3.7.jar with languages [LanguageSpec[languageName=javafml, acceptedVersions=[32,)]]
[24ago.2026 03:56:22.397] [main/DEBUG] [net.minecraftforge.fml.loading.moddiscovery.ModFileParser/LOADING]: Considering mod file candidate /home/pedro/Documentos/java/deceasedcraft/BigBangExpeditions/.staging/server/mods/legendarytabs-1.20.1-1.1.3.1.jar
[24ago.2026 03:56:22.397] [main/DEBUG] [net.minecraftforge.fml.loading.moddiscovery.ModFile/LOADING]: Loading mod file /home/pedro/Documentos/java/deceasedcraft/BigBangExpeditions/.staging/server/mods/legendarytabs-1.20.1-1.1.3.1.jar with languages [LanguageSpec[languageName=javafml, acceptedVersions=[47,)]]
[24ago.2026 03:56:22.398] [main/DEBUG] [net.minecraftforge.fml.loading.moddiscovery.ModFileParser/LOADING]: Considering mod file candidate /home/pedro/Documentos/java/deceasedcraft/BigBangExpeditions/.staging/server/mods/Atlas Lib-1.20.1-1.1.12.jar
[24ago.2026 03:56:22.398] [main/DEBUG] [net.minecraftforge.fml.loading.moddiscovery.ModFile/LOADING]: Loading mod file /home/pedro/Documentos/java/deceasedcraft/BigBangExpeditions/.staging/server/mods/Atlas Lib-1.20.1-1.1.12.jar with languages [LanguageSpec[languageName=javafml, acceptedVersions=[46,)]]
[24ago.2026 03:56:22.398] [main/DEBUG] [net.minecraftforge.fml.loading.moddiscovery.ModFileParser/LOADING]: Considering mod file candidate /home/pedro/Documentos/java/deceasedcraft/BigBangExpeditions/.staging/server/mods/biomespawnpoint-1.20.1-2.4.jar
[24ago.2026 03:56:22.398] [main/DEBUG] [net.minecraftforge.fml.loading.moddiscovery.ModFile/LOADING]: Loading mod file /home/pedro/Documentos/java/deceasedcraft/BigBangExpeditions/.staging/server/mods/biomespawnpoint-1.20.1-2.4.jar with languages [LanguageSpec[languageName=javafml, acceptedVersions=*]]
[24ago.2026 03:56:22.398] [main/DEBUG] [net.minecraftforge.fml.loading.moddiscovery.ModFileParser/LOADING]: Considering mod file candidate /home/pedro/Documentos/java/deceasedcraft/BigBangExpeditions/.staging/server/mods/cfm-forge-1.20.1-7.0.0-pre36.jar
[24ago.2026 03:56:22.398] [main/DEBUG] [net.minecraftforge.fml.loading.moddiscovery.ModFile/LOADING]: Loading mod file /home/pedro/Documentos/java/deceasedcraft/BigBangExpeditions/.staging/server/mods/cfm-forge-1.20.1-7.0.0-pre36.jar with languages [LanguageSpec[languageName=javafml, acceptedVersions=[39,)]]
[24ago.2026 03:56:22.398] [main/DEBUG] [net.minecraftforge.fml.loading.moddiscovery.ModFileParser/LOADING]: Considering mod file candidate /home/pedro/Documentos/java/deceasedcraft/BigBangExpeditions/.staging/server/mods/wormhole-1.1.16-forge-mc1.20.jar
[24ago.2026 03:56:22.398] [main/DEBUG] [net.minecraftforge.fml.loading.moddiscovery.ModFile/LOADING]: Loading mod file /home/pedro/Documentos/java/deceasedcraft/BigBangExpeditions/.staging/server/mods/wormhole-1.1.16-forge-mc1.20.jar with languages [LanguageSpec[languageName=javafml, acceptedVersions=[46,)]]
[24ago.2026 03:56:22.398] [main/DEBUG] [net.minecraftforge.fml.loading.moddiscovery.ModFileParser/LOADING]: Considering mod file candidate /home/pedro/Documentos/java/deceasedcraft/BigBangExpeditions/.staging/server/mods/Engineers Delight 1.20.1 B.1.4.jar
[24ago.2026 03:56:22.399] [main/DEBUG] [net.minecraftforge.fml.loading.moddiscovery.ModFile/LOADING]: Loading mod file /home/pedro/Documentos/java/deceasedcraft/BigBangExpeditions/.staging/server/mods/Engineers Delight 1.20.1 B.1.4.jar with languages [LanguageSpec[languageName=javafml, acceptedVersions=[47,)]]
[24ago.2026 03:56:22.399] [main/DEBUG] [net.minecraftforge.fml.loading.moddiscovery.ModFileParser/LOADING]: Considering mod file candidate /home/pedro/Documentos/java/deceasedcraft/BigBangExpeditions/.staging/server/mods/enhancedai-2.6.8.jar
[24ago.2026 03:56:22.399] [main/DEBUG] [net.minecraftforge.fml.loading.moddiscovery.ModFile/LOADING]: Loading mod file /home/pedro/Documentos/java/deceasedcraft/BigBangExpeditions/.staging/server/mods/enhancedai-2.6.8.jar with languages [LanguageSpec[languageName=javafml, acceptedVersions=[47,)]]
[24ago.2026 03:56:22.399] [main/DEBUG] [net.minecraftforge.fml.loading.moddiscovery.ModFileParser/LOADING]: Considering mod file candidate /home/pedro/Documentos/java/deceasedcraft/BigBangExpeditions/.staging/server/mods/soundofrain-0.5.0.jar
[24ago.2026 03:56:22.399] [main/DEBUG] [net.minecraftforge.fml.loading.moddiscovery.ModFile/LOADING]: Loading mod file /home/pedro/Documentos/java/deceasedcraft/BigBangExpeditions/.staging/server/mods/soundofrain-0.5.0.jar with languages [LanguageSpec[languageName=javafml, acceptedVersions=[46,)]]
[24ago.2026 03:56:22.399] [main/DEBUG] [net.minecraftforge.fml.loading.moddiscovery.ModFileParser/LOADING]: Considering mod file candidate /home/pedro/Documentos/java/deceasedcraft/BigBangExpeditions/.staging/server/mods/UniLib-1.2.0+1.20.1-forge.jar
[24ago.2026 03:56:22.399] [main/DEBUG] [net.minecraftforge.fml.loading.moddiscovery.ModFile/LOADING]: Loading mod file /home/pedro/Documentos/java/deceasedcraft/BigBangExpeditions/.staging/server/mods/UniLib-1.2.0+1.20.1-forge.jar with languages [LanguageSpec[languageName=javafml, acceptedVersions=[46,)]]
[24ago.2026 03:56:22.399] [main/DEBUG] [net.minecraftforge.fml.loading.moddiscovery.ModFileParser/LOADING]: Considering mod file candidate /home/pedro/Documentos/java/deceasedcraft/BigBangExpeditions/.staging/server/mods/mobtimizations-forge-1.20.1-1.0.0.jar
[24ago.2026 03:56:22.400] [main/DEBUG] [net.minecraftforge.fml.loading.moddiscovery.ModFile/LOADING]: Loading mod file /home/pedro/Documentos/java/deceasedcraft/BigBangExpeditions/.staging/server/mods/mobtimizations-forge-1.20.1-1.0.0.jar with languages [LanguageSpec[languageName=javafml, acceptedVersions=[47,)]]
[24ago.2026 03:56:22.400] [main/DEBUG] [net.minecraftforge.fml.loading.moddiscovery.ModFileParser/LOADING]: Considering mod file candidate /home/pedro/Documentos/java/deceasedcraft/BigBangExpeditions/.staging/server/mods/BigBangExpeditions-1.0.0.jar
[24ago.2026 03:56:22.400] [main/DEBUG] [net.minecraftforge.fml.loading.moddiscovery.ModFileInfo/LOADING]: Found valid mod file BigBangExpeditions-1.0.0.jar with {bigbangexpeditions} mods - versions {1.0.0}
[24ago.2026 03:56:22.400] [main/DEBUG] [net.minecraftforge.fml.loading.moddiscovery.ModFile/LOADING]: Loading mod file /home/pedro/Documentos/java/deceasedcraft/BigBangExpeditions/.staging/server/mods/BigBangExpeditions-1.0.0.jar with languages [LanguageSpec[languageName=javafml, acceptedVersions=[47,)]]
[24ago.2026 03:56:22.400] [main/DEBUG] [net.minecraftforge.fml.loading.moddiscovery.ModFileParser/LOADING]: Considering mod file candidate /home/pedro/Documentos/java/deceasedcraft/BigBangExpeditions/.staging/server/mods/cleanview-1.20.1-v1.jar
[24ago.2026 03:56:22.400] [main/DEBUG] [net.minecraftforge.fml.loading.moddiscovery.ModFile/LOADING]: Loading mod file /home/pedro/Documentos/java/deceasedcraft/BigBangExpeditions/.staging/server/mods/cleanview-1.20.1-v1.jar with languages [LanguageSpec[languageName=javafml, acceptedVersions=[47,)]]
[24ago.2026 03:56:22.400] [main/DEBUG] [net.minecraftforge.fml.loading.moddiscovery.ModFileParser/LOADING]: Considering mod file candidate /home/pedro/Documentos/java/deceasedcraft/BigBangExpeditions/.staging/server/mods/FastLeafDecay-32.jar
[24ago.2026 03:56:22.400] [main/DEBUG] [net.minecraftforge.fml.loading.moddiscovery.ModFile/LOADING]: Loading mod file /home/pedro/Documentos/java/deceasedcraft/BigBangExpeditions/.staging/server/mods/FastLeafDecay-32.jar with languages [LanguageSpec[languageName=javafml, acceptedVersions=[47,)]]
[24ago.2026 03:56:22.400] [main/DEBUG] [net.minecraftforge.fml.loading.moddiscovery.ModFileParser/LOADING]: Considering mod file candidate /home/pedro/Documentos/java/deceasedcraft/BigBangExpeditions/.staging/server/mods/MOAdecor ART 1.20.1.jar
[24ago.2026 03:56:22.400] [main/DEBUG] [net.minecraftforge.fml.loading.moddiscovery.ModFile/LOADING]: Loading mod file /home/pedro/Documentos/java/deceasedcraft/BigBangExpeditions/.staging/server/mods/MOAdecor ART 1.20.1.jar with languages [LanguageSpec[languageName=javafml, acceptedVersions=[47,)]]
[24ago.2026 03:56:22.400] [main/DEBUG] [net.minecraftforge.fml.loading.moddiscovery.ModFileParser/LOADING]: Considering mod file candidate /home/pedro/Documentos/java/deceasedcraft/BigBangExpeditions/.staging/server/mods/DarkPaintings-Forge-1.20.1-17.0.4.jar
[24ago.2026 03:56:22.400] [main/DEBUG] [net.minecraftforge.fml.loading.moddiscovery.ModFile/LOADING]: Loading mod file /home/pedro/Documentos/java/deceasedcraft/BigBangExpeditions/.staging/server/mods/DarkPaintings-Forge-1.20.1-17.0.4.jar with languages [LanguageSpec[languageName=javafml, acceptedVersions=[47,)]]
[24ago.2026 03:56:22.401] [main/DEBUG] [net.minecraftforge.fml.loading.moddiscovery.ModFileParser/LOADING]: Considering mod file candidate /home/pedro/Documentos/java/deceasedcraft/BigBangExpeditions/.staging/server/mods/radium-mc1.20.1-0.12.4+git.26c9d8e.jar
[24ago.2026 03:56:22.401] [main/DEBUG] [net.minecraftforge.fml.loading.moddiscovery.ModFile/LOADING]: Loading mod file /home/pedro/Documentos/java/deceasedcraft/BigBangExpeditions/.staging/server/mods/radium-mc1.20.1-0.12.4+git.26c9d8e.jar with languages [LanguageSpec[languageName=javafml, acceptedVersions=*]]
[24ago.2026 03:56:22.401] [main/DEBUG] [net.minecraftforge.fml.loading.moddiscovery.ModFileParser/LOADING]: Considering mod file candidate /home/pedro/Documentos/java/deceasedcraft/BigBangExpeditions/.staging/server/mods/AlwaysEat-5.2.jar
[24ago.2026 03:56:22.401] [main/DEBUG] [net.minecraftforge.fml.loading.moddiscovery.ModFile/LOADING]: Loading mod file /home/pedro/Documentos/java/deceasedcraft/BigBangExpeditions/.staging/server/mods/AlwaysEat-5.2.jar with languages [LanguageSpec[languageName=javafml, acceptedVersions=[40,)]]
[24ago.2026 03:56:22.401] [main/DEBUG] [net.minecraftforge.fml.loading.moddiscovery.ModFileParser/LOADING]: Considering mod file candidate /home/pedro/Documentos/java/deceasedcraft/BigBangExpeditions/.staging/server/mods/puffish_skills-0.16.5-1.20-forge.jar
[24ago.2026 03:56:22.401] [main/DEBUG] [net.minecraftforge.fml.loading.moddiscovery.ModFile/LOADING]: Loading mod file /home/pedro/Documentos/java/deceasedcraft/BigBangExpeditions/.staging/server/mods/puffish_skills-0.16.5-1.20-forge.jar with languages [LanguageSpec[languageName=javafml, acceptedVersions=[46,)]]
[24ago.2026 03:56:22.401] [main/DEBUG] [net.minecraftforge.fml.loading.moddiscovery.ModFileParser/LOADING]: Considering mod file candidate /home/pedro/Documentos/java/deceasedcraft/BigBangExpeditions/.staging/server/mods/StylishEffects-v8.0.2-1.20.1-Forge.jar
[24ago.2026 03:56:22.402] [main/DEBUG] [net.minecraftforge.fml.loading.moddiscovery.ModFile/LOADING]: Loading mod file /home/pedro/Documentos/java/deceasedcraft/BigBangExpeditions/.staging/server/mods/StylishEffects-v8.0.2-1.20.1-Forge.jar with languages [LanguageSpec[languageName=javafml, acceptedVersions=[47,)]]
[24ago.2026 03:56:22.402] [main/DEBUG] [net.minecraftforge.fml.loading.moddiscovery.ModFileParser/LOADING]: Considering mod file candidate /home/pedro/Documentos/java/deceasedcraft/BigBangExpeditions/.staging/server/mods/createbigcannons-5.9.1-mc.1.20.1-forge.jar
[24ago.2026 03:56:22.402] [main/DEBUG] [net.minecraftforge.fml.loading.moddiscovery.ModFile/LOADING]: Loading mod file /home/pedro/Documentos/java/deceasedcraft/BigBangExpeditions/.staging/server/mods/createbigcannons-5.9.1-mc.1.20.1-forge.jar with languages [LanguageSpec[languageName=javafml, acceptedVersions=[47,)]]
[24ago.2026 03:56:22.402] [main/DEBUG] [net.minecraftforge.fml.loading.moddiscovery.ModFileParser/LOADING]: Considering mod file candidate /home/pedro/Documentos/java/deceasedcraft/BigBangExpeditions/.staging/server/mods/Fastload-Reforged-mc1.20.1-3.4.0.jar
[24ago.2026 03:56:22.402] [main/DEBUG] [net.minecraftforge.fml.loading.moddiscovery.ModFile/LOADING]: Loading mod file /home/pedro/Documentos/java/deceasedcraft/BigBangExpeditions/.staging/server/mods/Fastload-Reforged-mc1.20.1-3.4.0.jar with languages [LanguageSpec[languageName=javafml, acceptedVersions=[47,)]]
[24ago.2026 03:56:22.402] [main/DEBUG] [net.minecraftforge.fml.loading.moddiscovery.ModFileParser/LOADING]: Considering mod file candidate /home/pedro/Documentos/java/deceasedcraft/BigBangExpeditions/.staging/server/mods/Quest Kill Task-0.2.0+1.20.1-forge.jar
[24ago.2026 03:56:22.402] [main/DEBUG] [net.minecraftforge.fml.loading.moddiscovery.ModFile/LOADING]: Loading mod file /home/pedro/Documentos/java/deceasedcraft/BigBangExpeditions/.staging/server/mods/Quest Kill Task-0.2.0+1.20.1-forge.jar with languages [LanguageSpec[languageName=javafml, acceptedVersions=[43,)]]
[24ago.2026 03:56:22.402] [main/DEBUG] [net.minecraftforge.fml.loading.moddiscovery.ModFileParser/LOADING]: Considering mod file candidate /home/pedro/Documentos/java/deceasedcraft/BigBangExpeditions/.staging/server/mods/ftb-library-forge-2001.2.10.jar
[24ago.2026 03:56:22.403] [main/DEBUG] [net.minecraftforge.fml.loading.moddiscovery.ModFile/LOADING]: Loading mod file /home/pedro/Documentos/java/deceasedcraft/BigBangExpeditions/.staging/server/mods/ftb-library-forge-2001.2.10.jar with languages [LanguageSpec[languageName=javafml, acceptedVersions=[47,)]]
[24ago.2026 03:56:22.403] [main/DEBUG] [net.minecraftforge.fml.loading.moddiscovery.ModFileParser/LOADING]: Considering mod file candidate /home/pedro/Documentos/java/deceasedcraft/BigBangExpeditions/.staging/server/mods/CGM-Unofficial-1.4.18+Forge+1.20.1.jar
[24ago.2026 03:56:22.403] [main/DEBUG] [net.minecraftforge.fml.loading.moddiscovery.ModFile/LOADING]: Loading mod file /home/pedro/Documentos/java/deceasedcraft/BigBangExpeditions/.staging/server/mods/CGM-Unofficial-1.4.18+Forge+1.20.1.jar with languages [LanguageSpec[languageName=javafml, acceptedVersions=[46,)]]
[24ago.2026 03:56:22.403] [main/DEBUG] [net.minecraftforge.fml.loading.moddiscovery.ModFileParser/LOADING]: Considering mod file candidate /home/pedro/Documentos/java/deceasedcraft/BigBangExpeditions/.staging/server/mods/harvest-with-ease-forge-1.20.1-9.4.0.jar
[24ago.2026 03:56:22.403] [main/DEBUG] [net.minecraftforge.fml.loading.moddiscovery.ModFile/LOADING]: Loading mod file /home/pedro/Documentos/java/deceasedcraft/BigBangExpeditions/.staging/server/mods/harvest-with-ease-forge-1.20.1-9.4.0.jar with languages [LanguageSpec[languageName=javafml, acceptedVersions=[47,)]]
[24ago.2026 03:56:22.403] [main/DEBUG] [net.minecraftforge.fml.loading.moddiscovery.ModFileParser/LOADING]: Considering mod file candidate /home/pedro/Documentos/java/deceasedcraft/BigBangExpeditions/.staging/server/mods/jsconf-1.1.1.jar
[24ago.2026 03:56:22.403] [main/DEBUG] [net.minecraftforge.fml.loading.moddiscovery.ModFile/LOADING]: Loading mod file /home/pedro/Documentos/java/deceasedcraft/BigBangExpeditions/.staging/server/mods/jsconf-1.1.1.jar with languages [LanguageSpec[languageName=javafml, acceptedVersions=[47,)]]
[24ago.2026 03:56:22.403] [main/DEBUG] [net.minecraftforge.fml.loading.moddiscovery.ModFileParser/LOADING]: Considering mod file candidate /home/pedro/Documentos/java/deceasedcraft/BigBangExpeditions/.staging/server/mods/fastboot-1.20.x-1.2.jar
[24ago.2026 03:56:22.403] [main/DEBUG] [net.minecraftforge.fml.loading.moddiscovery.ModFile/LOADING]: Loading mod file /home/pedro/Documentos/java/deceasedcraft/BigBangExpeditions/.staging/server/mods/fastboot-1.20.x-1.2.jar with languages [LanguageSpec[languageName=javafml, acceptedVersions=[47,)]]
[24ago.2026 03:56:22.404] [main/DEBUG] [net.minecraftforge.fml.loading.moddiscovery.ModFileParser/LOADING]: Considering mod file candidate /home/pedro/Documentos/java/deceasedcraft/BigBangExpeditions/.staging/server/mods/treeharvester-1.20.1-9.1.jar
[24ago.2026 03:56:22.404] [main/DEBUG] [net.minecraftforge.fml.loading.moddiscovery.ModFile/LOADING]: Loading mod file /home/pedro/Documentos/java/deceasedcraft/BigBangExpeditions/.staging/server/mods/treeharvester-1.20.1-9.1.jar with languages [LanguageSpec[languageName=javafml, acceptedVersions=*]]
[24ago.2026 03:56:22.404] [main/DEBUG] [net.minecraftforge.fml.loading.moddiscovery.ModFileParser/LOADING]: Considering mod file candidate /home/pedro/Documentos/java/deceasedcraft/BigBangExpeditions/.staging/server/mods/jei-1.20.1-forge-15.20.0.112.jar
[24ago.2026 03:56:22.404] [main/DEBUG] [net.minecraftforge.fml.loading.moddiscovery.ModFile/LOADING]: Loading mod file /home/pedro/Documentos/java/deceasedcraft/BigBangExpeditions/.staging/server/mods/jei-1.20.1-forge-15.20.0.112.jar with languages [LanguageSpec[languageName=javafml, acceptedVersions=[47,)]]
[24ago.2026 03:56:22.404] [main/DEBUG] [net.minecraftforge.fml.loading.moddiscovery.ModFileParser/LOADING]: Considering mod file candidate /home/pedro/Documentos/java/deceasedcraft/BigBangExpeditions/.staging/server/mods/Nameless Trinkets-1.20.1-1.8.5.jar
[24ago.2026 03:56:22.404] [main/DEBUG] [net.minecraftforge.fml.loading.moddiscovery.ModFile/LOADING]: Loading mod file /home/pedro/Documentos/java/deceasedcraft/BigBangExpeditions/.staging/server/mods/Nameless Trinkets-1.20.1-1.8.5.jar with languages [LanguageSpec[languageName=javafml, acceptedVersions=[47,)]]
[24ago.2026 03:56:22.404] [main/DEBUG] [net.minecraftforge.fml.loading.moddiscovery.ModFileParser/LOADING]: Considering mod file candidate /home/pedro/Documentos/java/deceasedcraft/BigBangExpeditions/.staging/server/mods/AttributeFix-Forge-1.20.1-21.0.4.jar
[24ago.2026 03:56:22.404] [main/DEBUG] [net.minecraftforge.fml.loading.moddiscovery.ModFile/LOADING]: Loading mod file /home/pedro/Documentos/java/deceasedcraft/BigBangExpeditions/.staging/server/mods/AttributeFix-Forge-1.20.1-21.0.4.jar with languages [LanguageSpec[languageName=javafml, acceptedVersions=[47,)]]
[24ago.2026 03:56:22.405] [main/DEBUG] [net.minecraftforge.fml.loading.moddiscovery.ModFileParser/LOADING]: Considering mod file candidate /home/pedro/Documentos/java/deceasedcraft/BigBangExpeditions/.staging/server/mods/flerovium-forge-1.20.1-1.2.16-all.jar
[24ago.2026 03:56:22.405] [main/DEBUG] [net.minecraftforge.fml.loading.moddiscovery.ModFile/LOADING]: Loading mod file /home/pedro/Documentos/java/deceasedcraft/BigBangExpeditions/.staging/server/mods/flerovium-forge-1.20.1-1.2.16-all.jar with languages [LanguageSpec[languageName=javafml, acceptedVersions=[47,)]]
[24ago.2026 03:56:22.405] [main/DEBUG] [net.minecraftforge.fml.loading.moddiscovery.ModFileParser/LOADING]: Considering mod file candidate /home/pedro/Documentos/java/deceasedcraft/BigBangExpeditions/.staging/server/mods/fastasyncworldsave-1.20.1-2.6.jar
[24ago.2026 03:56:22.406] [main/DEBUG] [net.minecraftforge.fml.loading.moddiscovery.ModFile/LOADING]: Loading mod file /home/pedro/Documentos/java/deceasedcraft/BigBangExpeditions/.staging/server/mods/fastasyncworldsave-1.20.1-2.6.jar with languages [LanguageSpec[languageName=javafml, acceptedVersions=[36,)]]
[24ago.2026 03:56:22.406] [main/DEBUG] [net.minecraftforge.fml.loading.moddiscovery.ModFileParser/LOADING]: Considering mod file candidate /home/pedro/Documentos/java/deceasedcraft/BigBangExpeditions/.staging/server/mods/immersive_optimization-forge-1.20.1-0.1.0.jar
[24ago.2026 03:56:22.406] [main/DEBUG] [net.minecraftforge.fml.loading.moddiscovery.ModFile/LOADING]: Loading mod file /home/pedro/Documentos/java/deceasedcraft/BigBangExpeditions/.staging/server/mods/immersive_optimization-forge-1.20.1-0.1.0.jar with languages [LanguageSpec[languageName=javafml, acceptedVersions=[47,)]]
[24ago.2026 03:56:22.406] [main/DEBUG] [net.minecraftforge.fml.loading.moddiscovery.ModFileParser/LOADING]: Considering mod file candidate /home/pedro/Documentos/java/deceasedcraft/BigBangExpeditions/.staging/server/mods/NaturesCompass-1.20.1-1.11.2-forge.jar
[24ago.2026 03:56:22.406] [main/DEBUG] [net.minecraftforge.fml.loading.moddiscovery.ModFile/LOADING]: Loading mod file /home/pedro/Documentos/java/deceasedcraft/BigBangExpeditions/.staging/server/mods/NaturesCompass-1.20.1-1.11.2-forge.jar with languages [LanguageSpec[languageName=javafml, acceptedVersions=[47,)]]
[24ago.2026 03:56:22.406] [main/DEBUG] [net.minecraftforge.fml.loading.moddiscovery.ModFileParser/LOADING]: Considering mod file candidate /home/pedro/Documentos/java/deceasedcraft/BigBangExpeditions/.staging/server/mods/SereneSeasons-forge-1.20.1-9.1.0.2.jar
[24ago.2026 03:56:22.406] [main/DEBUG] [net.minecraftforge.fml.loading.moddiscovery.ModFile/LOADING]: Loading mod file /home/pedro/Documentos/java/deceasedcraft/BigBangExpeditions/.staging/server/mods/SereneSeasons-forge-1.20.1-9.1.0.2.jar with languages [LanguageSpec[languageName=javafml, acceptedVersions=[47,)]]
[24ago.2026 03:56:22.406] [main/DEBUG] [net.minecraftforge.fml.loading.moddiscovery.ModFileParser/LOADING]: Considering mod file candidate /home/pedro/Documentos/java/deceasedcraft/BigBangExpeditions/.staging/server/mods/GlitchCore-forge-1.20.1-0.0.1.1.jar
[24ago.2026 03:56:22.407] [main/DEBUG] [net.minecraftforge.fml.loading.moddiscovery.ModFile/LOADING]: Loading mod file /home/pedro/Documentos/java/deceasedcraft/BigBangExpeditions/.staging/server/mods/GlitchCore-forge-1.20.1-0.0.1.1.jar with languages [LanguageSpec[languageName=javafml, acceptedVersions=[47,)]]
[24ago.2026 03:56:22.407] [main/DEBUG] [net.minecraftforge.fml.loading.moddiscovery.ModFileParser/LOADING]: Considering mod file candidate /home/pedro/Documentos/java/deceasedcraft/BigBangExpeditions/.staging/server/mods/BeeFix-1.20-1.0.7.jar
[24ago.2026 03:56:22.407] [main/DEBUG] [net.minecraftforge.fml.loading.moddiscovery.ModFile/LOADING]: Loading mod file /home/pedro/Documentos/java/deceasedcraft/BigBangExpeditions/.staging/server/mods/BeeFix-1.20-1.0.7.jar with languages [LanguageSpec[languageName=javafml, acceptedVersions=[46,)]]
[24ago.2026 03:56:22.407] [main/DEBUG] [net.minecraftforge.fml.loading.moddiscovery.ModFileParser/LOADING]: Considering mod file candidate /home/pedro/Documentos/java/deceasedcraft/BigBangExpeditions/.staging/server/mods/ClickMachine-1.20.1-8.0.2.jar
[24ago.2026 03:56:22.407] [main/DEBUG] [net.minecraftforge.fml.loading.moddiscovery.ModFile/LOADING]: Loading mod file /home/pedro/Documentos/java/deceasedcraft/BigBangExpeditions/.staging/server/mods/ClickMachine-1.20.1-8.0.2.jar with languages [LanguageSpec[languageName=javafml, acceptedVersions=[32,)]]
[24ago.2026 03:56:22.408] [main/DEBUG] [net.minecraftforge.fml.loading.moddiscovery.ModFileParser/LOADING]: Considering mod file candidate /home/pedro/Documentos/java/deceasedcraft/BigBangExpeditions/.staging/server/mods/scholar-1.20.1-1.1.5.1-forge.jar
[24ago.2026 03:56:22.408] [main/DEBUG] [net.minecraftforge.fml.loading.moddiscovery.ModFile/LOADING]: Loading mod file /home/pedro/Documentos/java/deceasedcraft/BigBangExpeditions/.staging/server/mods/scholar-1.20.1-1.1.5.1-forge.jar with languages [LanguageSpec[languageName=javafml, acceptedVersions=[47,)]]
[24ago.2026 03:56:22.408] [main/DEBUG] [net.minecraftforge.fml.loading.moddiscovery.ModFileParser/LOADING]: Considering mod file candidate /home/pedro/Documentos/java/deceasedcraft/BigBangExpeditions/.staging/server/mods/catalogue-forge-1.20.1-1.8.0.jar
[24ago.2026 03:56:22.408] [main/DEBUG] [net.minecraftforge.fml.loading.moddiscovery.ModFile/LOADING]: Loading mod file /home/pedro/Documentos/java/deceasedcraft/BigBangExpeditions/.staging/server/mods/catalogue-forge-1.20.1-1.8.0.jar with languages [LanguageSpec[languageName=javafml, acceptedVersions=[39,)]]
[24ago.2026 03:56:22.408] [main/DEBUG] [net.minecraftforge.fml.loading.moddiscovery.ModFileParser/LOADING]: Considering mod file candidate /home/pedro/Documentos/java/deceasedcraft/BigBangExpeditions/.staging/server/mods/corpsecurioscompat-1.20.1-Forge-3.1.2.jar
[24ago.2026 03:56:22.408] [main/DEBUG] [net.minecraftforge.fml.loading.moddiscovery.ModFile/LOADING]: Loading mod file /home/pedro/Documentos/java/deceasedcraft/BigBangExpeditions/.staging/server/mods/corpsecurioscompat-1.20.1-Forge-3.1.2.jar with languages [LanguageSpec[languageName=javafml, acceptedVersions=[47,)]]
[24ago.2026 03:56:22.409] [main/DEBUG] [net.minecraftforge.fml.loading.moddiscovery.ModFileParser/LOADING]: Considering mod file candidate /home/pedro/Documentos/java/deceasedcraft/BigBangExpeditions/.staging/server/libraries/net/minecraftforge/forge/1.20.1-47.4.0/forge-1.20.1-47.4.0-universal.jar
[24ago.2026 03:56:22.409] [main/DEBUG] [net.minecraftforge.fml.loading.moddiscovery.ModFile/LOADING]: Loading mod file /home/pedro/Documentos/java/deceasedcraft/BigBangExpeditions/.staging/server/libraries/net/minecraftforge/forge/1.20.1-47.4.0/forge-1.20.1-47.4.0-universal.jar with languages [LanguageSpec[languageName=javafml, acceptedVersions=[24,]]]
[24ago.2026 03:56:22.409] [main/DEBUG] [net.minecraftforge.fml.loading.moddiscovery.ModFileParser/LOADING]: Considering mod file candidate /home/pedro/Documentos/java/deceasedcraft/BigBangExpeditions/.staging/server/mods/chalk-1.20.1-1.6.7.jar
[24ago.2026 03:56:22.409] [main/DEBUG] [net.minecraftforge.fml.loading.moddiscovery.ModFile/LOADING]: Loading mod file /home/pedro/Documentos/java/deceasedcraft/BigBangExpeditions/.staging/server/mods/chalk-1.20.1-1.6.7.jar with languages [LanguageSpec[languageName=javafml, acceptedVersions=[40,)]]
[24ago.2026 03:56:22.409] [main/DEBUG] [net.minecraftforge.fml.loading.moddiscovery.ModFileParser/LOADING]: Considering mod file candidate /home/pedro/Documentos/java/deceasedcraft/BigBangExpeditions/.staging/server/mods/Log-Begone-Forge-1.20.1-1.0.8.jar
[24ago.2026 03:56:22.409] [main/DEBUG] [net.minecraftforge.fml.loading.moddiscovery.ModFile/LOADING]: Loading mod file /home/pedro/Documentos/java/deceasedcraft/BigBangExpeditions/.staging/server/mods/Log-Begone-Forge-1.20.1-1.0.8.jar with languages [LanguageSpec[languageName=javafml, acceptedVersions=[46,)]]
[24ago.2026 03:56:22.409] [main/DEBUG] [net.minecraftforge.fml.loading.moddiscovery.ModFileParser/LOADING]: Considering mod file candidate /home/pedro/Documentos/java/deceasedcraft/BigBangExpeditions/.staging/server/mods/THEUNDEADREVAMPED_1.9O_1.20.1.jar
[24ago.2026 03:56:22.410] [main/DEBUG] [net.minecraftforge.fml.loading.moddiscovery.ModFile/LOADING]: Loading mod file /home/pedro/Documentos/java/deceasedcraft/BigBangExpeditions/.staging/server/mods/THEUNDEADREVAMPED_1.9O_1.20.1.jar with languages [LanguageSpec[languageName=javafml, acceptedVersions=[47,)]]
[24ago.2026 03:56:22.410] [main/DEBUG] [net.minecraftforge.fml.loading.moddiscovery.ModFileParser/LOADING]: Considering mod file candidate /home/pedro/Documentos/java/deceasedcraft/BigBangExpeditions/.staging/server/mods/ZeroCore2-1.20.1-2.1.47.jar
[24ago.2026 03:56:22.410] [main/DEBUG] [net.minecraftforge.fml.loading.moddiscovery.ModFile/LOADING]: Loading mod file /home/pedro/Documentos/java/deceasedcraft/BigBangExpeditions/.staging/server/mods/ZeroCore2-1.20.1-2.1.47.jar with languages [LanguageSpec[languageName=javafml, acceptedVersions=[47,49)]]
[24ago.2026 03:56:22.410] [main/DEBUG] [net.minecraftforge.fml.loading.moddiscovery.ModFileParser/LOADING]: Considering mod file candidate /home/pedro/Documentos/java/deceasedcraft/BigBangExpeditions/.staging/server/mods/createstuffadditionsfix-forge-1.20.1-0.0.0.1.jar
[24ago.2026 03:56:22.410] [main/DEBUG] [net.minecraftforge.fml.loading.moddiscovery.ModFile/LOADING]: Loading mod file /home/pedro/Documentos/java/deceasedcraft/BigBangExpeditions/.staging/server/mods/createstuffadditionsfix-forge-1.20.1-0.0.0.1.jar with languages [LanguageSpec[languageName=javafml, acceptedVersions=[44,)]]
[24ago.2026 03:56:22.410] [main/DEBUG] [net.minecraftforge.fml.loading.moddiscovery.ModFileParser/LOADING]: Considering mod file candidate /home/pedro/Documentos/java/deceasedcraft/BigBangExpeditions/.staging/server/mods/smoothchunk-1.20.1-4.1.jar
[24ago.2026 03:56:22.410] [main/DEBUG] [net.minecraftforge.fml.loading.moddiscovery.ModFile/LOADING]: Loading mod file /home/pedro/Documentos/java/deceasedcraft/BigBangExpeditions/.staging/server/mods/smoothchunk-1.20.1-4.1.jar with languages [LanguageSpec[languageName=javafml, acceptedVersions=[36,)]]
[24ago.2026 03:56:22.410] [main/DEBUG] [net.minecraftforge.fml.loading.moddiscovery.ModFile/LOADING]: Loading mod file /home/pedro/Documentos/java/deceasedcraft/BigBangExpeditions/.staging/server/libraries/net/minecraft/server/1.20.1-20230612.114412/server-1.20.1-20230612.114412-srg.jar with languages [LanguageSpec[languageName=minecraft, acceptedVersions=1]]
[24ago.2026 03:56:22.411] [main/DEBUG] [net.minecraftforge.fml.loading.moddiscovery.ModFileParser/LOADING]: Considering mod file candidate /home/pedro/Documentos/java/deceasedcraft/BigBangExpeditions/.staging/server/mods/voicechat-forge-1.20.1-2.5.34.jar
[24ago.2026 03:56:22.411] [main/DEBUG] [net.minecraftforge.fml.loading.moddiscovery.ModFile/LOADING]: Loading mod file /home/pedro/Documentos/java/deceasedcraft/BigBangExpeditions/.staging/server/mods/voicechat-forge-1.20.1-2.5.34.jar with languages [LanguageSpec[languageName=javafml, acceptedVersions=*]]
[24ago.2026 03:56:22.411] [main/DEBUG] [net.minecraftforge.fml.loading.moddiscovery.ModFileParser/LOADING]: Considering mod file candidate /home/pedro/Documentos/java/deceasedcraft/BigBangExpeditions/.staging/server/mods/LongerChatHistory-1.3-Forge.jar
[24ago.2026 03:56:22.411] [main/DEBUG] [net.minecraftforge.fml.loading.moddiscovery.ModFile/LOADING]: Loading mod file /home/pedro/Documentos/java/deceasedcraft/BigBangExpeditions/.staging/server/mods/LongerChatHistory-1.3-Forge.jar with languages [LanguageSpec[languageName=javafml, acceptedVersions=[42,)]]
[24ago.2026 03:56:22.411] [main/DEBUG] [net.minecraftforge.fml.loading.moddiscovery.ModFileParser/LOADING]: Considering mod file candidate /home/pedro/Documentos/java/deceasedcraft/BigBangExpeditions/.staging/server/mods/TerraBlender-forge-1.20.1-3.0.1.10.jar
[24ago.2026 03:56:22.411] [main/DEBUG] [net.minecraftforge.fml.loading.moddiscovery.ModFile/LOADING]: Loading mod file /home/pedro/Documentos/java/deceasedcraft/BigBangExpeditions/.staging/server/mods/TerraBlender-forge-1.20.1-3.0.1.10.jar with languages [LanguageSpec[languageName=javafml, acceptedVersions=[47,)]]
[24ago.2026 03:56:22.411] [main/DEBUG] [net.minecraftforge.fml.loading.moddiscovery.ModFileParser/LOADING]: Considering mod file candidate /home/pedro/Documentos/java/deceasedcraft/BigBangExpeditions/.staging/server/mods/theoneprobe-1.20.1-10.0.3.jar
[24ago.2026 03:56:22.412] [main/DEBUG] [net.minecraftforge.fml.loading.moddiscovery.ModFile/LOADING]: Loading mod file /home/pedro/Documentos/java/deceasedcraft/BigBangExpeditions/.staging/server/mods/theoneprobe-1.20.1-10.0.3.jar with languages [LanguageSpec[languageName=javafml, acceptedVersions=[47,)]]
[24ago.2026 03:56:22.412] [main/DEBUG] [net.minecraftforge.fml.loading.moddiscovery.ModFileParser/LOADING]: Considering mod file candidate /home/pedro/Documentos/java/deceasedcraft/BigBangExpeditions/.staging/server/mods/bettercombat-forge-1.8.6+1.20.1.jar
[24ago.2026 03:56:22.412] [main/DEBUG] [net.minecraftforge.fml.loading.moddiscovery.ModFile/LOADING]: Loading mod file /home/pedro/Documentos/java/deceasedcraft/BigBangExpeditions/.staging/server/mods/bettercombat-forge-1.8.6+1.20.1.jar with languages [LanguageSpec[languageName=javafml, acceptedVersions=[39,)]]
[24ago.2026 03:56:22.412] [main/DEBUG] [net.minecraftforge.fml.loading.moddiscovery.ModFileParser/LOADING]: Considering mod file candidate /home/pedro/Documentos/java/deceasedcraft/BigBangExpeditions/.staging/server/mods/MouseTweaks-forge-mc1.20.1-2.25.1.jar
[24ago.2026 03:56:22.412] [main/DEBUG] [net.minecraftforge.fml.loading.moddiscovery.ModFile/LOADING]: Loading mod file /home/pedro/Documentos/java/deceasedcraft/BigBangExpeditions/.staging/server/mods/MouseTweaks-forge-mc1.20.1-2.25.1.jar with languages [LanguageSpec[languageName=javafml, acceptedVersions=[46,)]]
[24ago.2026 03:56:22.412] [main/DEBUG] [net.minecraftforge.fml.loading.moddiscovery.ModFileParser/LOADING]: Considering mod file candidate /home/pedro/Documentos/java/deceasedcraft/BigBangExpeditions/.staging/server/mods/ftb-quests-forge-2001.4.16.jar
[24ago.2026 03:56:22.412] [main/DEBUG] [net.minecraftforge.fml.loading.moddiscovery.ModFile/LOADING]: Loading mod file /home/pedro/Documentos/java/deceasedcraft/BigBangExpeditions/.staging/server/mods/ftb-quests-forge-2001.4.16.jar with languages [LanguageSpec[languageName=javafml, acceptedVersions=[39,)]]
[24ago.2026 03:56:22.412] [main/DEBUG] [net.minecraftforge.fml.loading.moddiscovery.ModFileParser/LOADING]: Considering mod file candidate /home/pedro/Documentos/java/deceasedcraft/BigBangExpeditions/.staging/server/mods/Necronomicon-Forge-1.6.0+1.20.1.jar
[24ago.2026 03:56:22.412] [main/DEBUG] [net.minecraftforge.fml.loading.moddiscovery.ModFile/LOADING]: Loading mod file /home/pedro/Documentos/java/deceasedcraft/BigBangExpeditions/.staging/server/mods/Necronomicon-Forge-1.6.0+1.20.1.jar with languages [LanguageSpec[languageName=javafml, acceptedVersions=*]]
[24ago.2026 03:56:22.412] [main/DEBUG] [net.minecraftforge.fml.loading.moddiscovery.ModFileParser/LOADING]: Considering mod file candidate /home/pedro/Documentos/java/deceasedcraft/BigBangExpeditions/.staging/server/mods/ImmersiveEngineering-1.20.1-10.2.0-183.jar
[24ago.2026 03:56:22.413] [main/DEBUG] [net.minecraftforge.fml.loading.moddiscovery.ModFile/LOADING]: Loading mod file /home/pedro/Documentos/java/deceasedcraft/BigBangExpeditions/.staging/server/mods/ImmersiveEngineering-1.20.1-10.2.0-183.jar with languages [LanguageSpec[languageName=javafml, acceptedVersions=[25,)]]
[24ago.2026 03:56:22.413] [main/DEBUG] [net.minecraftforge.fml.loading.moddiscovery.ModFileParser/LOADING]: Considering mod file candidate /home/pedro/Documentos/java/deceasedcraft/BigBangExpeditions/.staging/server/mods/alltheleaks-1.1.1+1.20.1-forge.jar
[24ago.2026 03:56:22.413] [main/DEBUG] [net.minecraftforge.fml.loading.moddiscovery.ModFile/LOADING]: Loading mod file /home/pedro/Documentos/java/deceasedcraft/BigBangExpeditions/.staging/server/mods/alltheleaks-1.1.1+1.20.1-forge.jar with languages [LanguageSpec[languageName=javafml, acceptedVersions=[47,)]]
[24ago.2026 03:56:22.413] [main/DEBUG] [net.minecraftforge.fml.loading.moddiscovery.ModFileParser/LOADING]: Considering mod file candidate /home/pedro/Documentos/java/deceasedcraft/BigBangExpeditions/.staging/server/mods/Corgilib-Forge-1.20.1-4.0.3.4.jar
[24ago.2026 03:56:22.414] [main/DEBUG] [net.minecraftforge.fml.loading.moddiscovery.ModFile/LOADING]: Loading mod file /home/pedro/Documentos/java/deceasedcraft/BigBangExpeditions/.staging/server/mods/Corgilib-Forge-1.20.1-4.0.3.4.jar with languages [LanguageSpec[languageName=javafml, acceptedVersions=[46,)]]
[24ago.2026 03:56:22.414] [main/DEBUG] [net.minecraftforge.fml.loading.moddiscovery.ModFileParser/LOADING]: Considering mod file candidate /home/pedro/Documentos/java/deceasedcraft/BigBangExpeditions/.staging/server/mods/e4mc_minecraft-forge-5.4.1.jar
[24ago.2026 03:56:22.414] [main/DEBUG] [net.minecraftforge.fml.loading.moddiscovery.ModFile/LOADING]: Loading mod file /home/pedro/Documentos/java/deceasedcraft/BigBangExpeditions/.staging/server/mods/e4mc_minecraft-forge-5.4.1.jar with languages [LanguageSpec[languageName=javafml, acceptedVersions=*]]
[24ago.2026 03:56:22.414] [main/DEBUG] [net.minecraftforge.fml.loading.moddiscovery.ModFileParser/LOADING]: Considering mod file candidate /home/pedro/Documentos/java/deceasedcraft/BigBangExpeditions/.staging/server/mods/fastpaintings-1.20-1.2.7.jar
[24ago.2026 03:56:22.414] [main/DEBUG] [net.minecraftforge.fml.loading.moddiscovery.ModFile/LOADING]: Loading mod file /home/pedro/Documentos/java/deceasedcraft/BigBangExpeditions/.staging/server/mods/fastpaintings-1.20-1.2.7.jar with languages [LanguageSpec[languageName=javafml, acceptedVersions=[41,)]]
[24ago.2026 03:56:22.415] [main/DEBUG] [net.minecraftforge.fml.loading.moddiscovery.ModFileParser/LOADING]: Considering mod file candidate /home/pedro/Documentos/java/deceasedcraft/BigBangExpeditions/.staging/server/mods/cfm_wap-1.20.1-forge-1.2.0.jar
[24ago.2026 03:56:22.415] [main/DEBUG] [net.minecraftforge.fml.loading.moddiscovery.ModFile/LOADING]: Loading mod file /home/pedro/Documentos/java/deceasedcraft/BigBangExpeditions/.staging/server/mods/cfm_wap-1.20.1-forge-1.2.0.jar with languages [LanguageSpec[languageName=javafml, acceptedVersions=[47,)]]
[24ago.2026 03:56:22.415] [main/DEBUG] [net.minecraftforge.fml.loading.moddiscovery.ModFileParser/LOADING]: Considering mod file candidate /home/pedro/Documentos/java/deceasedcraft/BigBangExpeditions/.staging/server/mods/pipez-forge-1.20.1-1.2.21.jar
[24ago.2026 03:56:22.415] [main/DEBUG] [net.minecraftforge.fml.loading.moddiscovery.ModFile/LOADING]: Loading mod file /home/pedro/Documentos/java/deceasedcraft/BigBangExpeditions/.staging/server/mods/pipez-forge-1.20.1-1.2.21.jar with languages [LanguageSpec[languageName=javafml, acceptedVersions=*]]
[24ago.2026 03:56:22.415] [main/DEBUG] [net.minecraftforge.fml.loading.moddiscovery.ModFileParser/LOADING]: Considering mod file candidate /home/pedro/Documentos/java/deceasedcraft/BigBangExpeditions/.staging/server/mods/entityjs-0.5.9-1.20.1.jar
[24ago.2026 03:56:22.415] [main/DEBUG] [net.minecraftforge.fml.loading.moddiscovery.ModFile/LOADING]: Loading mod file /home/pedro/Documentos/java/deceasedcraft/BigBangExpeditions/.staging/server/mods/entityjs-0.5.9-1.20.1.jar with languages [LanguageSpec[languageName=javafml, acceptedVersions=[47,)]]
[24ago.2026 03:56:22.415] [main/DEBUG] [net.minecraftforge.fml.loading.moddiscovery.ModFileParser/LOADING]: Considering mod file candidate /home/pedro/Documentos/java/deceasedcraft/BigBangExpeditions/.staging/server/mods/Xaeros_Minimap_25.2.10_Forge_1.20.jar
[24ago.2026 03:56:22.415] [main/DEBUG] [net.minecraftforge.fml.loading.moddiscovery.ModFile/LOADING]: Loading mod file /home/pedro/Documentos/java/deceasedcraft/BigBangExpeditions/.staging/server/mods/Xaeros_Minimap_25.2.10_Forge_1.20.jar with languages [LanguageSpec[languageName=javafml, acceptedVersions=[46,48)]]
[24ago.2026 03:56:22.416] [main/DEBUG] [net.minecraftforge.fml.loading.moddiscovery.ModFileParser/LOADING]: Considering mod file candidate /home/pedro/Documentos/java/deceasedcraft/BigBangExpeditions/.staging/server/mods/bocchium-1.20.1-0.0.3.jar
[24ago.2026 03:56:22.416] [main/DEBUG] [net.minecraftforge.fml.loading.moddiscovery.ModFile/LOADING]: Loading mod file /home/pedro/Documentos/java/deceasedcraft/BigBangExpeditions/.staging/server/mods/bocchium-1.20.1-0.0.3.jar with languages [LanguageSpec[languageName=javafml, acceptedVersions=[36,)]]
[24ago.2026 03:56:22.416] [main/DEBUG] [net.minecraftforge.fml.loading.moddiscovery.ModFileParser/LOADING]: Considering mod file candidate /home/pedro/Documentos/java/deceasedcraft/BigBangExpeditions/.staging/server/mods/[1.20.1] SecurityCraft v1.9.12.jar
[24ago.2026 03:56:22.416] [main/DEBUG] [net.minecraftforge.fml.loading.moddiscovery.ModFile/LOADING]: Loading mod file /home/pedro/Documentos/java/deceasedcraft/BigBangExpeditions/.staging/server/mods/[1.20.1] SecurityCraft v1.9.12.jar with languages [LanguageSpec[languageName=javafml, acceptedVersions=[46,)]]
[24ago.2026 03:56:22.416] [main/DEBUG] [net.minecraftforge.fml.loading.moddiscovery.ModFileParser/LOADING]: Considering mod file candidate /home/pedro/Documentos/java/deceasedcraft/BigBangExpeditions/.staging/server/mods/polymorph-forge-0.49.10+1.20.1.jar
[24ago.2026 03:56:22.416] [main/DEBUG] [net.minecraftforge.fml.loading.moddiscovery.ModFile/LOADING]: Loading mod file /home/pedro/Documentos/java/deceasedcraft/BigBangExpeditions/.staging/server/mods/polymorph-forge-0.49.10+1.20.1.jar with languages [LanguageSpec[languageName=javafml, acceptedVersions=[41,)]]
[24ago.2026 03:56:22.416] [main/DEBUG] [net.minecraftforge.fml.loading.moddiscovery.ModFileParser/LOADING]: Considering mod file candidate /home/pedro/Documentos/java/deceasedcraft/BigBangExpeditions/.staging/server/mods/Zeta-1.0-31.jar
[24ago.2026 03:56:22.416] [main/DEBUG] [net.minecraftforge.fml.loading.moddiscovery.ModFile/LOADING]: Loading mod file /home/pedro/Documentos/java/deceasedcraft/BigBangExpeditions/.staging/server/mods/Zeta-1.0-31.jar with languages [LanguageSpec[languageName=javafml, acceptedVersions=[41,)]]
[24ago.2026 03:56:22.416] [main/DEBUG] [net.minecraftforge.fml.loading.moddiscovery.ModFileParser/LOADING]: Considering mod file candidate /home/pedro/Documentos/java/deceasedcraft/BigBangExpeditions/.staging/server/mods/crittersandcompanions-forge-1.20.1-2.3.5.jar
[24ago.2026 03:56:22.417] [main/DEBUG] [net.minecraftforge.fml.loading.moddiscovery.ModFile/LOADING]: Loading mod file /home/pedro/Documentos/java/deceasedcraft/BigBangExpeditions/.staging/server/mods/crittersandcompanions-forge-1.20.1-2.3.5.jar with languages [LanguageSpec[languageName=javafml, acceptedVersions=[47,)]]
[24ago.2026 03:56:22.417] [main/DEBUG] [net.minecraftforge.fml.loading.moddiscovery.ModFileParser/LOADING]: Considering mod file candidate /home/pedro/Documentos/java/deceasedcraft/BigBangExpeditions/.staging/server/mods/ImmediatelyFast-Forge-1.5.1+1.20.4.jar
[24ago.2026 03:56:22.417] [main/DEBUG] [net.minecraftforge.fml.loading.moddiscovery.ModFile/LOADING]: Loading mod file /home/pedro/Documentos/java/deceasedcraft/BigBangExpeditions/.staging/server/mods/ImmediatelyFast-Forge-1.5.1+1.20.4.jar with languages [LanguageSpec[languageName=javafml, acceptedVersions=[46,)]]
[24ago.2026 03:56:22.417] [main/DEBUG] [net.minecraftforge.fml.loading.moddiscovery.ModFileParser/LOADING]: Considering mod file candidate /home/pedro/Documentos/java/deceasedcraft/BigBangExpeditions/.staging/server/mods/kubejs-create-forge-2001.3.0-build.8.jar
[24ago.2026 03:56:22.417] [main/DEBUG] [net.minecraftforge.fml.loading.moddiscovery.ModFile/LOADING]: Loading mod file /home/pedro/Documentos/java/deceasedcraft/BigBangExpeditions/.staging/server/mods/kubejs-create-forge-2001.3.0-build.8.jar with languages [LanguageSpec[languageName=javafml, acceptedVersions=[40,)]]
[24ago.2026 03:56:22.417] [main/DEBUG] [net.minecraftforge.fml.loading.moddiscovery.ModFileParser/LOADING]: Considering mod file candidate /home/pedro/Documentos/java/deceasedcraft/BigBangExpeditions/.staging/server/mods/FastFurnace-1.20.1-8.0.2.jar
[24ago.2026 03:56:22.417] [main/DEBUG] [net.minecraftforge.fml.loading.moddiscovery.ModFile/LOADING]: Loading mod file /home/pedro/Documentos/java/deceasedcraft/BigBangExpeditions/.staging/server/mods/FastFurnace-1.20.1-8.0.2.jar with languages [LanguageSpec[languageName=javafml, acceptedVersions=[32,)]]
[24ago.2026 03:56:22.417] [main/DEBUG] [net.minecraftforge.fml.loading.moddiscovery.ModFileParser/LOADING]: Considering mod file candidate /home/pedro/Documentos/java/deceasedcraft/BigBangExpeditions/.staging/server/mods/appleskin-forge-mc1.20.1-2.5.1.jar
[24ago.2026 03:56:22.418] [main/DEBUG] [net.minecraftforge.fml.loading.moddiscovery.ModFile/LOADING]: Loading mod file /home/pedro/Documentos/java/deceasedcraft/BigBangExpeditions/.staging/server/mods/appleskin-forge-mc1.20.1-2.5.1.jar with languages [LanguageSpec[languageName=javafml, acceptedVersions=[47,)]]
[24ago.2026 03:56:22.418] [main/DEBUG] [net.minecraftforge.fml.loading.moddiscovery.ModFileParser/LOADING]: Considering mod file candidate /home/pedro/Documentos/java/deceasedcraft/BigBangExpeditions/.staging/server/mods/SpawnerControl-forge-1.20.[1-4]-v1.3.jar
[24ago.2026 03:56:22.418] [main/DEBUG] [net.minecraftforge.fml.loading.moddiscovery.ModFile/LOADING]: Loading mod file /home/pedro/Documentos/java/deceasedcraft/BigBangExpeditions/.staging/server/mods/SpawnerControl-forge-1.20.[1-4]-v1.3.jar with languages [LanguageSpec[languageName=javafml, acceptedVersions=[0,)]]
[24ago.2026 03:56:22.418] [main/DEBUG] [net.minecraftforge.fml.loading.moddiscovery.ModFileParser/LOADING]: Considering mod file candidate /home/pedro/Documentos/java/deceasedcraft/BigBangExpeditions/.staging/server/mods/lootr-forge-1.20-0.7.35.94.jar
[24ago.2026 03:56:22.418] [main/DEBUG] [net.minecraftforge.fml.loading.moddiscovery.ModFile/LOADING]: Loading mod file /home/pedro/Documentos/java/deceasedcraft/BigBangExpeditions/.staging/server/mods/lootr-forge-1.20-0.7.35.94.jar with languages [LanguageSpec[languageName=javafml, acceptedVersions=[44,)]]
[24ago.2026 03:56:22.418] [main/DEBUG] [net.minecraftforge.fml.loading.moddiscovery.ModFileParser/LOADING]: Considering mod file candidate /home/pedro/Documentos/java/deceasedcraft/BigBangExpeditions/.staging/server/mods/PuzzlesLib-v8.1.32-1.20.1-Forge.jar
[24ago.2026 03:56:22.418] [main/DEBUG] [net.minecraftforge.fml.loading.moddiscovery.ModFile/LOADING]: Loading mod file /home/pedro/Documentos/java/deceasedcraft/BigBangExpeditions/.staging/server/mods/PuzzlesLib-v8.1.32-1.20.1-Forge.jar with languages [LanguageSpec[languageName=javafml, acceptedVersions=[47,)]]
[24ago.2026 03:56:22.418] [main/DEBUG] [net.minecraftforge.fml.loading.moddiscovery.ModFileParser/LOADING]: Considering mod file candidate /home/pedro/Documentos/java/deceasedcraft/BigBangExpeditions/.staging/server/mods/apoc_patches-1.0.4-all.jar
[24ago.2026 03:56:22.419] [main/DEBUG] [net.minecraftforge.fml.loading.moddiscovery.ModFile/LOADING]: Loading mod file /home/pedro/Documentos/java/deceasedcraft/BigBangExpeditions/.staging/server/mods/apoc_patches-1.0.4-all.jar with languages [LanguageSpec[languageName=javafml, acceptedVersions=[3.3.0,)]]
[24ago.2026 03:56:22.419] [main/DEBUG] [net.minecraftforge.fml.loading.moddiscovery.ModFileParser/LOADING]: Considering mod file candidate /home/pedro/Documentos/java/deceasedcraft/BigBangExpeditions/.staging/server/mods/ExtremeSoundMuffler-3.49.2-forge-1.20.1.jar
[24ago.2026 03:56:22.419] [main/DEBUG] [net.minecraftforge.fml.loading.moddiscovery.ModFile/LOADING]: Loading mod file /home/pedro/Documentos/java/deceasedcraft/BigBangExpeditions/.staging/server/mods/ExtremeSoundMuffler-3.49.2-forge-1.20.1.jar with languages [LanguageSpec[languageName=javafml, acceptedVersions=47.0.0]]
[24ago.2026 03:56:22.419] [main/DEBUG] [net.minecraftforge.fml.loading.moddiscovery.ModFileParser/LOADING]: Considering mod file candidate /home/pedro/Documentos/java/deceasedcraft/BigBangExpeditions/.staging/server/mods/cosmeticarmorreworked-1.20.1-v1a.jar
[24ago.2026 03:56:22.419] [main/DEBUG] [net.minecraftforge.fml.loading.moddiscovery.ModFile/LOADING]: Loading mod file /home/pedro/Documentos/java/deceasedcraft/BigBangExpeditions/.staging/server/mods/cosmeticarmorreworked-1.20.1-v1a.jar with languages [LanguageSpec[languageName=javafml, acceptedVersions=[47,)]]
[24ago.2026 03:56:22.419] [main/DEBUG] [net.minecraftforge.fml.loading.moddiscovery.ModFileParser/LOADING]: Considering mod file candidate /home/pedro/Documentos/java/deceasedcraft/BigBangExpeditions/.staging/server/mods/explosiveenhancement-1.1.0-1.20.1-client-and-server.jar
[24ago.2026 03:56:22.419] [main/DEBUG] [net.minecraftforge.fml.loading.moddiscovery.ModFile/LOADING]: Loading mod file /home/pedro/Documentos/java/deceasedcraft/BigBangExpeditions/.staging/server/mods/explosiveenhancement-1.1.0-1.20.1-client-and-server.jar with languages [LanguageSpec[languageName=javafml, acceptedVersions=[47,)]]
[24ago.2026 03:56:22.419] [main/DEBUG] [net.minecraftforge.fml.loading.moddiscovery.ModFileParser/LOADING]: Considering mod file candidate /home/pedro/Documentos/java/deceasedcraft/BigBangExpeditions/.staging/server/mods/EuphoriaPatcher-1.7.8-r5.6.1-forge.jar
[24ago.2026 03:56:22.419] [main/DEBUG] [net.minecraftforge.fml.loading.moddiscovery.ModFile/LOADING]: Loading mod file /home/pedro/Documentos/java/deceasedcraft/BigBangExpeditions/.staging/server/mods/EuphoriaPatcher-1.7.8-r5.6.1-forge.jar with languages [LanguageSpec[languageName=javafml, acceptedVersions=[10,)]]
[24ago.2026 03:56:22.419] [main/DEBUG] [net.minecraftforge.fml.loading.moddiscovery.ModFileParser/LOADING]: Considering mod file candidate /home/pedro/Documentos/java/deceasedcraft/BigBangExpeditions/.staging/server/mods/defaultoptions-forge-1.20.1-18.0.4.jar
[24ago.2026 03:56:22.419] [main/DEBUG] [net.minecraftforge.fml.loading.moddiscovery.ModFile/LOADING]: Loading mod file /home/pedro/Documentos/java/deceasedcraft/BigBangExpeditions/.staging/server/mods/defaultoptions-forge-1.20.1-18.0.4.jar with languages [LanguageSpec[languageName=javafml, acceptedVersions=[46,)]]
[24ago.2026 03:56:22.419] [main/DEBUG] [net.minecraftforge.fml.loading.moddiscovery.ModFileParser/LOADING]: Considering mod file candidate /home/pedro/Documentos/java/deceasedcraft/BigBangExpeditions/.staging/server/mods/xptome-1.20.1-2.2.1.jar
[24ago.2026 03:56:22.420] [main/DEBUG] [net.minecraftforge.fml.loading.moddiscovery.ModFile/LOADING]: Loading mod file /home/pedro/Documentos/java/deceasedcraft/BigBangExpeditions/.staging/server/mods/xptome-1.20.1-2.2.1.jar with languages [LanguageSpec[languageName=javafml, acceptedVersions=[46,)]]
[24ago.2026 03:56:22.420] [main/DEBUG] [net.minecraftforge.fml.loading.moddiscovery.ModFileParser/LOADING]: Considering mod file candidate /home/pedro/Documentos/java/deceasedcraft/BigBangExpeditions/.staging/server/mods/Zombie Extreme 1.20.1 0.2.6.jar
[24ago.2026 03:56:22.420] [main/DEBUG] [net.minecraftforge.fml.loading.moddiscovery.ModFile/LOADING]: Loading mod file /home/pedro/Documentos/java/deceasedcraft/BigBangExpeditions/.staging/server/mods/Zombie Extreme 1.20.1 0.2.6.jar with languages [LanguageSpec[languageName=javafml, acceptedVersions=[47,)]]
[24ago.2026 03:56:22.420] [main/DEBUG] [net.minecraftforge.fml.loading.moddiscovery.ModFileParser/LOADING]: Considering mod file candidate /home/pedro/Documentos/java/deceasedcraft/BigBangExpeditions/.staging/server/mods/refueled-1.20.1-2.4.2.jar
[24ago.2026 03:56:22.420] [main/DEBUG] [net.minecraftforge.fml.loading.moddiscovery.ModFile/LOADING]: Loading mod file /home/pedro/Documentos/java/deceasedcraft/BigBangExpeditions/.staging/server/mods/refueled-1.20.1-2.4.2.jar with languages [LanguageSpec[languageName=javafml, acceptedVersions=[47,)]]
[24ago.2026 03:56:22.420] [main/DEBUG] [net.minecraftforge.fml.loading.moddiscovery.ModFileParser/LOADING]: Considering mod file candidate /home/pedro/Documentos/java/deceasedcraft/BigBangExpeditions/.staging/server/mods/MergeEnchantments-FORGE-1.20.[0-4]-v4.3.jar
[24ago.2026 03:56:22.420] [main/DEBUG] [net.minecraftforge.fml.loading.moddiscovery.ModFile/LOADING]: Loading mod file /home/pedro/Documentos/java/deceasedcraft/BigBangExpeditions/.staging/server/mods/MergeEnchantments-FORGE-1.20.[0-4]-v4.3.jar with languages [LanguageSpec[languageName=javafml, acceptedVersions=[0,)]]
[24ago.2026 03:56:22.420] [main/DEBUG] [net.minecraftforge.fml.loading.moddiscovery.ModFileParser/LOADING]: Considering mod file candidate /home/pedro/Documentos/java/deceasedcraft/BigBangExpeditions/.staging/server/mods/v_slab_compat-1.20-2.5.jar
[24ago.2026 03:56:22.420] [main/DEBUG] [net.minecraftforge.fml.loading.moddiscovery.ModFile/LOADING]: Loading mod file /home/pedro/Documentos/java/deceasedcraft/BigBangExpeditions/.staging/server/mods/v_slab_compat-1.20-2.5.jar with languages [LanguageSpec[languageName=javafml, acceptedVersions=[40,)]]
[24ago.2026 03:56:22.421] [main/DEBUG] [net.minecraftforge.fml.loading.moddiscovery.ModFileParser/LOADING]: Considering mod file candidate /home/pedro/Documentos/java/deceasedcraft/BigBangExpeditions/.staging/server/mods/geckolib-forge-1.20.1-4.7.jar
[24ago.2026 03:56:22.421] [main/DEBUG] [net.minecraftforge.fml.loading.moddiscovery.ModFile/LOADING]: Loading mod file /home/pedro/Documentos/java/deceasedcraft/BigBangExpeditions/.staging/server/mods/geckolib-forge-1.20.1-4.7.jar with languages [LanguageSpec[languageName=javafml, acceptedVersions=[47,)]]
[24ago.2026 03:56:22.421] [main/DEBUG] [net.minecraftforge.fml.loading.moddiscovery.ModFileParser/LOADING]: Considering mod file candidate /home/pedro/Documentos/java/deceasedcraft/BigBangExpeditions/.staging/server/mods/recipeessentials-1.20.1-4.0.jar
[24ago.2026 03:56:22.421] [main/DEBUG] [net.minecraftforge.fml.loading.moddiscovery.ModFile/LOADING]: Loading mod file /home/pedro/Documentos/java/deceasedcraft/BigBangExpeditions/.staging/server/mods/recipeessentials-1.20.1-4.0.jar with languages [LanguageSpec[languageName=javafml, acceptedVersions=[36,)]]
[24ago.2026 03:56:22.421] [main/DEBUG] [net.minecraftforge.fml.loading.moddiscovery.ModFileParser/LOADING]: Considering mod file candidate /home/pedro/Documentos/java/deceasedcraft/BigBangExpeditions/.staging/server/mods/naturalist-5.0pre2+forge-1.20.1.jar
[24ago.2026 03:56:22.421] [main/DEBUG] [net.minecraftforge.fml.loading.moddiscovery.ModFile/LOADING]: Loading mod file /home/pedro/Documentos/java/deceasedcraft/BigBangExpeditions/.staging/server/mods/naturalist-5.0pre2+forge-1.20.1.jar with languages [LanguageSpec[languageName=javafml, acceptedVersions=[41,)]]
[24ago.2026 03:56:22.421] [main/DEBUG] [net.minecraftforge.fml.loading.moddiscovery.ModFileParser/LOADING]: Considering mod file candidate /home/pedro/Documentos/java/deceasedcraft/BigBangExpeditions/.staging/server/mods/incontrol-1.20-9.4.5.jar
[24ago.2026 03:56:22.422] [main/DEBUG] [net.minecraftforge.fml.loading.moddiscovery.ModFile/LOADING]: Loading mod file /home/pedro/Documentos/java/deceasedcraft/BigBangExpeditions/.staging/server/mods/incontrol-1.20-9.4.5.jar with languages [LanguageSpec[languageName=javafml, acceptedVersions=[47,)]]
[24ago.2026 03:56:22.422] [main/DEBUG] [net.minecraftforge.fml.loading.moddiscovery.ModFileParser/LOADING]: Considering mod file candidate /home/pedro/Documentos/java/deceasedcraft/BigBangExpeditions/.staging/server/mods/connectivity-1.20.1-7.2.jar
[24ago.2026 03:56:22.422] [main/DEBUG] [net.minecraftforge.fml.loading.moddiscovery.ModFile/LOADING]: Loading mod file /home/pedro/Documentos/java/deceasedcraft/BigBangExpeditions/.staging/server/mods/connectivity-1.20.1-7.2.jar with languages [LanguageSpec[languageName=javafml, acceptedVersions=[28,)]]
[24ago.2026 03:56:22.422] [main/DEBUG] [net.minecraftforge.fml.loading.moddiscovery.ModFileParser/LOADING]: Considering mod file candidate /home/pedro/Documentos/java/deceasedcraft/BigBangExpeditions/.staging/server/mods/immersive_aircraft-1.4.0+1.20.1-forge.jar
[24ago.2026 03:56:22.422] [main/DEBUG] [net.minecraftforge.fml.loading.moddiscovery.ModFile/LOADING]: Loading mod file /home/pedro/Documentos/java/deceasedcraft/BigBangExpeditions/.staging/server/mods/immersive_aircraft-1.4.0+1.20.1-forge.jar with languages [LanguageSpec[languageName=javafml, acceptedVersions=[47,)]]
[24ago.2026 03:56:22.422] [main/DEBUG] [net.minecraftforge.fml.loading.moddiscovery.ModFileParser/LOADING]: Considering mod file candidate /home/pedro/Documentos/java/deceasedcraft/BigBangExpeditions/.staging/server/mods/sophisticatedcore-1.20.1-1.2.106.1235.jar
[24ago.2026 03:56:22.422] [main/DEBUG] [net.minecraftforge.fml.loading.moddiscovery.ModFile/LOADING]: Loading mod file /home/pedro/Documentos/java/deceasedcraft/BigBangExpeditions/.staging/server/mods/sophisticatedcore-1.20.1-1.2.106.1235.jar with languages [LanguageSpec[languageName=javafml, acceptedVersions=[47,)]]
[24ago.2026 03:56:22.422] [main/DEBUG] [net.minecraftforge.fml.loading.moddiscovery.ModFileParser/LOADING]: Considering mod file candidate /home/pedro/Documentos/java/deceasedcraft/BigBangExpeditions/.staging/server/mods/insanelib-1.21.14.jar
[24ago.2026 03:56:22.422] [main/DEBUG] [net.minecraftforge.fml.loading.moddiscovery.ModFile/LOADING]: Loading mod file /home/pedro/Documentos/java/deceasedcraft/BigBangExpeditions/.staging/server/mods/insanelib-1.21.14.jar with languages [LanguageSpec[languageName=javafml, acceptedVersions=[47,)]]
[24ago.2026 03:56:22.422] [main/DEBUG] [net.minecraftforge.fml.loading.moddiscovery.ModFileParser/LOADING]: Considering mod file candidate /home/pedro/Documentos/java/deceasedcraft/BigBangExpeditions/.staging/server/mods/ritchiesprojectilelib-2.1.0+mc.1.20.1-forge.jar
[24ago.2026 03:56:22.422] [main/DEBUG] [net.minecraftforge.fml.loading.moddiscovery.ModFile/LOADING]: Loading mod file /home/pedro/Documentos/java/deceasedcraft/BigBangExpeditions/.staging/server/mods/ritchiesprojectilelib-2.1.0+mc.1.20.1-forge.jar with languages [LanguageSpec[languageName=javafml, acceptedVersions=[47,)]]
[24ago.2026 03:56:22.422] [main/DEBUG] [net.minecraftforge.fml.loading.moddiscovery.ModFileParser/LOADING]: Considering mod file candidate /home/pedro/Documentos/java/deceasedcraft/BigBangExpeditions/.staging/server/mods/betterbiomereblend-1.5.3.jar
[24ago.2026 03:56:22.422] [main/DEBUG] [net.minecraftforge.fml.loading.moddiscovery.ModFile/LOADING]: Loading mod file /home/pedro/Documentos/java/deceasedcraft/BigBangExpeditions/.staging/server/mods/betterbiomereblend-1.5.3.jar with languages [LanguageSpec[languageName=javafml, acceptedVersions=[34,)]]
[24ago.2026 03:56:22.422] [main/DEBUG] [net.minecraftforge.fml.loading.moddiscovery.ModFileParser/LOADING]: Considering mod file candidate /home/pedro/Documentos/java/deceasedcraft/BigBangExpeditions/.staging/server/mods/Controlling-forge-1.20.1-12.0.2.jar
[24ago.2026 03:56:22.423] [main/DEBUG] [net.minecraftforge.fml.loading.moddiscovery.ModFile/LOADING]: Loading mod file /home/pedro/Documentos/java/deceasedcraft/BigBangExpeditions/.staging/server/mods/Controlling-forge-1.20.1-12.0.2.jar with languages [LanguageSpec[languageName=javafml, acceptedVersions=[41,)]]
[24ago.2026 03:56:22.423] [main/DEBUG] [net.minecraftforge.fml.loading.moddiscovery.ModFileParser/LOADING]: Considering mod file candidate /home/pedro/Documentos/java/deceasedcraft/BigBangExpeditions/.staging/server/mods/XaerosWorldMap_1.39.12_Forge_1.20.jar
[24ago.2026 03:56:22.423] [main/DEBUG] [net.minecraftforge.fml.loading.moddiscovery.ModFile/LOADING]: Loading mod file /home/pedro/Documentos/java/deceasedcraft/BigBangExpeditions/.staging/server/mods/XaerosWorldMap_1.39.12_Forge_1.20.jar with languages [LanguageSpec[languageName=javafml, acceptedVersions=[46,48)]]
[24ago.2026 03:56:22.423] [main/DEBUG] [net.minecraftforge.fml.loading.moddiscovery.ModFileParser/LOADING]: Considering mod file candidate /home/pedro/Documentos/java/deceasedcraft/BigBangExpeditions/.staging/server/mods/Placebo-1.20.1-8.6.3.jar
[24ago.2026 03:56:22.423] [main/DEBUG] [net.minecraftforge.fml.loading.moddiscovery.ModFile/LOADING]: Loading mod file /home/pedro/Documentos/java/deceasedcraft/BigBangExpeditions/.staging/server/mods/Placebo-1.20.1-8.6.3.jar with languages [LanguageSpec[languageName=javafml, acceptedVersions=[32,)]]
[24ago.2026 03:56:22.423] [main/DEBUG] [net.minecraftforge.fml.loading.moddiscovery.ModFileParser/LOADING]: Considering mod file candidate /home/pedro/Documentos/java/deceasedcraft/BigBangExpeditions/.staging/server/mods/create_central_kitchen-1.20.1-for-create-6.0.6-1.4.3b.jar
[24ago.2026 03:56:22.424] [main/DEBUG] [net.minecraftforge.fml.loading.moddiscovery.ModFile/LOADING]: Loading mod file /home/pedro/Documentos/java/deceasedcraft/BigBangExpeditions/.staging/server/mods/create_central_kitchen-1.20.1-for-create-6.0.6-1.4.3b.jar with languages [LanguageSpec[languageName=javafml, acceptedVersions=[47,)]]
[24ago.2026 03:56:22.424] [main/DEBUG] [net.minecraftforge.fml.loading.moddiscovery.ModFileParser/LOADING]: Considering mod file candidate /home/pedro/Documentos/java/deceasedcraft/BigBangExpeditions/.staging/server/mods/zombieawareness-1.20.1-1.13.1.jar
[24ago.2026 03:56:22.424] [main/DEBUG] [net.minecraftforge.fml.loading.moddiscovery.ModFile/LOADING]: Loading mod file /home/pedro/Documentos/java/deceasedcraft/BigBangExpeditions/.staging/server/mods/zombieawareness-1.20.1-1.13.1.jar with languages [LanguageSpec[languageName=javafml, acceptedVersions=[47,)]]
[24ago.2026 03:56:22.424] [main/DEBUG] [net.minecraftforge.fml.loading.moddiscovery.ModFileParser/LOADING]: Considering mod file candidate /home/pedro/Documentos/java/deceasedcraft/BigBangExpeditions/.staging/server/mods/gamediscs-0.3.2-forge.jar
[24ago.2026 03:56:22.424] [main/DEBUG] [net.minecraftforge.fml.loading.moddiscovery.ModFile/LOADING]: Loading mod file /home/pedro/Documentos/java/deceasedcraft/BigBangExpeditions/.staging/server/mods/gamediscs-0.3.2-forge.jar with languages [LanguageSpec[languageName=javafml, acceptedVersions=[47,)]]
[24ago.2026 03:56:22.424] [main/DEBUG] [net.minecraftforge.fml.loading.moddiscovery.ModFileParser/LOADING]: Considering mod file candidate /home/pedro/Documentos/java/deceasedcraft/BigBangExpeditions/.staging/server/mods/cobweb-forge-1.20.1-1.0.1.jar
[24ago.2026 03:56:22.424] [main/DEBUG] [net.minecraftforge.fml.loading.moddiscovery.ModFile/LOADING]: Loading mod file /home/pedro/Documentos/java/deceasedcraft/BigBangExpeditions/.staging/server/mods/cobweb-forge-1.20.1-1.0.1.jar with languages [LanguageSpec[languageName=javafml, acceptedVersions=[47,)]]
[24ago.2026 03:56:22.424] [main/DEBUG] [net.minecraftforge.fml.loading.moddiscovery.ModFileParser/LOADING]: Considering mod file candidate /home/pedro/Documentos/java/deceasedcraft/BigBangExpeditions/.staging/server/mods/letsdo-bakery-forge-1.1.15.jar
[24ago.2026 03:56:22.424] [main/DEBUG] [net.minecraftforge.fml.loading.moddiscovery.ModFile/LOADING]: Loading mod file /home/pedro/Documentos/java/deceasedcraft/BigBangExpeditions/.staging/server/mods/letsdo-bakery-forge-1.1.15.jar with languages [LanguageSpec[languageName=javafml, acceptedVersions=[46,)]]
[24ago.2026 03:56:22.424] [main/DEBUG] [net.minecraftforge.fml.loading.moddiscovery.ModFileParser/LOADING]: Considering mod file candidate /home/pedro/Documentos/java/deceasedcraft/BigBangExpeditions/.staging/server/mods/Bookshelf-Forge-1.20.1-20.2.13.jar
[24ago.2026 03:56:22.425] [main/DEBUG] [net.minecraftforge.fml.loading.moddiscovery.ModFile/LOADING]: Loading mod file /home/pedro/Documentos/java/deceasedcraft/BigBangExpeditions/.staging/server/mods/Bookshelf-Forge-1.20.1-20.2.13.jar with languages [LanguageSpec[languageName=javafml, acceptedVersions=[47,)]]
[24ago.2026 03:56:22.425] [main/DEBUG] [net.minecraftforge.fml.loading.moddiscovery.ModFileParser/LOADING]: Considering mod file candidate /home/pedro/Documentos/java/deceasedcraft/BigBangExpeditions/.staging/server/mods/redirected-forge-1.0.0-1.20.1.jar
[24ago.2026 03:56:22.425] [main/DEBUG] [net.minecraftforge.fml.loading.moddiscovery.ModFile/LOADING]: Loading mod file /home/pedro/Documentos/java/deceasedcraft/BigBangExpeditions/.staging/server/mods/redirected-forge-1.0.0-1.20.1.jar with languages [LanguageSpec[languageName=javafml, acceptedVersions=[1,)]]
[24ago.2026 03:56:22.425] [main/DEBUG] [net.minecraftforge.fml.loading.moddiscovery.ModFileParser/LOADING]: Considering mod file candidate /home/pedro/Documentos/java/deceasedcraft/BigBangExpeditions/.staging/server/mods/redeco-1.14.1-forge-1.20.1.jar
[24ago.2026 03:56:22.425] [main/DEBUG] [net.minecraftforge.fml.loading.moddiscovery.ModFile/LOADING]: Loading mod file /home/pedro/Documentos/java/deceasedcraft/BigBangExpeditions/.staging/server/mods/redeco-1.14.1-forge-1.20.1.jar with languages [LanguageSpec[languageName=javafml, acceptedVersions=[40,)]]
[24ago.2026 03:56:22.425] [main/DEBUG] [net.minecraftforge.fml.loading.moddiscovery.ModFileParser/LOADING]: Considering mod file candidate /home/pedro/Documentos/java/deceasedcraft/BigBangExpeditions/.staging/server/mods/sophisticatedbackpacks-1.20.1-3.24.10.1404.jar
[24ago.2026 03:56:22.425] [main/DEBUG] [net.minecraftforge.fml.loading.moddiscovery.ModFile/LOADING]: Loading mod file /home/pedro/Documentos/java/deceasedcraft/BigBangExpeditions/.staging/server/mods/sophisticatedbackpacks-1.20.1-3.24.10.1404.jar with languages [LanguageSpec[languageName=javafml, acceptedVersions=[47,)]]
[24ago.2026 03:56:22.425] [main/DEBUG] [net.minecraftforge.fml.loading.moddiscovery.ModFileParser/LOADING]: Considering mod file candidate /home/pedro/Documentos/java/deceasedcraft/BigBangExpeditions/.staging/server/mods/simpleplanes-1.20.1-5.3.3.jar
[24ago.2026 03:56:22.425] [main/DEBUG] [net.minecraftforge.fml.loading.moddiscovery.ModFile/LOADING]: Loading mod file /home/pedro/Documentos/java/deceasedcraft/BigBangExpeditions/.staging/server/mods/simpleplanes-1.20.1-5.3.3.jar with languages [LanguageSpec[languageName=javafml, acceptedVersions=[47,)]]
[24ago.2026 03:56:22.425] [main/DEBUG] [net.minecraftforge.fml.loading.moddiscovery.ModFileParser/LOADING]: Considering mod file candidate /home/pedro/Documentos/java/deceasedcraft/BigBangExpeditions/.staging/server/mods/carryon-forge-1.20.1-2.1.2.7.jar
[24ago.2026 03:56:22.425] [main/DEBUG] [net.minecraftforge.fml.loading.moddiscovery.ModFile/LOADING]: Loading mod file /home/pedro/Documentos/java/deceasedcraft/BigBangExpeditions/.staging/server/mods/carryon-forge-1.20.1-2.1.2.7.jar with languages [LanguageSpec[languageName=javafml, acceptedVersions=[46,)]]
[24ago.2026 03:56:22.425] [main/DEBUG] [net.minecraftforge.fml.loading.moddiscovery.ModFileParser/LOADING]: Considering mod file candidate /home/pedro/Documentos/java/deceasedcraft/BigBangExpeditions/.staging/server/mods/melody_forge_1.0.3_MC_1.20.1-1.20.4.jar
[24ago.2026 03:56:22.425] [main/DEBUG] [net.minecraftforge.fml.loading.moddiscovery.ModFile/LOADING]: Loading mod file /home/pedro/Documentos/java/deceasedcraft/BigBangExpeditions/.staging/server/mods/melody_forge_1.0.3_MC_1.20.1-1.20.4.jar with languages [LanguageSpec[languageName=javafml, acceptedVersions=[47,)]]
[24ago.2026 03:56:22.425] [main/DEBUG] [net.minecraftforge.fml.loading.moddiscovery.ModFileParser/LOADING]: Considering mod file candidate /home/pedro/Documentos/java/deceasedcraft/BigBangExpeditions/.staging/server/mods/baguettelib-1.20.1-Forge-1.0.0.jar
[24ago.2026 03:56:22.426] [main/DEBUG] [net.minecraftforge.fml.loading.moddiscovery.ModFile/LOADING]: Loading mod file /home/pedro/Documentos/java/deceasedcraft/BigBangExpeditions/.staging/server/mods/baguettelib-1.20.1-Forge-1.0.0.jar with languages [LanguageSpec[languageName=javafml, acceptedVersions=[4,)]]
[24ago.2026 03:56:22.426] [main/DEBUG] [net.minecraftforge.fml.loading.moddiscovery.ModFileParser/LOADING]: Considering mod file candidate /home/pedro/Documentos/java/deceasedcraft/BigBangExpeditions/.staging/server/mods/interiors-0.5.6+forge-mc1.20.1-local.jar
[24ago.2026 03:56:22.426] [main/DEBUG] [net.minecraftforge.fml.loading.moddiscovery.ModFile/LOADING]: Loading mod file /home/pedro/Documentos/java/deceasedcraft/BigBangExpeditions/.staging/server/mods/interiors-0.5.6+forge-mc1.20.1-local.jar with languages [LanguageSpec[languageName=javafml, acceptedVersions=[47,)]]
[24ago.2026 03:56:22.426] [main/DEBUG] [net.minecraftforge.fml.loading.moddiscovery.ModFileParser/LOADING]: Considering mod file candidate /home/pedro/Documentos/java/deceasedcraft/BigBangExpeditions/.staging/server/mods/ftb-teams-forge-2001.3.1.jar
[24ago.2026 03:56:22.426] [main/DEBUG] [net.minecraftforge.fml.loading.moddiscovery.ModFile/LOADING]: Loading mod file /home/pedro/Documentos/java/deceasedcraft/BigBangExpeditions/.staging/server/mods/ftb-teams-forge-2001.3.1.jar with languages [LanguageSpec[languageName=javafml, acceptedVersions=[47,)]]
[24ago.2026 03:56:22.426] [main/DEBUG] [net.minecraftforge.fml.loading.moddiscovery.ModFileParser/LOADING]: Considering mod file candidate /home/pedro/Documentos/java/deceasedcraft/BigBangExpeditions/.staging/server/mods/lostradar-1.20-1.1.0.jar
[24ago.2026 03:56:22.426] [main/DEBUG] [net.minecraftforge.fml.loading.moddiscovery.ModFile/LOADING]: Loading mod file /home/pedro/Documentos/java/deceasedcraft/BigBangExpeditions/.staging/server/mods/lostradar-1.20-1.1.0.jar with languages [LanguageSpec[languageName=javafml, acceptedVersions=[47,)]]
[24ago.2026 03:56:22.426] [main/DEBUG] [net.minecraftforge.fml.loading.moddiscovery.ModFileParser/LOADING]: Considering mod file candidate /home/pedro/Documentos/java/deceasedcraft/BigBangExpeditions/.staging/server/mods/dummmmmmy-1.20-2.0.9.jar
[24ago.2026 03:56:22.426] [main/DEBUG] [net.minecraftforge.fml.loading.moddiscovery.ModFile/LOADING]: Loading mod file /home/pedro/Documentos/java/deceasedcraft/BigBangExpeditions/.staging/server/mods/dummmmmmy-1.20-2.0.9.jar with languages [LanguageSpec[languageName=javafml, acceptedVersions=[40,)]]
[24ago.2026 03:56:22.427] [main/DEBUG] [net.minecraftforge.fml.loading.moddiscovery.ModFileParser/LOADING]: Considering mod file candidate /home/pedro/Documentos/java/deceasedcraft/BigBangExpeditions/.staging/server/mods/konkrete_forge_1.8.0_MC_1.20-1.20.1.jar
[24ago.2026 03:56:22.427] [main/DEBUG] [net.minecraftforge.fml.loading.moddiscovery.ModFile/LOADING]: Loading mod file /home/pedro/Documentos/java/deceasedcraft/BigBangExpeditions/.staging/server/mods/konkrete_forge_1.8.0_MC_1.20-1.20.1.jar with languages [LanguageSpec[languageName=javafml, acceptedVersions=[46,)]]
[24ago.2026 03:56:22.427] [main/DEBUG] [net.minecraftforge.fml.loading.moddiscovery.ModFileParser/LOADING]: Considering mod file candidate /home/pedro/Documentos/java/deceasedcraft/BigBangExpeditions/.staging/server/mods/EquipmentCompare-1.20.1-forge-1.3.7.jar
[24ago.2026 03:56:22.427] [main/DEBUG] [net.minecraftforge.fml.loading.moddiscovery.ModFile/LOADING]: Loading mod file /home/pedro/Documentos/java/deceasedcraft/BigBangExpeditions/.staging/server/mods/EquipmentCompare-1.20.1-forge-1.3.7.jar with languages [LanguageSpec[languageName=javafml, acceptedVersions=[46,)]]
[24ago.2026 03:56:22.427] [main/DEBUG] [net.minecraftforge.fml.loading.moddiscovery.ModFileParser/LOADING]: Considering mod file candidate /home/pedro/Documentos/java/deceasedcraft/BigBangExpeditions/.staging/server/mods/item_scrapper-1.2.9.jar
[24ago.2026 03:56:22.427] [main/DEBUG] [net.minecraftforge.fml.loading.moddiscovery.ModFile/LOADING]: Loading mod file /home/pedro/Documentos/java/deceasedcraft/BigBangExpeditions/.staging/server/mods/item_scrapper-1.2.9.jar with languages [LanguageSpec[languageName=javafml, acceptedVersions=[47,)]]
[24ago.2026 03:56:22.427] [main/DEBUG] [net.minecraftforge.fml.loading.moddiscovery.ModFileParser/LOADING]: Considering mod file candidate /home/pedro/Documentos/java/deceasedcraft/BigBangExpeditions/.staging/server/mods/FarmersDelight-1.20.1-1.2.9.jar
[24ago.2026 03:56:22.427] [main/DEBUG] [net.minecraftforge.fml.loading.moddiscovery.ModFile/LOADING]: Loading mod file /home/pedro/Documentos/java/deceasedcraft/BigBangExpeditions/.staging/server/mods/FarmersDelight-1.20.1-1.2.9.jar with languages [LanguageSpec[languageName=javafml, acceptedVersions=[46,)]]
[24ago.2026 03:56:22.428] [main/DEBUG] [net.minecraftforge.fml.loading.moddiscovery.ModFileParser/LOADING]: Considering mod file candidate /home/pedro/Documentos/java/deceasedcraft/BigBangExpeditions/.staging/server/mods/MCreatorMemFix-1.0.4.jar
[24ago.2026 03:56:22.428] [main/DEBUG] [net.minecraftforge.fml.loading.moddiscovery.ModFile/LOADING]: Loading mod file /home/pedro/Documentos/java/deceasedcraft/BigBangExpeditions/.staging/server/mods/MCreatorMemFix-1.0.4.jar with languages [LanguageSpec[languageName=javafml, acceptedVersions=[44,)]]
[24ago.2026 03:56:22.428] [main/DEBUG] [net.minecraftforge.fml.loading.moddiscovery.ModFileParser/LOADING]: Considering mod file candidate /home/pedro/Documentos/java/deceasedcraft/BigBangExpeditions/.staging/server/mods/refinedpolymorph-0.1.1-1.20.1.jar
[24ago.2026 03:56:22.428] [main/DEBUG] [net.minecraftforge.fml.loading.moddiscovery.ModFile/LOADING]: Loading mod file /home/pedro/Documentos/java/deceasedcraft/BigBangExpeditions/.staging/server/mods/refinedpolymorph-0.1.1-1.20.1.jar with languages [LanguageSpec[languageName=javafml, acceptedVersions=[47,)]]
[24ago.2026 03:56:22.428] [main/DEBUG] [net.minecraftforge.fml.loading.moddiscovery.ModFileParser/LOADING]: Considering mod file candidate /home/pedro/Documentos/java/deceasedcraft/BigBangExpeditions/.staging/server/mods/embellishcraft-1.20.1-7.0.0.0.jar
[24ago.2026 03:56:22.428] [main/DEBUG] [net.minecraftforge.fml.loading.moddiscovery.ModFile/LOADING]: Loading mod file /home/pedro/Documentos/java/deceasedcraft/BigBangExpeditions/.staging/server/mods/embellishcraft-1.20.1-7.0.0.0.jar with languages [LanguageSpec[languageName=javafml, acceptedVersions=[43,)]]
[24ago.2026 03:56:22.428] [main/DEBUG] [net.minecraftforge.fml.loading.moddiscovery.ModFileParser/LOADING]: Considering mod file candidate /home/pedro/Documentos/java/deceasedcraft/BigBangExpeditions/.staging/server/mods/customportalapi-0.0.1-forge-1.20.jar
[24ago.2026 03:56:22.428] [main/DEBUG] [net.minecraftforge.fml.loading.moddiscovery.ModFile/LOADING]: Loading mod file /home/pedro/Documentos/java/deceasedcraft/BigBangExpeditions/.staging/server/mods/customportalapi-0.0.1-forge-1.20.jar with languages [LanguageSpec[languageName=javafml, acceptedVersions=[46,)]]
[24ago.2026 03:56:22.428] [main/DEBUG] [net.minecraftforge.fml.loading.moddiscovery.ModFileParser/LOADING]: Considering mod file candidate /home/pedro/Documentos/java/deceasedcraft/BigBangExpeditions/.staging/server/mods/getittogetherdrops-forge-1.20-1.3.jar
[24ago.2026 03:56:22.428] [main/DEBUG] [net.minecraftforge.fml.loading.moddiscovery.ModFile/LOADING]: Loading mod file /home/pedro/Documentos/java/deceasedcraft/BigBangExpeditions/.staging/server/mods/getittogetherdrops-forge-1.20-1.3.jar with languages [LanguageSpec[languageName=javafml, acceptedVersions=[46,)]]
[24ago.2026 03:56:22.428] [main/DEBUG] [net.minecraftforge.fml.loading.moddiscovery.ModFileParser/LOADING]: Considering mod file candidate /home/pedro/Documentos/java/deceasedcraft/BigBangExpeditions/.staging/server/mods/Chunky-1.3.146.jar
[24ago.2026 03:56:22.429] [main/DEBUG] [net.minecraftforge.fml.loading.moddiscovery.ModFile/LOADING]: Loading mod file /home/pedro/Documentos/java/deceasedcraft/BigBangExpeditions/.staging/server/mods/Chunky-1.3.146.jar with languages [LanguageSpec[languageName=javafml, acceptedVersions=[38,)]]
[24ago.2026 03:56:22.429] [main/DEBUG] [net.minecraftforge.fml.loading.moddiscovery.ModFileParser/LOADING]: Considering mod file candidate /home/pedro/Documentos/java/deceasedcraft/BigBangExpeditions/.staging/server/mods/apocalypsenow-3.0.4NS-forge-1.20.1.jar
[24ago.2026 03:56:22.429] [main/DEBUG] [net.minecraftforge.fml.loading.moddiscovery.ModFile/LOADING]: Loading mod file /home/pedro/Documentos/java/deceasedcraft/BigBangExpeditions/.staging/server/mods/apocalypsenow-3.0.4NS-forge-1.20.1.jar with languages [LanguageSpec[languageName=javafml, acceptedVersions=[47,)]]
[24ago.2026 03:56:22.429] [main/DEBUG] [net.minecraftforge.fml.loading.moddiscovery.ModFileParser/LOADING]: Considering mod file candidate /home/pedro/Documentos/java/deceasedcraft/BigBangExpeditions/.staging/server/mods/simplylight-1.20.1-1.4.6-build.50.jar
[24ago.2026 03:56:22.429] [main/DEBUG] [net.minecraftforge.fml.loading.moddiscovery.ModFile/LOADING]: Loading mod file /home/pedro/Documentos/java/deceasedcraft/BigBangExpeditions/.staging/server/mods/simplylight-1.20.1-1.4.6-build.50.jar with languages [LanguageSpec[languageName=javafml, acceptedVersions=[46,)]]
[24ago.2026 03:56:22.429] [main/DEBUG] [net.minecraftforge.fml.loading.moddiscovery.ModFileParser/LOADING]: Considering mod file candidate /home/pedro/Documentos/java/deceasedcraft/BigBangExpeditions/.staging/server/mods/spacecatasb-forge-20.14.0.jar
[24ago.2026 03:56:22.429] [main/DEBUG] [net.minecraftforge.fml.loading.moddiscovery.ModFile/LOADING]: Loading mod file /home/pedro/Documentos/java/deceasedcraft/BigBangExpeditions/.staging/server/mods/spacecatasb-forge-20.14.0.jar with languages [LanguageSpec[languageName=javafml, acceptedVersions=[47,)]]
[24ago.2026 03:56:22.429] [main/DEBUG] [net.minecraftforge.fml.loading.moddiscovery.ModFileParser/LOADING]: Considering mod file candidate /home/pedro/Documentos/java/deceasedcraft/BigBangExpeditions/.staging/server/mods/lostsouls-1.20-4.1.6.jar
[24ago.2026 03:56:22.429] [main/DEBUG] [net.minecraftforge.fml.loading.moddiscovery.ModFile/LOADING]: Loading mod file /home/pedro/Documentos/java/deceasedcraft/BigBangExpeditions/.staging/server/mods/lostsouls-1.20-4.1.6.jar with languages [LanguageSpec[languageName=javafml, acceptedVersions=[47,)]]
[24ago.2026 03:56:22.429] [main/DEBUG] [net.minecraftforge.fml.loading.moddiscovery.ModFileParser/LOADING]: Considering mod file candidate /home/pedro/Documentos/java/deceasedcraft/BigBangExpeditions/.staging/server/mods/modelfix-1.15.jar
[24ago.2026 03:56:22.430] [main/DEBUG] [net.minecraftforge.fml.loading.moddiscovery.ModFile/LOADING]: Loading mod file /home/pedro/Documentos/java/deceasedcraft/BigBangExpeditions/.staging/server/mods/modelfix-1.15.jar with languages [LanguageSpec[languageName=javafml, acceptedVersions=[38,)]]
[24ago.2026 03:56:22.430] [main/DEBUG] [net.minecraftforge.fml.loading.moddiscovery.ModFileParser/LOADING]: Considering mod file candidate /home/pedro/Documentos/java/deceasedcraft/BigBangExpeditions/.staging/server/mods/Patchouli-1.20.1-84.1-FORGE.jar
[24ago.2026 03:56:22.430] [main/DEBUG] [net.minecraftforge.fml.loading.moddiscovery.ModFile/LOADING]: Loading mod file /home/pedro/Documentos/java/deceasedcraft/BigBangExpeditions/.staging/server/mods/Patchouli-1.20.1-84.1-FORGE.jar with languages [LanguageSpec[languageName=javafml, acceptedVersions=[47,)]]
[24ago.2026 03:56:22.430] [main/DEBUG] [net.minecraftforge.fml.loading.moddiscovery.ModFileParser/LOADING]: Considering mod file candidate /home/pedro/Documentos/java/deceasedcraft/BigBangExpeditions/.staging/server/mods/collective-1.20.1-8.3.jar
[24ago.2026 03:56:22.430] [main/DEBUG] [net.minecraftforge.fml.loading.moddiscovery.ModFile/LOADING]: Loading mod file /home/pedro/Documentos/java/deceasedcraft/BigBangExpeditions/.staging/server/mods/collective-1.20.1-8.3.jar with languages [LanguageSpec[languageName=javafml, acceptedVersions=*]]
[24ago.2026 03:56:22.430] [main/DEBUG] [net.minecraftforge.fml.loading.moddiscovery.ModFileParser/LOADING]: Considering mod file candidate /home/pedro/Documentos/java/deceasedcraft/BigBangExpeditions/.staging/server/mods/ytongame_hostingmenu-1.0.1.jar
[24ago.2026 03:56:22.430] [main/DEBUG] [net.minecraftforge.fml.loading.moddiscovery.ModFile/LOADING]: Loading mod file /home/pedro/Documentos/java/deceasedcraft/BigBangExpeditions/.staging/server/mods/ytongame_hostingmenu-1.0.1.jar with languages [LanguageSpec[languageName=javafml, acceptedVersions=[47,)]]
[24ago.2026 03:56:22.430] [main/DEBUG] [net.minecraftforge.fml.loading.moddiscovery.ModFileParser/LOADING]: Considering mod file candidate /home/pedro/Documentos/java/deceasedcraft/BigBangExpeditions/.staging/server/mods/lostcities-1.20-7.4.11.jar
[24ago.2026 03:56:22.430] [main/DEBUG] [net.minecraftforge.fml.loading.moddiscovery.ModFileInfo/LOADING]: Found valid mod file lostcities-1.20-7.4.11.jar with {lostcities} mods - versions {1.20-7.4.11}
[24ago.2026 03:56:22.430] [main/DEBUG] [net.minecraftforge.fml.loading.moddiscovery.ModFile/LOADING]: Loading mod file /home/pedro/Documentos/java/deceasedcraft/BigBangExpeditions/.staging/server/mods/lostcities-1.20-7.4.11.jar with languages [LanguageSpec[languageName=javafml, acceptedVersions=[47,)]]
[24ago.2026 03:56:22.430] [main/DEBUG] [net.minecraftforge.fml.loading.moddiscovery.ModFileParser/LOADING]: Considering mod file candidate /home/pedro/Documentos/java/deceasedcraft/BigBangExpeditions/.staging/server/mods/legendarysurvivaloverhaul-1.20.1-2.3.23.1.jar
[24ago.2026 03:56:22.430] [main/DEBUG] [net.minecraftforge.fml.loading.moddiscovery.ModFile/LOADING]: Loading mod file /home/pedro/Documentos/java/deceasedcraft/BigBangExpeditions/.staging/server/mods/legendarysurvivaloverhaul-1.20.1-2.3.23.1.jar with languages [LanguageSpec[languageName=javafml, acceptedVersions=[47,)]]
[24ago.2026 03:56:22.430] [main/DEBUG] [net.minecraftforge.fml.loading.moddiscovery.ModFileParser/LOADING]: Considering mod file candidate /home/pedro/Documentos/java/deceasedcraft/BigBangExpeditions/.staging/server/mods/CustomNPCs-1.20.1-GBPort-Unofficial-20251031.jar
[24ago.2026 03:56:22.431] [main/DEBUG] [net.minecraftforge.fml.loading.moddiscovery.ModFile/LOADING]: Loading mod file /home/pedro/Documentos/java/deceasedcraft/BigBangExpeditions/.staging/server/mods/CustomNPCs-1.20.1-GBPort-Unofficial-20251031.jar with languages [LanguageSpec[languageName=javafml, acceptedVersions=[47,)]]
[24ago.2026 03:56:22.431] [main/DEBUG] [net.minecraftforge.fml.loading.moddiscovery.ModFileParser/LOADING]: Considering mod file candidate /home/pedro/Documentos/java/deceasedcraft/BigBangExpeditions/.staging/server/mods/create_hypertube-0.2.5-FORGE.jar
[24ago.2026 03:56:22.431] [main/DEBUG] [net.minecraftforge.fml.loading.moddiscovery.ModFile/LOADING]: Loading mod file /home/pedro/Documentos/java/deceasedcraft/BigBangExpeditions/.staging/server/mods/create_hypertube-0.2.5-FORGE.jar with languages [LanguageSpec[languageName=javafml, acceptedVersions=[47,)]]
[24ago.2026 03:56:22.431] [main/DEBUG] [net.minecraftforge.fml.loading.moddiscovery.ModFileParser/LOADING]: Considering mod file candidate /home/pedro/Documentos/java/deceasedcraft/BigBangExpeditions/.staging/server/mods/starterkit-1.20.1-7.4.jar
[24ago.2026 03:56:22.431] [main/DEBUG] [net.minecraftforge.fml.loading.moddiscovery.ModFile/LOADING]: Loading mod file /home/pedro/Documentos/java/deceasedcraft/BigBangExpeditions/.staging/server/mods/starterkit-1.20.1-7.4.jar with languages [LanguageSpec[languageName=javafml, acceptedVersions=*]]
[24ago.2026 03:56:22.431] [main/DEBUG] [net.minecraftforge.fml.loading.moddiscovery.ModFileParser/LOADING]: Considering mod file candidate /home/pedro/Documentos/java/deceasedcraft/BigBangExpeditions/.staging/server/mods/architectury-9.2.14-forge.jar
[24ago.2026 03:56:22.431] [main/DEBUG] [net.minecraftforge.fml.loading.moddiscovery.ModFile/LOADING]: Loading mod file /home/pedro/Documentos/java/deceasedcraft/BigBangExpeditions/.staging/server/mods/architectury-9.2.14-forge.jar with languages [LanguageSpec[languageName=javafml, acceptedVersions=[46,)]]
[24ago.2026 03:56:22.431] [main/DEBUG] [net.minecraftforge.fml.loading.moddiscovery.ModFileParser/LOADING]: Considering mod file candidate /home/pedro/Documentos/java/deceasedcraft/BigBangExpeditions/.staging/server/mods/AI-Improvements-1.20-0.5.2.jar
[24ago.2026 03:56:22.431] [main/DEBUG] [net.minecraftforge.fml.loading.moddiscovery.ModFile/LOADING]: Loading mod file /home/pedro/Documentos/java/deceasedcraft/BigBangExpeditions/.staging/server/mods/AI-Improvements-1.20-0.5.2.jar with languages [LanguageSpec[languageName=javafml, acceptedVersions=[46,)]]
[24ago.2026 03:56:22.431] [main/DEBUG] [net.minecraftforge.fml.loading.moddiscovery.ModFileParser/LOADING]: Considering mod file candidate /home/pedro/Documentos/java/deceasedcraft/BigBangExpeditions/.staging/server/mods/immersivelanterns-forge-1.0.6-1.20.1.jar
[24ago.2026 03:56:22.432] [main/DEBUG] [net.minecraftforge.fml.loading.moddiscovery.ModFile/LOADING]: Loading mod file /home/pedro/Documentos/java/deceasedcraft/BigBangExpeditions/.staging/server/mods/immersivelanterns-forge-1.0.6-1.20.1.jar with languages [LanguageSpec[languageName=javafml, acceptedVersions=[1,)]]
[24ago.2026 03:56:22.432] [main/DEBUG] [net.minecraftforge.fml.loading.moddiscovery.ModFileParser/LOADING]: Considering mod file candidate /home/pedro/Documentos/java/deceasedcraft/BigBangExpeditions/.staging/server/mods/cupboard-1.20.1-2.7.jar
[24ago.2026 03:56:22.432] [main/DEBUG] [net.minecraftforge.fml.loading.moddiscovery.ModFile/LOADING]: Loading mod file /home/pedro/Documentos/java/deceasedcraft/BigBangExpeditions/.staging/server/mods/cupboard-1.20.1-2.7.jar with languages [LanguageSpec[languageName=javafml, acceptedVersions=[36,)]]
[24ago.2026 03:56:22.432] [main/DEBUG] [net.minecraftforge.fml.loading.moddiscovery.ModFileParser/LOADING]: Considering mod file candidate /home/pedro/Documentos/java/deceasedcraft/BigBangExpeditions/.staging/server/mods/ExtremeReactors2-1.20.1-2.0.94.jar
[24ago.2026 03:56:22.432] [main/DEBUG] [net.minecraftforge.fml.loading.moddiscovery.ModFile/LOADING]: Loading mod file /home/pedro/Documentos/java/deceasedcraft/BigBangExpeditions/.staging/server/mods/ExtremeReactors2-1.20.1-2.0.94.jar with languages [LanguageSpec[languageName=javafml, acceptedVersions=[47,49)]]
[24ago.2026 03:56:22.432] [main/DEBUG] [net.minecraftforge.fml.loading.moddiscovery.ModFileParser/LOADING]: Considering mod file candidate /home/pedro/Documentos/java/deceasedcraft/BigBangExpeditions/.staging/server/mods/refurbished_furniture-forge-1.20.1-1.0.20.jar
[24ago.2026 03:56:22.432] [main/DEBUG] [net.minecraftforge.fml.loading.moddiscovery.ModFile/LOADING]: Loading mod file /home/pedro/Documentos/java/deceasedcraft/BigBangExpeditions/.staging/server/mods/refurbished_furniture-forge-1.20.1-1.0.20.jar with languages [LanguageSpec[languageName=javafml, acceptedVersions=[39,)]]
[24ago.2026 03:56:22.432] [main/DEBUG] [net.minecraftforge.fml.loading.moddiscovery.ModFileParser/LOADING]: Considering mod file candidate /home/pedro/Documentos/java/deceasedcraft/BigBangExpeditions/.staging/server/mods/MRU-1.0.4+1.20.1+forge.jar
[24ago.2026 03:56:22.432] [main/DEBUG] [net.minecraftforge.fml.loading.moddiscovery.ModFile/LOADING]: Loading mod file /home/pedro/Documentos/java/deceasedcraft/BigBangExpeditions/.staging/server/mods/MRU-1.0.4+1.20.1+forge.jar with languages [LanguageSpec[languageName=javafml, acceptedVersions=[47,)]]
[24ago.2026 03:56:22.432] [main/DEBUG] [net.minecraftforge.fml.loading.moddiscovery.ModFileParser/LOADING]: Considering mod file candidate /home/pedro/Documentos/java/deceasedcraft/BigBangExpeditions/.staging/server/mods/trashcans-1.0.18b-forge-mc1.20.jar
[24ago.2026 03:56:22.433] [main/DEBUG] [net.minecraftforge.fml.loading.moddiscovery.ModFile/LOADING]: Loading mod file /home/pedro/Documentos/java/deceasedcraft/BigBangExpeditions/.staging/server/mods/trashcans-1.0.18b-forge-mc1.20.jar with languages [LanguageSpec[languageName=javafml, acceptedVersions=[46,)]]
[24ago.2026 03:56:22.433] [main/DEBUG] [net.minecraftforge.fml.loading.moddiscovery.ModFileParser/LOADING]: Considering mod file candidate /home/pedro/Documentos/java/deceasedcraft/BigBangExpeditions/.staging/server/mods/framework-forge-1.20.1-0.7.15.jar
[24ago.2026 03:56:22.433] [main/DEBUG] [net.minecraftforge.fml.loading.moddiscovery.ModFile/LOADING]: Loading mod file /home/pedro/Documentos/java/deceasedcraft/BigBangExpeditions/.staging/server/mods/framework-forge-1.20.1-0.7.15.jar with languages [LanguageSpec[languageName=javafml, acceptedVersions=[39,)]]
[24ago.2026 03:56:22.433] [main/DEBUG] [net.minecraftforge.fml.loading.moddiscovery.ModFileParser/LOADING]: Considering mod file candidate /home/pedro/Documentos/java/deceasedcraft/BigBangExpeditions/.staging/server/mods/binocularsmod-1.02.jar
[24ago.2026 03:56:22.433] [main/DEBUG] [net.minecraftforge.fml.loading.moddiscovery.ModFile/LOADING]: Loading mod file /home/pedro/Documentos/java/deceasedcraft/BigBangExpeditions/.staging/server/mods/binocularsmod-1.02.jar with languages [LanguageSpec[languageName=javafml, acceptedVersions=[47,)]]
[24ago.2026 03:56:22.433] [main/DEBUG] [net.minecraftforge.fml.loading.moddiscovery.ModFileParser/LOADING]: Considering mod file candidate /home/pedro/Documentos/java/deceasedcraft/BigBangExpeditions/.staging/server/mods/Texture-Locale-Redirector-forge-1.20.1+1.6.0.jar
[24ago.2026 03:56:22.433] [main/DEBUG] [net.minecraftforge.fml.loading.moddiscovery.ModFile/LOADING]: Loading mod file /home/pedro/Documentos/java/deceasedcraft/BigBangExpeditions/.staging/server/mods/Texture-Locale-Redirector-forge-1.20.1+1.6.0.jar with languages [LanguageSpec[languageName=javafml, acceptedVersions=[38,)]]
[24ago.2026 03:56:22.433] [main/DEBUG] [net.minecraftforge.fml.loading.moddiscovery.ModFileParser/LOADING]: Considering mod file candidate /home/pedro/Documentos/java/deceasedcraft/BigBangExpeditions/.staging/server/mods/DragN_Vehicles-1.20.1-1.3.2.jar
[24ago.2026 03:56:22.433] [main/DEBUG] [net.minecraftforge.fml.loading.moddiscovery.ModFile/LOADING]: Loading mod file /home/pedro/Documentos/java/deceasedcraft/BigBangExpeditions/.staging/server/mods/DragN_Vehicles-1.20.1-1.3.2.jar with languages [LanguageSpec[languageName=javafml, acceptedVersions=[47,)]]
[24ago.2026 03:56:22.434] [main/DEBUG] [net.minecraftforge.fml.loading.moddiscovery.ModFileParser/LOADING]: Considering mod file candidate /home/pedro/Documentos/java/deceasedcraft/BigBangExpeditions/.staging/server/mods/puffish_attributes-0.7.6-1.20-forge.jar
[24ago.2026 03:56:22.434] [main/DEBUG] [net.minecraftforge.fml.loading.moddiscovery.ModFile/LOADING]: Loading mod file /home/pedro/Documentos/java/deceasedcraft/BigBangExpeditions/.staging/server/mods/puffish_attributes-0.7.6-1.20-forge.jar with languages [LanguageSpec[languageName=javafml, acceptedVersions=[46,)]]
[24ago.2026 03:56:22.434] [main/DEBUG] [net.minecraftforge.fml.loading.moddiscovery.ModFileParser/LOADING]: Considering mod file candidate /home/pedro/Documentos/java/deceasedcraft/BigBangExpeditions/.staging/server/mods/letmedespawn-1.20.x-forge-1.5.0.jar
[24ago.2026 03:56:22.434] [main/DEBUG] [net.minecraftforge.fml.loading.moddiscovery.ModFile/LOADING]: Loading mod file /home/pedro/Documentos/java/deceasedcraft/BigBangExpeditions/.staging/server/mods/letmedespawn-1.20.x-forge-1.5.0.jar with languages [LanguageSpec[languageName=javafml, acceptedVersions=[47,)]]
[24ago.2026 03:56:22.434] [main/DEBUG] [net.minecraftforge.fml.loading.moddiscovery.ModFileParser/LOADING]: Considering mod file candidate /home/pedro/Documentos/java/deceasedcraft/BigBangExpeditions/.staging/server/mods/YeetusExperimentus-Forge-2.3.1-build.6+mc1.20.1.jar
[24ago.2026 03:56:22.434] [main/DEBUG] [net.minecraftforge.fml.loading.moddiscovery.ModFile/LOADING]: Loading mod file /home/pedro/Documentos/java/deceasedcraft/BigBangExpeditions/.staging/server/mods/YeetusExperimentus-Forge-2.3.1-build.6+mc1.20.1.jar with languages [LanguageSpec[languageName=javafml, acceptedVersions=[44,)]]
[24ago.2026 03:56:22.434] [main/DEBUG] [net.minecraftforge.fml.loading.moddiscovery.ModFileParser/LOADING]: Considering mod file candidate /home/pedro/Documentos/java/deceasedcraft/BigBangExpeditions/.staging/server/mods/BetterAdvancements-Forge-1.20.1-0.4.2.10.jar
[24ago.2026 03:56:22.435] [main/DEBUG] [net.minecraftforge.fml.loading.moddiscovery.ModFile/LOADING]: Loading mod file /home/pedro/Documentos/java/deceasedcraft/BigBangExpeditions/.staging/server/mods/BetterAdvancements-Forge-1.20.1-0.4.2.10.jar with languages [LanguageSpec[languageName=javafml, acceptedVersions=[47,)]]
[24ago.2026 03:56:22.435] [main/DEBUG] [net.minecraftforge.fml.loading.moddiscovery.ModFileParser/LOADING]: Considering mod file candidate /home/pedro/Documentos/java/deceasedcraft/BigBangExpeditions/.staging/server/mods/CraftPresence-2.7.0+1.20.1-forge.jar
[24ago.2026 03:56:22.435] [main/DEBUG] [net.minecraftforge.fml.loading.moddiscovery.ModFile/LOADING]: Loading mod file /home/pedro/Documentos/java/deceasedcraft/BigBangExpeditions/.staging/server/mods/CraftPresence-2.7.0+1.20.1-forge.jar with languages [LanguageSpec[languageName=javafml, acceptedVersions=[46,)]]
[24ago.2026 03:56:22.435] [main/DEBUG] [net.minecraftforge.fml.loading.moddiscovery.ModFileParser/LOADING]: Considering mod file candidate /home/pedro/Documentos/java/deceasedcraft/BigBangExpeditions/.staging/server/mods/JustOutdoorStuffs-1.20.1-forge-v1.0.2.jar
[24ago.2026 03:56:22.435] [main/DEBUG] [net.minecraftforge.fml.loading.moddiscovery.ModFile/LOADING]: Loading mod file /home/pedro/Documentos/java/deceasedcraft/BigBangExpeditions/.staging/server/mods/JustOutdoorStuffs-1.20.1-forge-v1.0.2.jar with languages [LanguageSpec[languageName=javafml, acceptedVersions=[47,)]]
[24ago.2026 03:56:22.435] [main/DEBUG] [net.minecraftforge.fml.loading.moddiscovery.ModFileParser/LOADING]: Considering mod file candidate /home/pedro/Documentos/java/deceasedcraft/BigBangExpeditions/.staging/server/mods/rhino-forge-2001.2.3-build.10.jar
[24ago.2026 03:56:22.436] [main/DEBUG] [net.minecraftforge.fml.loading.moddiscovery.ModFile/LOADING]: Loading mod file /home/pedro/Documentos/java/deceasedcraft/BigBangExpeditions/.staging/server/mods/rhino-forge-2001.2.3-build.10.jar with languages [LanguageSpec[languageName=javafml, acceptedVersions=[38,)]]
[24ago.2026 03:56:22.436] [main/DEBUG] [net.minecraftforge.fml.loading.moddiscovery.ModFileParser/LOADING]: Considering mod file candidate /home/pedro/Documentos/java/deceasedcraft/BigBangExpeditions/.staging/server/mods/biomesize-1.20.1-1.5.jar
[24ago.2026 03:56:22.436] [main/DEBUG] [net.minecraftforge.fml.loading.moddiscovery.ModFile/LOADING]: Loading mod file /home/pedro/Documentos/java/deceasedcraft/BigBangExpeditions/.staging/server/mods/biomesize-1.20.1-1.5.jar with languages [LanguageSpec[languageName=javafml, acceptedVersions=[36,)]]
[24ago.2026 03:56:22.436] [main/DEBUG] [net.minecraftforge.fml.loading.moddiscovery.ModFileParser/LOADING]: Considering mod file candidate /home/pedro/Documentos/java/deceasedcraft/BigBangExpeditions/.staging/server/mods/trashslot-forge-1.20-15.1.2.jar
[24ago.2026 03:56:22.436] [main/DEBUG] [net.minecraftforge.fml.loading.moddiscovery.ModFile/LOADING]: Loading mod file /home/pedro/Documentos/java/deceasedcraft/BigBangExpeditions/.staging/server/mods/trashslot-forge-1.20-15.1.2.jar with languages [LanguageSpec[languageName=javafml, acceptedVersions=[46,)]]
[24ago.2026 03:56:22.436] [main/DEBUG] [net.minecraftforge.fml.loading.moddiscovery.ModFileParser/LOADING]: Considering mod file candidate /home/pedro/Documentos/java/deceasedcraft/BigBangExpeditions/.staging/server/mods/OctoLib-FORGE-0.5.0.1+1.20.1.jar
[24ago.2026 03:56:22.436] [main/DEBUG] [net.minecraftforge.fml.loading.moddiscovery.ModFile/LOADING]: Loading mod file /home/pedro/Documentos/java/deceasedcraft/BigBangExpeditions/.staging/server/mods/OctoLib-FORGE-0.5.0.1+1.20.1.jar with languages [LanguageSpec[languageName=javafml, acceptedVersions=[47,)]]
[24ago.2026 03:56:22.436] [main/DEBUG] [net.minecraftforge.fml.loading.moddiscovery.ModFileParser/LOADING]: Considering mod file candidate /home/pedro/Documentos/java/deceasedcraft/BigBangExpeditions/.staging/server/mods/item-filters-forge-2001.1.0-build.59.jar
[24ago.2026 03:56:22.436] [main/DEBUG] [net.minecraftforge.fml.loading.moddiscovery.ModFile/LOADING]: Loading mod file /home/pedro/Documentos/java/deceasedcraft/BigBangExpeditions/.staging/server/mods/item-filters-forge-2001.1.0-build.59.jar with languages [LanguageSpec[languageName=javafml, acceptedVersions=[47,)]]
[24ago.2026 03:56:22.436] [main/DEBUG] [net.minecraftforge.fml.loading.moddiscovery.ModFileParser/LOADING]: Considering mod file candidate /home/pedro/Documentos/java/deceasedcraft/BigBangExpeditions/.staging/server/mods/Pretty Rain-1.20.1-Forge-1.1.3.jar
[24ago.2026 03:56:22.437] [main/DEBUG] [net.minecraftforge.fml.loading.moddiscovery.ModFile/LOADING]: Loading mod file /home/pedro/Documentos/java/deceasedcraft/BigBangExpeditions/.staging/server/mods/Pretty Rain-1.20.1-Forge-1.1.3.jar with languages [LanguageSpec[languageName=javafml, acceptedVersions=[4,)]]
[24ago.2026 03:56:22.437] [main/DEBUG] [net.minecraftforge.fml.loading.moddiscovery.ModFileParser/LOADING]: Considering mod file candidate /home/pedro/Documentos/java/deceasedcraft/BigBangExpeditions/.staging/server/mods/create-1.20.1-6.0.6.jar
[24ago.2026 03:56:22.437] [main/DEBUG] [net.minecraftforge.fml.loading.moddiscovery.ModFile/LOADING]: Loading mod file /home/pedro/Documentos/java/deceasedcraft/BigBangExpeditions/.staging/server/mods/create-1.20.1-6.0.6.jar with languages [LanguageSpec[languageName=javafml, acceptedVersions=[47,)]]
[24ago.2026 03:56:22.437] [main/DEBUG] [net.minecraftforge.fml.loading.moddiscovery.ModFileParser/LOADING]: Considering mod file candidate /home/pedro/Documentos/java/deceasedcraft/BigBangExpeditions/.staging/server/mods/BuildersDelight-1.20.1-v.1.3.jar
[24ago.2026 03:56:22.437] [main/DEBUG] [net.minecraftforge.fml.loading.moddiscovery.ModFile/LOADING]: Loading mod file /home/pedro/Documentos/java/deceasedcraft/BigBangExpeditions/.staging/server/mods/BuildersDelight-1.20.1-v.1.3.jar with languages [LanguageSpec[languageName=javafml, acceptedVersions=[47,)]]
[24ago.2026 03:56:22.437] [main/DEBUG] [net.minecraftforge.fml.loading.moddiscovery.ModFileParser/LOADING]: Considering mod file candidate /home/pedro/Documentos/java/deceasedcraft/BigBangExpeditions/.staging/server/mods/TaxFreeLevels-1.4.14-forge-1.20.1.jar
[24ago.2026 03:56:22.437] [main/DEBUG] [net.minecraftforge.fml.loading.moddiscovery.ModFile/LOADING]: Loading mod file /home/pedro/Documentos/java/deceasedcraft/BigBangExpeditions/.staging/server/mods/TaxFreeLevels-1.4.14-forge-1.20.1.jar with languages [LanguageSpec[languageName=javafml, acceptedVersions=[43,)]]
[24ago.2026 03:56:22.437] [main/DEBUG] [net.minecraftforge.fml.loading.moddiscovery.ModFileParser/LOADING]: Considering mod file candidate /home/pedro/Documentos/java/deceasedcraft/BigBangExpeditions/.staging/server/mods/Clumps-forge-1.20.1-12.0.0.4.jar
[24ago.2026 03:56:22.438] [main/DEBUG] [net.minecraftforge.fml.loading.moddiscovery.ModFile/LOADING]: Loading mod file /home/pedro/Documentos/java/deceasedcraft/BigBangExpeditions/.staging/server/mods/Clumps-forge-1.20.1-12.0.0.4.jar with languages [LanguageSpec[languageName=javafml, acceptedVersions=[41,)]]
[24ago.2026 03:56:22.438] [main/DEBUG] [net.minecraftforge.fml.loading.moddiscovery.ModFileParser/LOADING]: Considering mod file candidate /home/pedro/Documentos/java/deceasedcraft/BigBangExpeditions/.staging/server/mods/FastSuite-1.20.1-5.1.0.jar
[24ago.2026 03:56:22.438] [main/DEBUG] [net.minecraftforge.fml.loading.moddiscovery.ModFile/LOADING]: Loading mod file /home/pedro/Documentos/java/deceasedcraft/BigBangExpeditions/.staging/server/mods/FastSuite-1.20.1-5.1.0.jar with languages [LanguageSpec[languageName=javafml, acceptedVersions=[32,)]]
[24ago.2026 03:56:22.438] [main/DEBUG] [net.minecraftforge.fml.loading.moddiscovery.ModFileParser/LOADING]: Considering mod file candidate /home/pedro/Documentos/java/deceasedcraft/BigBangExpeditions/.staging/server/mods/weaponthrow-1.20.1-6.0-beta.1.jar
[24ago.2026 03:56:22.438] [main/DEBUG] [net.minecraftforge.fml.loading.moddiscovery.ModFile/LOADING]: Loading mod file /home/pedro/Documentos/java/deceasedcraft/BigBangExpeditions/.staging/server/mods/weaponthrow-1.20.1-6.0-beta.1.jar with languages [LanguageSpec[languageName=javafml, acceptedVersions=[47,)]]
[24ago.2026 03:56:22.438] [main/DEBUG] [net.minecraftforge.fml.loading.moddiscovery.ModFileParser/LOADING]: Considering mod file candidate /home/pedro/Documentos/java/deceasedcraft/BigBangExpeditions/.staging/server/mods/ezvcsurvival-forge-1.20.1-1.4.2.jar
[24ago.2026 03:56:22.438] [main/DEBUG] [net.minecraftforge.fml.loading.moddiscovery.ModFile/LOADING]: Loading mod file /home/pedro/Documentos/java/deceasedcraft/BigBangExpeditions/.staging/server/mods/ezvcsurvival-forge-1.20.1-1.4.2.jar with languages [LanguageSpec[languageName=javafml, acceptedVersions=[47,)]]
[24ago.2026 03:56:22.438] [main/DEBUG] [net.minecraftforge.fml.loading.moddiscovery.ModFileParser/LOADING]: Considering mod file candidate /home/pedro/Documentos/java/deceasedcraft/BigBangExpeditions/.staging/server/mods/comforts-forge-6.4.0+1.20.1.jar
[24ago.2026 03:56:22.438] [main/DEBUG] [net.minecraftforge.fml.loading.moddiscovery.ModFile/LOADING]: Loading mod file /home/pedro/Documentos/java/deceasedcraft/BigBangExpeditions/.staging/server/mods/comforts-forge-6.4.0+1.20.1.jar with languages [LanguageSpec[languageName=javafml, acceptedVersions=[46,)]]
[24ago.2026 03:56:22.439] [main/DEBUG] [net.minecraftforge.fml.loading.moddiscovery.ModFileParser/LOADING]: Considering mod file candidate /home/pedro/Documentos/java/deceasedcraft/BigBangExpeditions/.staging/server/mods/alternate_current-mc1.20-1.7.0.jar
[24ago.2026 03:56:22.439] [main/DEBUG] [net.minecraftforge.fml.loading.moddiscovery.ModFile/LOADING]: Loading mod file /home/pedro/Documentos/java/deceasedcraft/BigBangExpeditions/.staging/server/mods/alternate_current-mc1.20-1.7.0.jar with languages [LanguageSpec[languageName=javafml, acceptedVersions=[47,)]]
[24ago.2026 03:56:22.439] [main/DEBUG] [net.minecraftforge.fml.loading.moddiscovery.ModFileParser/LOADING]: Considering mod file candidate /home/pedro/Documentos/java/deceasedcraft/BigBangExpeditions/.staging/server/mods/artifacts-forge-9.5.16.jar
[24ago.2026 03:56:22.439] [main/DEBUG] [net.minecraftforge.fml.loading.moddiscovery.ModFile/LOADING]: Loading mod file /home/pedro/Documentos/java/deceasedcraft/BigBangExpeditions/.staging/server/mods/artifacts-forge-9.5.16.jar with languages [LanguageSpec[languageName=javafml, acceptedVersions=[47,)]]
[24ago.2026 03:56:22.439] [main/DEBUG] [net.minecraftforge.fml.loading.moddiscovery.ModFileParser/LOADING]: Considering mod file candidate /home/pedro/Documentos/java/deceasedcraft/BigBangExpeditions/.staging/server/mods/configured-forge-1.20.1-2.2.3.jar
[24ago.2026 03:56:22.439] [main/DEBUG] [net.minecraftforge.fml.loading.moddiscovery.ModFile/LOADING]: Loading mod file /home/pedro/Documentos/java/deceasedcraft/BigBangExpeditions/.staging/server/mods/configured-forge-1.20.1-2.2.3.jar with languages [LanguageSpec[languageName=javafml, acceptedVersions=[39,)]]
[24ago.2026 03:56:22.439] [main/DEBUG] [net.minecraftforge.fml.loading.moddiscovery.ModFileParser/LOADING]: Considering mod file candidate /home/pedro/Documentos/java/deceasedcraft/BigBangExpeditions/.staging/server/mods/Icterine-forge-1.20.0-1-1.3.0.jar
[24ago.2026 03:56:22.439] [main/DEBUG] [net.minecraftforge.fml.loading.moddiscovery.ModFile/LOADING]: Loading mod file /home/pedro/Documentos/java/deceasedcraft/BigBangExpeditions/.staging/server/mods/Icterine-forge-1.20.0-1-1.3.0.jar with languages [LanguageSpec[languageName=javafml, acceptedVersions=[46,)]]
[24ago.2026 03:56:22.439] [main/DEBUG] [net.minecraftforge.fml.loading.moddiscovery.ModFileParser/LOADING]: Considering mod file candidate /home/pedro/Documentos/java/deceasedcraft/BigBangExpeditions/.staging/server/mods/MOAdecor SCIENCE 1.20.1.jar
[24ago.2026 03:56:22.439] [main/DEBUG] [net.minecraftforge.fml.loading.moddiscovery.ModFile/LOADING]: Loading mod file /home/pedro/Documentos/java/deceasedcraft/BigBangExpeditions/.staging/server/mods/MOAdecor SCIENCE 1.20.1.jar with languages [LanguageSpec[languageName=javafml, acceptedVersions=[47,)]]
[24ago.2026 03:56:22.439] [main/DEBUG] [net.minecraftforge.fml.loading.moddiscovery.ModFileParser/LOADING]: Considering mod file candidate /home/pedro/Documentos/java/deceasedcraft/BigBangExpeditions/.staging/server/mods/mcjtylib-1.20-8.0.7.jar
[24ago.2026 03:56:22.439] [main/DEBUG] [net.minecraftforge.fml.loading.moddiscovery.ModFile/LOADING]: Loading mod file /home/pedro/Documentos/java/deceasedcraft/BigBangExpeditions/.staging/server/mods/mcjtylib-1.20-8.0.7.jar with languages [LanguageSpec[languageName=javafml, acceptedVersions=[47,)]]
[24ago.2026 03:56:22.440] [main/DEBUG] [net.minecraftforge.fml.loading.moddiscovery.ModFileParser/LOADING]: Considering mod file candidate /home/pedro/Documentos/java/deceasedcraft/BigBangExpeditions/.staging/server/mods/particular-1.20.1-Forge-1.2.7.jar
[24ago.2026 03:56:22.440] [main/DEBUG] [net.minecraftforge.fml.loading.moddiscovery.ModFile/LOADING]: Loading mod file /home/pedro/Documentos/java/deceasedcraft/BigBangExpeditions/.staging/server/mods/particular-1.20.1-Forge-1.2.7.jar with languages [LanguageSpec[languageName=javafml, acceptedVersions=[4,)]]
[24ago.2026 03:56:22.440] [main/DEBUG] [net.minecraftforge.fml.loading.moddiscovery.ModFileParser/LOADING]: Considering mod file candidate /home/pedro/Documentos/java/deceasedcraft/BigBangExpeditions/.staging/server/mods/mapperbase-1.20.1-6.0.0.0.jar
[24ago.2026 03:56:22.440] [main/DEBUG] [net.minecraftforge.fml.loading.moddiscovery.ModFile/LOADING]: Loading mod file /home/pedro/Documentos/java/deceasedcraft/BigBangExpeditions/.staging/server/mods/mapperbase-1.20.1-6.0.0.0.jar with languages [LanguageSpec[languageName=javafml, acceptedVersions=[43,)]]
[24ago.2026 03:56:22.440] [main/DEBUG] [net.minecraftforge.fml.loading.moddiscovery.ModFileParser/LOADING]: Considering mod file candidate /home/pedro/Documentos/java/deceasedcraft/BigBangExpeditions/.staging/server/mods/txnilib-forge-1.0.23-1.20.1.jar
[24ago.2026 03:56:22.440] [main/DEBUG] [net.minecraftforge.fml.loading.moddiscovery.ModFile/LOADING]: Loading mod file /home/pedro/Documentos/java/deceasedcraft/BigBangExpeditions/.staging/server/mods/txnilib-forge-1.0.23-1.20.1.jar with languages [LanguageSpec[languageName=javafml, acceptedVersions=[1,)]]
[24ago.2026 03:56:22.440] [main/DEBUG] [net.minecraftforge.fml.loading.moddiscovery.ModFileParser/LOADING]: Considering mod file candidate /home/pedro/Documentos/java/deceasedcraft/BigBangExpeditions/.staging/server/mods/watut-forge-1.20.1-1.2.3.jar
[24ago.2026 03:56:22.440] [main/DEBUG] [net.minecraftforge.fml.loading.moddiscovery.ModFile/LOADING]: Loading mod file /home/pedro/Documentos/java/deceasedcraft/BigBangExpeditions/.staging/server/mods/watut-forge-1.20.1-1.2.3.jar with languages [LanguageSpec[languageName=javafml, acceptedVersions=[47,)]]
[24ago.2026 03:56:22.440] [main/DEBUG] [net.minecraftforge.fml.loading.moddiscovery.ModFileParser/LOADING]: Considering mod file candidate /home/pedro/Documentos/java/deceasedcraft/BigBangExpeditions/.staging/server/mods/TravelersTitles-1.20-Forge-4.0.2.jar
[24ago.2026 03:56:22.441] [main/DEBUG] [net.minecraftforge.fml.loading.moddiscovery.ModFile/LOADING]: Loading mod file /home/pedro/Documentos/java/deceasedcraft/BigBangExpeditions/.staging/server/mods/TravelersTitles-1.20-Forge-4.0.2.jar with languages [LanguageSpec[languageName=javafml, acceptedVersions=[46,)]]
[24ago.2026 03:56:22.441] [main/DEBUG] [net.minecraftforge.fml.loading.moddiscovery.ModFileParser/LOADING]: Considering mod file candidate /home/pedro/Documentos/java/deceasedcraft/BigBangExpeditions/.staging/server/mods/toofast-1.20-0.4.3.5.jar
[24ago.2026 03:56:22.441] [main/DEBUG] [net.minecraftforge.fml.loading.moddiscovery.ModFile/LOADING]: Loading mod file /home/pedro/Documentos/java/deceasedcraft/BigBangExpeditions/.staging/server/mods/toofast-1.20-0.4.3.5.jar with languages [LanguageSpec[languageName=javafml, acceptedVersions=[38,)]]
[24ago.2026 03:56:22.441] [main/DEBUG] [net.minecraftforge.fml.loading.moddiscovery.ModFileParser/LOADING]: Considering mod file candidate /home/pedro/Documentos/java/deceasedcraft/BigBangExpeditions/.staging/server/mods/jeimultiblocks-1.20.1-1.0.6.jar
[24ago.2026 03:56:22.441] [main/DEBUG] [net.minecraftforge.fml.loading.moddiscovery.ModFile/LOADING]: Loading mod file /home/pedro/Documentos/java/deceasedcraft/BigBangExpeditions/.staging/server/mods/jeimultiblocks-1.20.1-1.0.6.jar with languages [LanguageSpec[languageName=javafml, acceptedVersions=[47,)]]
[24ago.2026 03:56:22.441] [main/DEBUG] [net.minecraftforge.fml.loading.moddiscovery.ModFileParser/LOADING]: Considering mod file candidate /home/pedro/Documentos/java/deceasedcraft/BigBangExpeditions/.staging/server/mods/GPUTape-1.18x-1.21x-1.0.5.1-forge.jar
[24ago.2026 03:56:22.441] [main/DEBUG] [net.minecraftforge.fml.loading.moddiscovery.ModFile/LOADING]: Loading mod file /home/pedro/Documentos/java/deceasedcraft/BigBangExpeditions/.staging/server/mods/GPUTape-1.18x-1.21x-1.0.5.1-forge.jar with languages [LanguageSpec[languageName=javafml, acceptedVersions=[37,56)]]
[24ago.2026 03:56:22.441] [main/DEBUG] [net.minecraftforge.fml.loading.moddiscovery.ModFileParser/LOADING]: Considering mod file candidate /home/pedro/Documentos/java/deceasedcraft/BigBangExpeditions/.staging/server/mods/default-server-properties-forge-81.1.0.jar
[24ago.2026 03:56:22.441] [main/DEBUG] [net.minecraftforge.fml.loading.moddiscovery.ModFile/LOADING]: Loading mod file /home/pedro/Documentos/java/deceasedcraft/BigBangExpeditions/.staging/server/mods/default-server-properties-forge-81.1.0.jar with languages [LanguageSpec[languageName=javafml, acceptedVersions=[47,)]]
[24ago.2026 03:56:22.441] [main/DEBUG] [net.minecraftforge.fml.loading.moddiscovery.ModFileParser/LOADING]: Considering mod file candidate /home/pedro/Documentos/java/deceasedcraft/BigBangExpeditions/.staging/server/mods/lostworlds-1.20-0.0.3.jar
[24ago.2026 03:56:22.441] [main/DEBUG] [net.minecraftforge.fml.loading.moddiscovery.ModFile/LOADING]: Loading mod file /home/pedro/Documentos/java/deceasedcraft/BigBangExpeditions/.staging/server/mods/lostworlds-1.20-0.0.3.jar with languages [LanguageSpec[languageName=javafml, acceptedVersions=[47,)]]
[24ago.2026 03:56:22.441] [main/DEBUG] [net.minecraftforge.fml.loading.moddiscovery.ModFileParser/LOADING]: Considering mod file candidate /home/pedro/Documentos/java/deceasedcraft/BigBangExpeditions/.staging/server/mods/EnchantmentDescriptions-Forge-1.20.1-17.1.19.jar
[24ago.2026 03:56:22.442] [main/DEBUG] [net.minecraftforge.fml.loading.moddiscovery.ModFile/LOADING]: Loading mod file /home/pedro/Documentos/java/deceasedcraft/BigBangExpeditions/.staging/server/mods/EnchantmentDescriptions-Forge-1.20.1-17.1.19.jar with languages [LanguageSpec[languageName=javafml, acceptedVersions=[47,)]]
[24ago.2026 03:56:22.442] [main/DEBUG] [net.minecraftforge.fml.loading.moddiscovery.ModFileParser/LOADING]: Considering mod file candidate /home/pedro/Documentos/java/deceasedcraft/BigBangExpeditions/.staging/server/mods/extragore-1.20.1-5.2.3.1.jar
[24ago.2026 03:56:22.442] [main/DEBUG] [net.minecraftforge.fml.loading.moddiscovery.ModFile/LOADING]: Loading mod file /home/pedro/Documentos/java/deceasedcraft/BigBangExpeditions/.staging/server/mods/extragore-1.20.1-5.2.3.1.jar with languages [LanguageSpec[languageName=javafml, acceptedVersions=[47,)]]
[24ago.2026 03:56:22.442] [main/DEBUG] [net.minecraftforge.fml.loading.moddiscovery.ModFileParser/LOADING]: Considering mod file candidate /home/pedro/Documentos/java/deceasedcraft/BigBangExpeditions/.staging/server/mods/moonlight-1.20-2.14.13-forge.jar
[24ago.2026 03:56:22.442] [main/DEBUG] [net.minecraftforge.fml.loading.moddiscovery.ModFile/LOADING]: Loading mod file /home/pedro/Documentos/java/deceasedcraft/BigBangExpeditions/.staging/server/mods/moonlight-1.20-2.14.13-forge.jar with languages [LanguageSpec[languageName=javafml, acceptedVersions=[40,)]]
[24ago.2026 03:56:22.442] [main/DEBUG] [net.minecraftforge.fml.loading.moddiscovery.ModFileParser/LOADING]: Considering mod file candidate /home/pedro/Documentos/java/deceasedcraft/BigBangExpeditions/.staging/server/mods/another_furniture-forge-1.20.1-3.0.4.jar
[24ago.2026 03:56:22.442] [main/DEBUG] [net.minecraftforge.fml.loading.moddiscovery.ModFile/LOADING]: Loading mod file /home/pedro/Documentos/java/deceasedcraft/BigBangExpeditions/.staging/server/mods/another_furniture-forge-1.20.1-3.0.4.jar with languages [LanguageSpec[languageName=javafml, acceptedVersions=[43,)]]
[24ago.2026 03:56:22.442] [main/DEBUG] [net.minecraftforge.fml.loading.moddiscovery.ModFileParser/LOADING]: Considering mod file candidate /home/pedro/Documentos/java/deceasedcraft/BigBangExpeditions/.staging/server/mods/DCTweaks_5.10.14.jar
[24ago.2026 03:56:22.442] [main/DEBUG] [net.minecraftforge.fml.loading.moddiscovery.ModFile/LOADING]: Loading mod file /home/pedro/Documentos/java/deceasedcraft/BigBangExpeditions/.staging/server/mods/DCTweaks_5.10.14.jar with languages [LanguageSpec[languageName=lowcodefml, acceptedVersions=[47,)]]
[24ago.2026 03:56:22.442] [main/DEBUG] [net.minecraftforge.fml.loading.moddiscovery.ModFileParser/LOADING]: Considering mod file candidate /home/pedro/Documentos/java/deceasedcraft/BigBangExpeditions/.staging/server/mods/CreativeCore_FORGE_v2.12.32_mc1.20.1.jar
[24ago.2026 03:56:22.443] [main/DEBUG] [net.minecraftforge.fml.loading.moddiscovery.ModFile/LOADING]: Loading mod file /home/pedro/Documentos/java/deceasedcraft/BigBangExpeditions/.staging/server/mods/CreativeCore_FORGE_v2.12.32_mc1.20.1.jar with languages [LanguageSpec[languageName=javafml, acceptedVersions=[46,)]]
[24ago.2026 03:56:22.443] [main/DEBUG] [net.minecraftforge.fml.loading.moddiscovery.ModFileParser/LOADING]: Considering mod file candidate /home/pedro/Documentos/java/deceasedcraft/BigBangExpeditions/.staging/server/mods/CullLessLeaves-Reforged-1.20.1-1.0.5.jar
[24ago.2026 03:56:22.443] [main/DEBUG] [net.minecraftforge.fml.loading.moddiscovery.ModFile/LOADING]: Loading mod file /home/pedro/Documentos/java/deceasedcraft/BigBangExpeditions/.staging/server/mods/CullLessLeaves-Reforged-1.20.1-1.0.5.jar with languages [LanguageSpec[languageName=javafml, acceptedVersions=[47,)]]
[24ago.2026 03:56:22.443] [main/DEBUG] [net.minecraftforge.fml.loading.moddiscovery.ModFileParser/LOADING]: Considering mod file candidate /home/pedro/Documentos/java/deceasedcraft/BigBangExpeditions/.staging/server/mods/displaydelight-1.1.0.jar
[24ago.2026 03:56:22.443] [main/DEBUG] [net.minecraftforge.fml.loading.moddiscovery.ModFile/LOADING]: Loading mod file /home/pedro/Documentos/java/deceasedcraft/BigBangExpeditions/.staging/server/mods/displaydelight-1.1.0.jar with languages [LanguageSpec[languageName=javafml, acceptedVersions=[47.0.0,)]]
[24ago.2026 03:56:22.443] [main/DEBUG] [net.minecraftforge.fml.loading.moddiscovery.ModFileParser/LOADING]: Considering mod file candidate /home/pedro/Documentos/java/deceasedcraft/BigBangExpeditions/.staging/server/mods/smoothboot(reloaded)-mc1.20.1-0.0.4.jar
[24ago.2026 03:56:22.443] [main/DEBUG] [net.minecraftforge.fml.loading.moddiscovery.ModFile/LOADING]: Loading mod file /home/pedro/Documentos/java/deceasedcraft/BigBangExpeditions/.staging/server/mods/smoothboot(reloaded)-mc1.20.1-0.0.4.jar with languages [LanguageSpec[languageName=javafml, acceptedVersions=[47,)]]
[24ago.2026 03:56:22.443] [main/DEBUG] [net.minecraftforge.fml.loading.moddiscovery.ModFileParser/LOADING]: Considering mod file candidate /home/pedro/Documentos/java/deceasedcraft/BigBangExpeditions/.staging/server/mods/ThisRocks-1.20.1-1.5.1.jar
[24ago.2026 03:56:22.443] [main/DEBUG] [net.minecraftforge.fml.loading.moddiscovery.ModFile/LOADING]: Loading mod file /home/pedro/Documentos/java/deceasedcraft/BigBangExpeditions/.staging/server/mods/ThisRocks-1.20.1-1.5.1.jar with languages [LanguageSpec[languageName=javafml, acceptedVersions=[46,)]]
[24ago.2026 03:56:22.443] [main/DEBUG] [net.minecraftforge.fml.loading.moddiscovery.ModFileParser/LOADING]: Considering mod file candidate /home/pedro/Documentos/java/deceasedcraft/BigBangExpeditions/.staging/server/mods/Iceberg-1.20.1-forge-1.1.25.jar
[24ago.2026 03:56:22.443] [main/DEBUG] [net.minecraftforge.fml.loading.moddiscovery.ModFile/LOADING]: Loading mod file /home/pedro/Documentos/java/deceasedcraft/BigBangExpeditions/.staging/server/mods/Iceberg-1.20.1-forge-1.1.25.jar with languages [LanguageSpec[languageName=javafml, acceptedVersions=[47,)]]
[24ago.2026 03:56:22.443] [main/DEBUG] [net.minecraftforge.fml.loading.moddiscovery.ModFileParser/LOADING]: Considering mod file candidate /home/pedro/Documentos/java/deceasedcraft/BigBangExpeditions/.staging/server/mods/Quark-4.0-462.jar
[24ago.2026 03:56:22.444] [main/DEBUG] [net.minecraftforge.fml.loading.moddiscovery.ModFile/LOADING]: Loading mod file /home/pedro/Documentos/java/deceasedcraft/BigBangExpeditions/.staging/server/mods/Quark-4.0-462.jar with languages [LanguageSpec[languageName=javafml, acceptedVersions=[41,)]]
[24ago.2026 03:56:22.444] [main/DEBUG] [net.minecraftforge.fml.loading.moddiscovery.ModFileParser/LOADING]: Considering mod file candidate /home/pedro/Documentos/java/deceasedcraft/BigBangExpeditions/.staging/server/mods/create-stuff-additions1.20.1_v2.1.0.jar
[24ago.2026 03:56:22.444] [main/DEBUG] [net.minecraftforge.fml.loading.moddiscovery.ModFile/LOADING]: Loading mod file /home/pedro/Documentos/java/deceasedcraft/BigBangExpeditions/.staging/server/mods/create-stuff-additions1.20.1_v2.1.0.jar with languages [LanguageSpec[languageName=javafml, acceptedVersions=[47,)]]
[24ago.2026 03:56:22.444] [main/DEBUG] [net.minecraftforge.fml.loading.moddiscovery.ModFileParser/LOADING]: Considering mod file candidate /home/pedro/Documentos/java/deceasedcraft/BigBangExpeditions/.staging/server/mods/diet-forge-2.1.1+1.20.1.jar
[24ago.2026 03:56:22.444] [main/DEBUG] [net.minecraftforge.fml.loading.moddiscovery.ModFile/LOADING]: Loading mod file /home/pedro/Documentos/java/deceasedcraft/BigBangExpeditions/.staging/server/mods/diet-forge-2.1.1+1.20.1.jar with languages [LanguageSpec[languageName=javafml, acceptedVersions=[40,)]]
[24ago.2026 03:56:22.444] [main/DEBUG] [net.minecraftforge.fml.loading.moddiscovery.ModFileParser/LOADING]: Considering mod file candidate /home/pedro/Documentos/java/deceasedcraft/BigBangExpeditions/.staging/server/mods/mobsunscreen-forge-1.20.1-3.1.1.jar
[24ago.2026 03:56:22.444] [main/DEBUG] [net.minecraftforge.fml.loading.moddiscovery.ModFile/LOADING]: Loading mod file /home/pedro/Documentos/java/deceasedcraft/BigBangExpeditions/.staging/server/mods/mobsunscreen-forge-1.20.1-3.1.1.jar with languages [LanguageSpec[languageName=javafml, acceptedVersions=[46,)]]
[24ago.2026 03:56:22.444] [main/DEBUG] [net.minecraftforge.fml.loading.moddiscovery.ModFileParser/LOADING]: Considering mod file candidate /home/pedro/Documentos/java/deceasedcraft/BigBangExpeditions/.staging/server/mods/FastWorkbench-1.20.1-8.0.4.jar
[24ago.2026 03:56:22.444] [main/DEBUG] [net.minecraftforge.fml.loading.moddiscovery.ModFile/LOADING]: Loading mod file /home/pedro/Documentos/java/deceasedcraft/BigBangExpeditions/.staging/server/mods/FastWorkbench-1.20.1-8.0.4.jar with languages [LanguageSpec[languageName=javafml, acceptedVersions=[32,)]]
[24ago.2026 03:56:22.444] [main/DEBUG] [net.minecraftforge.fml.loading.moddiscovery.ModFileParser/LOADING]: Considering mod file candidate /home/pedro/Documentos/java/deceasedcraft/BigBangExpeditions/.staging/server/mods/ParCool-1.20.1-3.4.1.5.jar
[24ago.2026 03:56:22.444] [main/DEBUG] [net.minecraftforge.fml.loading.moddiscovery.ModFile/LOADING]: Loading mod file /home/pedro/Documentos/java/deceasedcraft/BigBangExpeditions/.staging/server/mods/ParCool-1.20.1-3.4.1.5.jar with languages [LanguageSpec[languageName=javafml, acceptedVersions=[43,)]]
[24ago.2026 03:56:22.444] [main/DEBUG] [net.minecraftforge.fml.loading.moddiscovery.ModFileParser/LOADING]: Considering mod file candidate /home/pedro/Documentos/java/deceasedcraft/BigBangExpeditions/.staging/server/mods/StorageDrawers-1.20.1-12.9.14.jar
[24ago.2026 03:56:22.445] [main/DEBUG] [net.minecraftforge.fml.loading.moddiscovery.ModFile/LOADING]: Loading mod file /home/pedro/Documentos/java/deceasedcraft/BigBangExpeditions/.staging/server/mods/StorageDrawers-1.20.1-12.9.14.jar with languages [LanguageSpec[languageName=javafml, acceptedVersions=[47,)]]
[24ago.2026 03:56:22.445] [main/DEBUG] [net.minecraftforge.fml.loading.moddiscovery.ModFileParser/LOADING]: Considering mod file candidate /home/pedro/Documentos/java/deceasedcraft/BigBangExpeditions/.staging/server/mods/inventoryhud.forge.1.20.1-3.4.26.jar
[24ago.2026 03:56:22.445] [main/DEBUG] [net.minecraftforge.fml.loading.moddiscovery.ModFile/LOADING]: Loading mod file /home/pedro/Documentos/java/deceasedcraft/BigBangExpeditions/.staging/server/mods/inventoryhud.forge.1.20.1-3.4.26.jar with languages [LanguageSpec[languageName=javafml, acceptedVersions=[46,50)]]
[24ago.2026 03:56:22.445] [main/DEBUG] [net.minecraftforge.fml.loading.moddiscovery.ModFileParser/LOADING]: Considering mod file candidate /home/pedro/Documentos/java/deceasedcraft/BigBangExpeditions/.staging/server/mods/Radars 0.3.5.1-Create6.jar
[24ago.2026 03:56:22.445] [main/DEBUG] [net.minecraftforge.fml.loading.moddiscovery.ModFile/LOADING]: Loading mod file /home/pedro/Documentos/java/deceasedcraft/BigBangExpeditions/.staging/server/mods/Radars 0.3.5.1-Create6.jar with languages [LanguageSpec[languageName=javafml, acceptedVersions=[47,)]]
[24ago.2026 03:56:22.445] [main/DEBUG] [net.minecraftforge.fml.loading.moddiscovery.ModFileParser/LOADING]: Considering mod file candidate /home/pedro/Documentos/java/deceasedcraft/BigBangExpeditions/.staging/server/mods/coroutil-forge-1.20.1-1.3.7.jar
[24ago.2026 03:56:22.445] [main/DEBUG] [net.minecraftforge.fml.loading.moddiscovery.ModFile/LOADING]: Loading mod file /home/pedro/Documentos/java/deceasedcraft/BigBangExpeditions/.staging/server/mods/coroutil-forge-1.20.1-1.3.7.jar with languages [LanguageSpec[languageName=javafml, acceptedVersions=[47,)]]
[24ago.2026 03:56:22.445] [main/DEBUG] [net.minecraftforge.fml.loading.moddiscovery.ModFileParser/LOADING]: Considering mod file candidate /home/pedro/Documentos/java/deceasedcraft/BigBangExpeditions/.staging/server/mods/MEED-1.20.1-6.7.jar
[24ago.2026 03:56:22.445] [main/DEBUG] [net.minecraftforge.fml.loading.moddiscovery.ModFile/LOADING]: Loading mod file /home/pedro/Documentos/java/deceasedcraft/BigBangExpeditions/.staging/server/mods/MEED-1.20.1-6.7.jar with languages [LanguageSpec[languageName=javafml, acceptedVersions=[47,)]]
[24ago.2026 03:56:22.445] [main/DEBUG] [net.minecraftforge.fml.loading.moddiscovery.ModFileParser/LOADING]: Considering mod file candidate /home/pedro/Documentos/java/deceasedcraft/BigBangExpeditions/.staging/server/mods/ferritecore-6.0.1-forge.jar
[24ago.2026 03:56:22.445] [main/DEBUG] [net.minecraftforge.fml.loading.moddiscovery.ModFile/LOADING]: Loading mod file /home/pedro/Documentos/java/deceasedcraft/BigBangExpeditions/.staging/server/mods/ferritecore-6.0.1-forge.jar with languages [LanguageSpec[languageName=javafml, acceptedVersions=[28,)]]
[24ago.2026 03:56:22.445] [main/DEBUG] [net.minecraftforge.fml.loading.moddiscovery.ModFileParser/LOADING]: Considering mod file candidate /home/pedro/Documentos/java/deceasedcraft/BigBangExpeditions/.staging/server/mods/spore_2.1.5c_1.20.1.jar
[24ago.2026 03:56:22.446] [main/DEBUG] [net.minecraftforge.fml.loading.moddiscovery.ModFile/LOADING]: Loading mod file /home/pedro/Documentos/java/deceasedcraft/BigBangExpeditions/.staging/server/mods/spore_2.1.5c_1.20.1.jar with languages [LanguageSpec[languageName=javafml, acceptedVersions=[47,)]]
[24ago.2026 03:56:22.446] [main/DEBUG] [net.minecraftforge.fml.loading.moddiscovery.ModFileParser/LOADING]: Considering mod file candidate /home/pedro/Documentos/java/deceasedcraft/BigBangExpeditions/.staging/server/mods/yet_another_config_lib_v3-3.6.6+1.20.1-forge.jar
[24ago.2026 03:56:22.446] [main/DEBUG] [net.minecraftforge.fml.loading.moddiscovery.ModFile/LOADING]: Loading mod file /home/pedro/Documentos/java/deceasedcraft/BigBangExpeditions/.staging/server/mods/yet_another_config_lib_v3-3.6.6+1.20.1-forge.jar with languages [LanguageSpec[languageName=javafml, acceptedVersions=[46,)]]
[24ago.2026 03:56:22.446] [main/DEBUG] [net.minecraftforge.fml.loading.moddiscovery.ModFileParser/LOADING]: Considering mod file candidate /home/pedro/Documentos/java/deceasedcraft/BigBangExpeditions/.staging/server/mods/solcarrot-1.20.1-1.15.1.jar
[24ago.2026 03:56:22.446] [main/DEBUG] [net.minecraftforge.fml.loading.moddiscovery.ModFile/LOADING]: Loading mod file /home/pedro/Documentos/java/deceasedcraft/BigBangExpeditions/.staging/server/mods/solcarrot-1.20.1-1.15.1.jar with languages [LanguageSpec[languageName=javafml, acceptedVersions=[47,)]]
[24ago.2026 03:56:22.446] [main/DEBUG] [net.minecraftforge.fml.loading.moddiscovery.ModFileParser/LOADING]: Considering mod file candidate /home/pedro/Documentos/java/deceasedcraft/BigBangExpeditions/.staging/server/mods/refinedstorageaddons-0.10.0.jar
[24ago.2026 03:56:22.446] [main/DEBUG] [net.minecraftforge.fml.loading.moddiscovery.ModFile/LOADING]: Loading mod file /home/pedro/Documentos/java/deceasedcraft/BigBangExpeditions/.staging/server/mods/refinedstorageaddons-0.10.0.jar with languages [LanguageSpec[languageName=javafml, acceptedVersions=[47,)]]
[24ago.2026 03:56:22.446] [main/DEBUG] [net.minecraftforge.fml.loading.moddiscovery.ModFileParser/LOADING]: Considering mod file candidate /home/pedro/Documentos/java/deceasedcraft/BigBangExpeditions/.staging/server/mods/BadOptimizations-2.2.3-1.20.1.jar
[24ago.2026 03:56:22.446] [main/DEBUG] [net.minecraftforge.fml.loading.moddiscovery.ModFile/LOADING]: Loading mod file /home/pedro/Documentos/java/deceasedcraft/BigBangExpeditions/.staging/server/mods/BadOptimizations-2.2.3-1.20.1.jar with languages [LanguageSpec[languageName=javafml, acceptedVersions=[1,)]]
[24ago.2026 03:56:22.446] [main/DEBUG] [net.minecraftforge.fml.loading.moddiscovery.ModFileParser/LOADING]: Considering mod file candidate /home/pedro/Documentos/java/deceasedcraft/BigBangExpeditions/.staging/server/mods/eh1.3.1-1.20.1.jar
[24ago.2026 03:56:22.446] [main/DEBUG] [net.minecraftforge.fml.loading.moddiscovery.ModFile/LOADING]: Loading mod file /home/pedro/Documentos/java/deceasedcraft/BigBangExpeditions/.staging/server/mods/eh1.3.1-1.20.1.jar with languages [LanguageSpec[languageName=javafml, acceptedVersions=[47,)]]
[24ago.2026 03:56:22.446] [main/DEBUG] [net.minecraftforge.fml.loading.moddiscovery.ModFileParser/LOADING]: Considering mod file candidate /home/pedro/Documentos/java/deceasedcraft/BigBangExpeditions/.staging/server/mods/packetfixer-3.3.1-1.18-1.20.4-merged.jar
[24ago.2026 03:56:22.446] [main/DEBUG] [net.minecraftforge.fml.loading.moddiscovery.ModFile/LOADING]: Loading mod file /home/pedro/Documentos/java/deceasedcraft/BigBangExpeditions/.staging/server/mods/packetfixer-3.3.1-1.18-1.20.4-merged.jar with languages [LanguageSpec[languageName=javafml, acceptedVersions=[0,)]]
[24ago.2026 03:56:22.446] [main/DEBUG] [net.minecraftforge.fml.loading.moddiscovery.ModFileParser/LOADING]: Considering mod file candidate /home/pedro/Documentos/java/deceasedcraft/BigBangExpeditions/.staging/server/mods/expandability-9.0.4.jar
[24ago.2026 03:56:22.446] [main/DEBUG] [net.minecraftforge.fml.loading.moddiscovery.ModFile/LOADING]: Loading mod file /home/pedro/Documentos/java/deceasedcraft/BigBangExpeditions/.staging/server/mods/expandability-9.0.4.jar with languages [LanguageSpec[languageName=javafml, acceptedVersions=[46,)]]
[24ago.2026 03:56:22.447] [main/DEBUG] [net.minecraftforge.fml.loading.moddiscovery.ModFileParser/LOADING]: Considering mod file candidate /home/pedro/Documentos/java/deceasedcraft/BigBangExpeditions/.staging/server/mods/flickerfix-1.20.1-4.0.1.jar
[24ago.2026 03:56:22.447] [main/DEBUG] [net.minecraftforge.fml.loading.moddiscovery.ModFile/LOADING]: Loading mod file /home/pedro/Documentos/java/deceasedcraft/BigBangExpeditions/.staging/server/mods/flickerfix-1.20.1-4.0.1.jar with languages [LanguageSpec[languageName=javafml, acceptedVersions=[47,)]]
[24ago.2026 03:56:22.447] [main/DEBUG] [net.minecraftforge.fml.loading.moddiscovery.ModFileParser/LOADING]: Considering mod file candidate /home/pedro/Documentos/java/deceasedcraft/BigBangExpeditions/.staging/server/mods/vanillin-forge-1.20.1-1.1.3.jar
[24ago.2026 03:56:22.447] [main/DEBUG] [net.minecraftforge.fml.loading.moddiscovery.ModFile/LOADING]: Loading mod file /home/pedro/Documentos/java/deceasedcraft/BigBangExpeditions/.staging/server/mods/vanillin-forge-1.20.1-1.1.3.jar with languages [LanguageSpec[languageName=javafml, acceptedVersions=[0,)]]
[24ago.2026 03:56:22.447] [main/DEBUG] [net.minecraftforge.fml.loading.moddiscovery.ModFileParser/LOADING]: Considering mod file candidate /home/pedro/Documentos/java/deceasedcraft/BigBangExpeditions/.staging/server/mods/createaddition-1.20.1-1.3.2.jar
[24ago.2026 03:56:22.447] [main/DEBUG] [net.minecraftforge.fml.loading.moddiscovery.ModFile/LOADING]: Loading mod file /home/pedro/Documentos/java/deceasedcraft/BigBangExpeditions/.staging/server/mods/createaddition-1.20.1-1.3.2.jar with languages [LanguageSpec[languageName=javafml, acceptedVersions=[40,)]]
[24ago.2026 03:56:22.447] [main/DEBUG] [net.minecraftforge.fml.loading.moddiscovery.ModFileParser/LOADING]: Considering mod file candidate /home/pedro/Documentos/java/deceasedcraft/BigBangExpeditions/.staging/server/mods/PresenceFootsteps-1.20.1-1.9.1-beta.1.jar
[24ago.2026 03:56:22.447] [main/DEBUG] [net.minecraftforge.fml.loading.moddiscovery.ModFile/LOADING]: Loading mod file /home/pedro/Documentos/java/deceasedcraft/BigBangExpeditions/.staging/server/mods/PresenceFootsteps-1.20.1-1.9.1-beta.1.jar with languages [LanguageSpec[languageName=javafml, acceptedVersions=[47,)]]
[24ago.2026 03:56:25.394] [main/DEBUG] [mixin/]: Adding mixin platform agents for container SecureJarResource(lostcities)
[24ago.2026 03:56:25.394] [main/DEBUG] [mixin/]: Instancing new MixinPlatformAgentMinecraftForge for SecureJarResource(lostcities)
[24ago.2026 03:56:25.394] [main/DEBUG] [mixin/]: MixinPlatformAgentMinecraftForge rejected container SecureJarResource(lostcities)
[24ago.2026 03:56:25.394] [main/DEBUG] [mixin/]: Instancing new MixinPlatformAgentDefault for SecureJarResource(lostcities)
[24ago.2026 03:56:25.394] [main/DEBUG] [mixin/]: MixinPlatformAgentDefault accepted container SecureJarResource(lostcities)
[24ago.2026 03:56:25.394] [main/DEBUG] [mixin/]: Processing prepare() for PlatformAgent[MixinPlatformAgentDefault:SecureJarResource(lostcities)]
[24ago.2026 03:56:25.484] [main/DEBUG] [mixin/]: Processing inject() for PlatformAgent[MixinPlatformAgentDefault:SecureJarResource(lostcities)]
	- lostcities 1.20-7.4.11
[24ago.2026 03:56:28.726] [main/DEBUG] [Smooth Boot (Reloaded)/]: Config path: /home/pedro/Documentos/java/deceasedcraft/BigBangExpeditions/.staging/server/config/smoothboot.json
[24ago.2026 03:56:33.040] [main/DEBUG] [net.minecraftforge.fml.javafmlmod.FMLModContainer/LOADING]: Creating FMLModContainer instance for com.bigbangcraft.expeditions.BigBangExpeditions
[24ago.2026 03:56:33.084] [main/DEBUG] [net.minecraftforge.fml.javafmlmod.FMLModContainer/LOADING]: Creating FMLModContainer instance for mcjty.lostcities.LostCities
[24ago.2026 03:56:33.343] [modloading-worker-0/INFO] [bigbangexpeditions/]: BigBangExpeditions init — read-only diagnostics, no reset
[24ago.2026 03:56:33.343] [modloading-worker-0/DEBUG] [net.minecraftforge.fml.javafmlmod.AutomaticEventSubscriber/LOADING]: Auto-subscribing com.bigbangcraft.expeditions.integration.lostcities.LostCitiesRegistration to FORGE
[24ago.2026 03:56:34.488] [modloading-worker-0/DEBUG] [net.minecraftforge.fml.ModLoadingContext/]: Attempted to register an empty config for type CLIENT on mod lostcities using file name lostcities/client.toml
[24ago.2026 03:56:34.488] [modloading-worker-0/DEBUG] [net.minecraftforge.fml.config.ConfigTracker/CONFIG]: Config file lostcities/common.toml for lostcities tracking
[24ago.2026 03:56:34.488] [modloading-worker-0/DEBUG] [net.minecraftforge.fml.config.ConfigTracker/CONFIG]: Config file lostcities-server.toml for lostcities tracking
[24ago.2026 03:56:34.498] [modloading-worker-0/INFO] [lostcities/]: Creating standard profiles into 'config/lostcities/profiles'
[24ago.2026 03:56:34.559] [modloading-worker-0/INFO] [lostcities/]: Reading existing profiles from 'config/lostcities/profiles'
[24ago.2026 03:56:34.575] [modloading-worker-0/DEBUG] [net.minecraftforge.fml.javafmlmod.AutomaticEventSubscriber/LOADING]: Attempting to inject @EventBusSubscriber classes into the eventbus for lostcities
[24ago.2026 03:56:34.575] [modloading-worker-0/DEBUG] [net.minecraftforge.fml.javafmlmod.AutomaticEventSubscriber/LOADING]: Auto-subscribing mcjty.lostcities.datagen.DataGenerators to MOD
[24ago.2026 03:56:34.576] [modloading-worker-0/DEBUG] [net.minecraftforge.fml.javafmlmod.AutomaticEventSubscriber/LOADING]: Auto-subscribing mcjty.lostcities.LostCities to MOD
[24ago.2026 03:56:34.983] [modloading-worker-0/DEBUG] [net.minecraftforge.fml.config.ConfigFileTypeHandler/CONFIG]: Built TOML config for /home/pedro/Documentos/java/deceasedcraft/BigBangExpeditions/.staging/server/config/rsmixin-common.toml
[24ago.2026 03:56:34.983] [modloading-worker-0/DEBUG] [net.minecraftforge.fml.config.ConfigFileTypeHandler/CONFIG]: Loaded TOML config file /home/pedro/Documentos/java/deceasedcraft/BigBangExpeditions/.staging/server/config/rsmixin-common.toml
[24ago.2026 03:56:34.987] [modloading-worker-0/DEBUG] [net.minecraftforge.fml.config.ConfigFileTypeHandler/CONFIG]: Watching TOML config file /home/pedro/Documentos/java/deceasedcraft/BigBangExpeditions/.staging/server/config/rsmixin-common.toml for changes
[24ago.2026 03:56:34.989] [modloading-worker-0/DEBUG] [net.minecraftforge.fml.config.ConfigFileTypeHandler/CONFIG]: Built TOML config for /home/pedro/Documentos/java/deceasedcraft/BigBangExpeditions/.staging/server/config/hordes-common.toml
[24ago.2026 03:56:34.989] [modloading-worker-0/DEBUG] [net.minecraftforge.fml.config.ConfigFileTypeHandler/CONFIG]: Loaded TOML config file /home/pedro/Documentos/java/deceasedcraft/BigBangExpeditions/.staging/server/config/hordes-common.toml
[24ago.2026 03:56:34.989] [modloading-worker-0/DEBUG] [net.minecraftforge.fml.config.ConfigFileTypeHandler/CONFIG]: Watching TOML config file /home/pedro/Documentos/java/deceasedcraft/BigBangExpeditions/.staging/server/config/hordes-common.toml for changes
[24ago.2026 03:56:34.993] [modloading-worker-0/DEBUG] [net.minecraftforge.fml.config.ConfigFileTypeHandler/CONFIG]: Built TOML config for /home/pedro/Documentos/java/deceasedcraft/BigBangExpeditions/.staging/server/config/modernfix-common.toml
[24ago.2026 03:56:34.993] [modloading-worker-0/DEBUG] [net.minecraftforge.fml.config.ConfigFileTypeHandler/CONFIG]: Loaded TOML config file /home/pedro/Documentos/java/deceasedcraft/BigBangExpeditions/.staging/server/config/modernfix-common.toml
[24ago.2026 03:56:34.994] [modloading-worker-0/DEBUG] [net.minecraftforge.fml.config.ConfigFileTypeHandler/CONFIG]: Watching TOML config file /home/pedro/Documentos/java/deceasedcraft/BigBangExpeditions/.staging/server/config/modernfix-common.toml for changes
[24ago.2026 03:56:34.995] [modloading-worker-0/DEBUG] [net.minecraftforge.fml.config.ConfigFileTypeHandler/CONFIG]: Built TOML config for /home/pedro/Documentos/java/deceasedcraft/BigBangExpeditions/.staging/server/config/bcc-common.toml
[24ago.2026 03:56:34.995] [modloading-worker-0/DEBUG] [net.minecraftforge.fml.config.ConfigFileTypeHandler/CONFIG]: Loaded TOML config file /home/pedro/Documentos/java/deceasedcraft/BigBangExpeditions/.staging/server/config/bcc-common.toml
[24ago.2026 03:56:34.996] [modloading-worker-0/DEBUG] [net.minecraftforge.fml.config.ConfigFileTypeHandler/CONFIG]: Watching TOML config file /home/pedro/Documentos/java/deceasedcraft/BigBangExpeditions/.staging/server/config/bcc-common.toml for changes
[24ago.2026 03:56:34.996] [modloading-worker-0/DEBUG] [net.minecraftforge.fml.config.ConfigFileTypeHandler/CONFIG]: Built TOML config for /home/pedro/Documentos/java/deceasedcraft/BigBangExpeditions/.staging/server/config/Plushie_Buddies-Common.toml
[24ago.2026 03:56:34.997] [modloading-worker-0/DEBUG] [net.minecraftforge.fml.config.ConfigFileTypeHandler/CONFIG]: Loaded TOML config file /home/pedro/Documentos/java/deceasedcraft/BigBangExpeditions/.staging/server/config/Plushie_Buddies-Common.toml
[24ago.2026 03:56:34.997] [modloading-worker-0/DEBUG] [net.minecraftforge.fml.config.ConfigFileTypeHandler/CONFIG]: Watching TOML config file /home/pedro/Documentos/java/deceasedcraft/BigBangExpeditions/.staging/server/config/Plushie_Buddies-Common.toml for changes
[24ago.2026 03:56:34.997] [modloading-worker-0/DEBUG] [net.minecraftforge.fml.config.ConfigFileTypeHandler/CONFIG]: Built TOML config for /home/pedro/Documentos/java/deceasedcraft/BigBangExpeditions/.staging/server/config/globalgamerules-common.toml
[24ago.2026 03:56:35.000] [modloading-worker-0/DEBUG] [net.minecraftforge.fml.config.ConfigFileTypeHandler/CONFIG]: Loaded TOML config file /home/pedro/Documentos/java/deceasedcraft/BigBangExpeditions/.staging/server/config/globalgamerules-common.toml
[24ago.2026 03:56:35.001] [modloading-worker-0/DEBUG] [net.minecraftforge.fml.config.ConfigFileTypeHandler/CONFIG]: Watching TOML config file /home/pedro/Documentos/java/deceasedcraft/BigBangExpeditions/.staging/server/config/globalgamerules-common.toml for changes
[24ago.2026 03:56:35.005] [modloading-worker-0/DEBUG] [net.minecraftforge.fml.config.ConfigFileTypeHandler/CONFIG]: Built TOML config for /home/pedro/Documentos/java/deceasedcraft/BigBangExpeditions/.staging/server/config/mobtimizations/features.toml
[24ago.2026 03:56:35.006] [modloading-worker-0/DEBUG] [net.minecraftforge.fml.config.ConfigFileTypeHandler/CONFIG]: Loaded TOML config file /home/pedro/Documentos/java/deceasedcraft/BigBangExpeditions/.staging/server/config/mobtimizations/features.toml
[24ago.2026 03:56:35.007] [modloading-worker-0/DEBUG] [net.minecraftforge.fml.config.ConfigFileTypeHandler/CONFIG]: Watching TOML config file /home/pedro/Documentos/java/deceasedcraft/BigBangExpeditions/.staging/server/config/mobtimizations/features.toml for changes
[24ago.2026 03:56:35.008] [modloading-worker-0/DEBUG] [net.minecraftforge.fml.config.ConfigFileTypeHandler/CONFIG]: Built TOML config for /home/pedro/Documentos/java/deceasedcraft/BigBangExpeditions/.staging/server/config/mobtimizations/features-customization.toml
[24ago.2026 03:56:35.008] [modloading-worker-0/DEBUG] [net.minecraftforge.fml.config.ConfigFileTypeHandler/CONFIG]: Loaded TOML config file /home/pedro/Documentos/java/deceasedcraft/BigBangExpeditions/.staging/server/config/mobtimizations/features-customization.toml
[24ago.2026 03:56:35.009] [modloading-worker-0/DEBUG] [net.minecraftforge.fml.config.ConfigFileTypeHandler/CONFIG]: Watching TOML config file /home/pedro/Documentos/java/deceasedcraft/BigBangExpeditions/.staging/server/config/mobtimizations/features-customization.toml for changes
[24ago.2026 03:56:35.009] [modloading-worker-0/DEBUG] [net.minecraftforge.fml.config.ConfigFileTypeHandler/CONFIG]: Built TOML config for /home/pedro/Documentos/java/deceasedcraft/BigBangExpeditions/.staging/server/config/exposure-common.toml
[24ago.2026 03:56:35.009] [modloading-worker-0/DEBUG] [net.minecraftforge.fml.config.ConfigFileTypeHandler/CONFIG]: Loaded TOML config file /home/pedro/Documentos/java/deceasedcraft/BigBangExpeditions/.staging/server/config/exposure-common.toml
[24ago.2026 03:56:35.010] [modloading-worker-0/DEBUG] [net.minecraftforge.fml.config.ConfigFileTypeHandler/CONFIG]: Watching TOML config file /home/pedro/Documentos/java/deceasedcraft/BigBangExpeditions/.staging/server/config/exposure-common.toml for changes
[24ago.2026 03:56:35.011] [modloading-worker-0/DEBUG] [net.minecraftforge.fml.config.ConfigFileTypeHandler/CONFIG]: Built TOML config for /home/pedro/Documentos/java/deceasedcraft/BigBangExpeditions/.staging/server/config/harvest_with_ease-common.toml
[24ago.2026 03:56:35.011] [modloading-worker-0/DEBUG] [net.minecraftforge.fml.config.ConfigFileTypeHandler/CONFIG]: Loaded TOML config file /home/pedro/Documentos/java/deceasedcraft/BigBangExpeditions/.staging/server/config/harvest_with_ease-common.toml
[24ago.2026 03:56:35.011] [modloading-worker-0/DEBUG] [net.minecraftforge.fml.config.ConfigFileTypeHandler/CONFIG]: Watching TOML config file /home/pedro/Documentos/java/deceasedcraft/BigBangExpeditions/.staging/server/config/harvest_with_ease-common.toml for changes
[24ago.2026 03:56:35.012] [modloading-worker-0/DEBUG] [net.minecraftforge.fml.config.ConfigFileTypeHandler/CONFIG]: Built TOML config for /home/pedro/Documentos/java/deceasedcraft/BigBangExpeditions/.staging/server/config/corpsecurioscompat-common.toml
[24ago.2026 03:56:35.012] [modloading-worker-0/DEBUG] [net.minecraftforge.fml.config.ConfigFileTypeHandler/CONFIG]: Loaded TOML config file /home/pedro/Documentos/java/deceasedcraft/BigBangExpeditions/.staging/server/config/corpsecurioscompat-common.toml
[24ago.2026 03:56:35.012] [modloading-worker-0/DEBUG] [net.minecraftforge.fml.config.ConfigFileTypeHandler/CONFIG]: Watching TOML config file /home/pedro/Documentos/java/deceasedcraft/BigBangExpeditions/.staging/server/config/corpsecurioscompat-common.toml for changes
[24ago.2026 03:56:35.013] [modloading-worker-0/DEBUG] [net.minecraftforge.fml.config.ConfigFileTypeHandler/CONFIG]: Built TOML config for /home/pedro/Documentos/java/deceasedcraft/BigBangExpeditions/.staging/server/config/scholar-common.toml
[24ago.2026 03:56:35.013] [modloading-worker-0/DEBUG] [net.minecraftforge.fml.config.ConfigFileTypeHandler/CONFIG]: Loaded TOML config file /home/pedro/Documentos/java/deceasedcraft/BigBangExpeditions/.staging/server/config/scholar-common.toml
[24ago.2026 03:56:35.013] [modloading-worker-0/DEBUG] [net.minecraftforge.fml.config.ConfigFileTypeHandler/CONFIG]: Watching TOML config file /home/pedro/Documentos/java/deceasedcraft/BigBangExpeditions/.staging/server/config/scholar-common.toml for changes
[24ago.2026 03:56:35.014] [modloading-worker-0/DEBUG] [net.minecraftforge.fml.config.ConfigFileTypeHandler/CONFIG]: Built TOML config for /home/pedro/Documentos/java/deceasedcraft/BigBangExpeditions/.staging/server/config/logbegone.toml
[24ago.2026 03:56:35.014] [modloading-worker-0/DEBUG] [net.minecraftforge.fml.config.ConfigFileTypeHandler/CONFIG]: Loaded TOML config file /home/pedro/Documentos/java/deceasedcraft/BigBangExpeditions/.staging/server/config/logbegone.toml
[24ago.2026 03:56:35.014] [modloading-worker-0/DEBUG] [net.minecraftforge.fml.config.ConfigFileTypeHandler/CONFIG]: Watching TOML config file /home/pedro/Documentos/java/deceasedcraft/BigBangExpeditions/.staging/server/config/logbegone.toml for changes
[24ago.2026 03:56:35.016] [modloading-worker-0/DEBUG] [net.minecraftforge.fml.config.ConfigFileTypeHandler/CONFIG]: Built TOML config for /home/pedro/Documentos/java/deceasedcraft/BigBangExpeditions/.staging/server/config/naturescompass-common.toml
[24ago.2026 03:56:35.016] [modloading-worker-0/DEBUG] [net.minecraftforge.fml.config.ConfigFileTypeHandler/CONFIG]: Loaded TOML config file /home/pedro/Documentos/java/deceasedcraft/BigBangExpeditions/.staging/server/config/naturescompass-common.toml
[24ago.2026 03:56:35.017] [modloading-worker-0/DEBUG] [net.minecraftforge.fml.config.ConfigFileTypeHandler/CONFIG]: Watching TOML config file /home/pedro/Documentos/java/deceasedcraft/BigBangExpeditions/.staging/server/config/naturescompass-common.toml for changes
[24ago.2026 03:56:35.017] [modloading-worker-0/DEBUG] [net.minecraftforge.fml.config.ConfigFileTypeHandler/CONFIG]: Built TOML config for /home/pedro/Documentos/java/deceasedcraft/BigBangExpeditions/.staging/server/config/chalk-common.toml
[24ago.2026 03:56:35.018] [modloading-worker-0/DEBUG] [net.minecraftforge.fml.config.ConfigFileTypeHandler/CONFIG]: Loaded TOML config file /home/pedro/Documentos/java/deceasedcraft/BigBangExpeditions/.staging/server/config/chalk-common.toml
[24ago.2026 03:56:35.018] [modloading-worker-0/DEBUG] [net.minecraftforge.fml.config.ConfigFileTypeHandler/CONFIG]: Watching TOML config file /home/pedro/Documentos/java/deceasedcraft/BigBangExpeditions/.staging/server/config/chalk-common.toml for changes
[24ago.2026 03:56:35.018] [modloading-worker-0/DEBUG] [net.minecraftforge.fml.config.ConfigFileTypeHandler/CONFIG]: Built TOML config for /home/pedro/Documentos/java/deceasedcraft/BigBangExpeditions/.staging/server/config/cgm-common.toml
[24ago.2026 03:56:35.019] [modloading-worker-0/DEBUG] [net.minecraftforge.fml.config.ConfigFileTypeHandler/CONFIG]: Loaded TOML config file /home/pedro/Documentos/java/deceasedcraft/BigBangExpeditions/.staging/server/config/cgm-common.toml
[24ago.2026 03:56:35.019] [modloading-worker-0/DEBUG] [net.minecraftforge.fml.config.ConfigFileTypeHandler/CONFIG]: Watching TOML config file /home/pedro/Documentos/java/deceasedcraft/BigBangExpeditions/.staging/server/config/cgm-common.toml for changes
[24ago.2026 03:56:35.020] [modloading-worker-0/DEBUG] [net.minecraftforge.fml.config.ConfigFileTypeHandler/CONFIG]: Built TOML config for /home/pedro/Documentos/java/deceasedcraft/BigBangExpeditions/.staging/server/config/cfm-common.toml
[24ago.2026 03:56:35.020] [modloading-worker-0/DEBUG] [net.minecraftforge.fml.config.ConfigFileTypeHandler/CONFIG]: Loaded TOML config file /home/pedro/Documentos/java/deceasedcraft/BigBangExpeditions/.staging/server/config/cfm-common.toml
[24ago.2026 03:56:35.020] [modloading-worker-0/DEBUG] [net.minecraftforge.fml.config.ConfigFileTypeHandler/CONFIG]: Watching TOML config file /home/pedro/Documentos/java/deceasedcraft/BigBangExpeditions/.staging/server/config/cfm-common.toml for changes
[24ago.2026 03:56:35.021] [modloading-worker-0/DEBUG] [net.minecraftforge.fml.config.ConfigFileTypeHandler/CONFIG]: Built TOML config for /home/pedro/Documentos/java/deceasedcraft/BigBangExpeditions/.staging/server/config/theoneprobe-common.toml
[24ago.2026 03:56:35.021] [modloading-worker-0/DEBUG] [net.minecraftforge.fml.config.ConfigFileTypeHandler/CONFIG]: Loaded TOML config file /home/pedro/Documentos/java/deceasedcraft/BigBangExpeditions/.staging/server/config/theoneprobe-common.toml
[24ago.2026 03:56:35.021] [modloading-worker-0/DEBUG] [net.minecraftforge.fml.config.ConfigFileTypeHandler/CONFIG]: Watching TOML config file /home/pedro/Documentos/java/deceasedcraft/BigBangExpeditions/.staging/server/config/theoneprobe-common.toml for changes
[24ago.2026 03:56:35.022] [modloading-worker-0/DEBUG] [net.minecraftforge.fml.config.ConfigFileTypeHandler/CONFIG]: Built TOML config for /home/pedro/Documentos/java/deceasedcraft/BigBangExpeditions/.staging/server/config/balm-common.toml
[24ago.2026 03:56:35.023] [modloading-worker-0/DEBUG] [net.minecraftforge.fml.config.ConfigFileTypeHandler/CONFIG]: Loaded TOML config file /home/pedro/Documentos/java/deceasedcraft/BigBangExpeditions/.staging/server/config/balm-common.toml
[24ago.2026 03:56:35.023] [modloading-worker-0/DEBUG] [net.minecraftforge.fml.config.ConfigFileTypeHandler/CONFIG]: Watching TOML config file /home/pedro/Documentos/java/deceasedcraft/BigBangExpeditions/.staging/server/config/balm-common.toml for changes
[24ago.2026 03:56:35.032] [modloading-worker-0/DEBUG] [net.minecraftforge.fml.config.ConfigFileTypeHandler/CONFIG]: Built TOML config for /home/pedro/Documentos/java/deceasedcraft/BigBangExpeditions/.staging/server/config/nameless_trinkets-base.toml
[24ago.2026 03:56:35.032] [modloading-worker-0/DEBUG] [net.minecraftforge.fml.config.ConfigFileTypeHandler/CONFIG]: Loaded TOML config file /home/pedro/Documentos/java/deceasedcraft/BigBangExpeditions/.staging/server/config/nameless_trinkets-base.toml
[24ago.2026 03:56:35.032] [modloading-worker-0/DEBUG] [net.minecraftforge.fml.config.ConfigFileTypeHandler/CONFIG]: Watching TOML config file /home/pedro/Documentos/java/deceasedcraft/BigBangExpeditions/.staging/server/config/nameless_trinkets-base.toml for changes
[24ago.2026 03:56:35.035] [modloading-worker-0/DEBUG] [net.minecraftforge.fml.config.ConfigFileTypeHandler/CONFIG]: Built TOML config for /home/pedro/Documentos/java/deceasedcraft/BigBangExpeditions/.staging/server/config/fastpaintings-common.toml
[24ago.2026 03:56:35.036] [modloading-worker-0/DEBUG] [net.minecraftforge.fml.config.ConfigFileTypeHandler/CONFIG]: Loaded TOML config file /home/pedro/Documentos/java/deceasedcraft/BigBangExpeditions/.staging/server/config/fastpaintings-common.toml
[24ago.2026 03:56:35.039] [modloading-worker-0/DEBUG] [net.minecraftforge.fml.config.ConfigFileTypeHandler/CONFIG]: Watching TOML config file /home/pedro/Documentos/java/deceasedcraft/BigBangExpeditions/.staging/server/config/fastpaintings-common.toml for changes
[24ago.2026 03:56:35.039] [modloading-worker-0/DEBUG] [net.minecraftforge.fml.config.ConfigFileTypeHandler/CONFIG]: Built TOML config for /home/pedro/Documentos/java/deceasedcraft/BigBangExpeditions/.staging/server/config/lootr-common.toml
[24ago.2026 03:56:35.040] [modloading-worker-0/DEBUG] [net.minecraftforge.fml.config.ConfigFileTypeHandler/CONFIG]: Loaded TOML config file /home/pedro/Documentos/java/deceasedcraft/BigBangExpeditions/.staging/server/config/lootr-common.toml
[24ago.2026 03:56:35.040] [modloading-worker-0/DEBUG] [net.minecraftforge.fml.config.ConfigFileTypeHandler/CONFIG]: Watching TOML config file /home/pedro/Documentos/java/deceasedcraft/BigBangExpeditions/.staging/server/config/lootr-common.toml for changes
[24ago.2026 03:56:35.041] [modloading-worker-0/DEBUG] [net.minecraftforge.fml.config.ConfigFileTypeHandler/CONFIG]: Built TOML config for /home/pedro/Documentos/java/deceasedcraft/BigBangExpeditions/.staging/server/config/apoc_patches.toml
[24ago.2026 03:56:35.041] [modloading-worker-0/DEBUG] [net.minecraftforge.fml.config.ConfigFileTypeHandler/CONFIG]: Loaded TOML config file /home/pedro/Documentos/java/deceasedcraft/BigBangExpeditions/.staging/server/config/apoc_patches.toml
[24ago.2026 03:56:35.041] [modloading-worker-0/DEBUG] [net.minecraftforge.fml.config.ConfigFileTypeHandler/CONFIG]: Watching TOML config file /home/pedro/Documentos/java/deceasedcraft/BigBangExpeditions/.staging/server/config/apoc_patches.toml for changes
[24ago.2026 03:56:35.042] [modloading-worker-0/DEBUG] [net.minecraftforge.fml.config.ConfigFileTypeHandler/CONFIG]: Built TOML config for /home/pedro/Documentos/java/deceasedcraft/BigBangExpeditions/.staging/server/config/cosmeticarmorreworked-common.toml
[24ago.2026 03:56:35.042] [modloading-worker-0/DEBUG] [net.minecraftforge.fml.config.ConfigFileTypeHandler/CONFIG]: Loaded TOML config file /home/pedro/Documentos/java/deceasedcraft/BigBangExpeditions/.staging/server/config/cosmeticarmorreworked-common.toml
[24ago.2026 03:56:35.042] [modloading-worker-0/DEBUG] [net.minecraftforge.fml.config.ConfigFileTypeHandler/CONFIG]: Watching TOML config file /home/pedro/Documentos/java/deceasedcraft/BigBangExpeditions/.staging/server/config/cosmeticarmorreworked-common.toml for changes
[24ago.2026 03:56:35.042] [modloading-worker-0/DEBUG] [net.minecraftforge.fml.config.ConfigFileTypeHandler/CONFIG]: Built TOML config for /home/pedro/Documentos/java/deceasedcraft/BigBangExpeditions/.staging/server/config/v_slab_compat-common.toml
[24ago.2026 03:56:35.042] [modloading-worker-0/DEBUG] [net.minecraftforge.fml.config.ConfigFileTypeHandler/CONFIG]: Loaded TOML config file /home/pedro/Documentos/java/deceasedcraft/BigBangExpeditions/.staging/server/config/v_slab_compat-common.toml
[24ago.2026 03:56:35.043] [modloading-worker-0/DEBUG] [net.minecraftforge.fml.config.ConfigFileTypeHandler/CONFIG]: Watching TOML config file /home/pedro/Documentos/java/deceasedcraft/BigBangExpeditions/.staging/server/config/v_slab_compat-common.toml for changes
[24ago.2026 03:56:35.043] [modloading-worker-0/DEBUG] [net.minecraftforge.fml.config.ConfigFileTypeHandler/CONFIG]: Built TOML config for /home/pedro/Documentos/java/deceasedcraft/BigBangExpeditions/.staging/server/config/enhancedai/common.toml
[24ago.2026 03:56:35.044] [modloading-worker-0/DEBUG] [net.minecraftforge.fml.config.ConfigFileTypeHandler/CONFIG]: Loaded TOML config file /home/pedro/Documentos/java/deceasedcraft/BigBangExpeditions/.staging/server/config/enhancedai/common.toml
[24ago.2026 03:56:35.045] [modloading-worker-0/DEBUG] [net.minecraftforge.fml.config.ConfigFileTypeHandler/CONFIG]: Watching TOML config file /home/pedro/Documentos/java/deceasedcraft/BigBangExpeditions/.staging/server/config/enhancedai/common.toml for changes
[24ago.2026 03:56:35.068] [modloading-worker-0/DEBUG] [net.minecraftforge.fml.config.ConfigFileTypeHandler/CONFIG]: Built TOML config for /home/pedro/Documentos/java/deceasedcraft/BigBangExpeditions/.staging/server/config/crittersandcompanions-common.toml
[24ago.2026 03:56:35.069] [modloading-worker-0/DEBUG] [net.minecraftforge.fml.config.ConfigFileTypeHandler/CONFIG]: Loaded TOML config file /home/pedro/Documentos/java/deceasedcraft/BigBangExpeditions/.staging/server/config/crittersandcompanions-common.toml
[24ago.2026 03:56:35.069] [modloading-worker-0/DEBUG] [net.minecraftforge.fml.config.ConfigFileTypeHandler/CONFIG]: Watching TOML config file /home/pedro/Documentos/java/deceasedcraft/BigBangExpeditions/.staging/server/config/crittersandcompanions-common.toml for changes
[24ago.2026 03:56:35.070] [modloading-worker-0/DEBUG] [net.minecraftforge.fml.config.ConfigFileTypeHandler/CONFIG]: Built TOML config for /home/pedro/Documentos/java/deceasedcraft/BigBangExpeditions/.staging/server/config/sophisticatedcore-common.toml
[24ago.2026 03:56:35.070] [modloading-worker-0/DEBUG] [net.minecraftforge.fml.config.ConfigFileTypeHandler/CONFIG]: Loaded TOML config file /home/pedro/Documentos/java/deceasedcraft/BigBangExpeditions/.staging/server/config/sophisticatedcore-common.toml
[24ago.2026 03:56:35.070] [modloading-worker-0/DEBUG] [net.minecraftforge.fml.config.ConfigFileTypeHandler/CONFIG]: Watching TOML config file /home/pedro/Documentos/java/deceasedcraft/BigBangExpeditions/.staging/server/config/sophisticatedcore-common.toml for changes
[24ago.2026 03:56:35.071] [modloading-worker-0/DEBUG] [net.minecraftforge.fml.config.ConfigFileTypeHandler/CONFIG]: Built TOML config for /home/pedro/Documentos/java/deceasedcraft/BigBangExpeditions/.staging/server/config/insanelib.toml
[24ago.2026 03:56:35.071] [modloading-worker-0/DEBUG] [net.minecraftforge.fml.config.ConfigFileTypeHandler/CONFIG]: Loaded TOML config file /home/pedro/Documentos/java/deceasedcraft/BigBangExpeditions/.staging/server/config/insanelib.toml
[24ago.2026 03:56:35.074] [modloading-worker-0/DEBUG] [net.minecraftforge.fml.config.ConfigFileTypeHandler/CONFIG]: Watching TOML config file /home/pedro/Documentos/java/deceasedcraft/BigBangExpeditions/.staging/server/config/insanelib.toml for changes
[24ago.2026 03:56:35.075] [modloading-worker-0/DEBUG] [net.minecraftforge.fml.config.ConfigFileTypeHandler/CONFIG]: Built TOML config for /home/pedro/Documentos/java/deceasedcraft/BigBangExpeditions/.staging/server/config/zombieawareness/General.toml
[24ago.2026 03:56:35.075] [modloading-worker-0/DEBUG] [net.minecraftforge.fml.config.ConfigFileTypeHandler/CONFIG]: Loaded TOML config file /home/pedro/Documentos/java/deceasedcraft/BigBangExpeditions/.staging/server/config/zombieawareness/General.toml
[24ago.2026 03:56:35.076] [modloading-worker-0/DEBUG] [net.minecraftforge.fml.config.ConfigFileTypeHandler/CONFIG]: Watching TOML config file /home/pedro/Documentos/java/deceasedcraft/BigBangExpeditions/.staging/server/config/zombieawareness/General.toml for changes
[24ago.2026 03:56:35.078] [modloading-worker-0/DEBUG] [net.minecraftforge.fml.config.ConfigFileTypeHandler/CONFIG]: Built TOML config for /home/pedro/Documentos/java/deceasedcraft/BigBangExpeditions/.staging/server/config/zombieawareness/ClientConfig.toml
[24ago.2026 03:56:35.079] [modloading-worker-0/DEBUG] [net.minecraftforge.fml.config.ConfigFileTypeHandler/CONFIG]: Loaded TOML config file /home/pedro/Documentos/java/deceasedcraft/BigBangExpeditions/.staging/server/config/zombieawareness/ClientConfig.toml
[24ago.2026 03:56:35.079] [modloading-worker-0/DEBUG] [net.minecraftforge.fml.config.ConfigFileTypeHandler/CONFIG]: Watching TOML config file /home/pedro/Documentos/java/deceasedcraft/BigBangExpeditions/.staging/server/config/zombieawareness/ClientConfig.toml for changes
[24ago.2026 03:56:35.079] [modloading-worker-0/DEBUG] [net.minecraftforge.fml.config.ConfigFileTypeHandler/CONFIG]: Built TOML config for /home/pedro/Documentos/java/deceasedcraft/BigBangExpeditions/.staging/server/config/zombieawareness/Features.toml
[24ago.2026 03:56:35.079] [modloading-worker-0/DEBUG] [net.minecraftforge.fml.config.ConfigFileTypeHandler/CONFIG]: Loaded TOML config file /home/pedro/Documentos/java/deceasedcraft/BigBangExpeditions/.staging/server/config/zombieawareness/Features.toml
[24ago.2026 03:56:35.079] [modloading-worker-0/DEBUG] [net.minecraftforge.fml.config.ConfigFileTypeHandler/CONFIG]: Watching TOML config file /home/pedro/Documentos/java/deceasedcraft/BigBangExpeditions/.staging/server/config/zombieawareness/Features.toml for changes
[24ago.2026 03:56:35.080] [modloading-worker-0/DEBUG] [net.minecraftforge.fml.config.ConfigFileTypeHandler/CONFIG]: Built TOML config for /home/pedro/Documentos/java/deceasedcraft/BigBangExpeditions/.staging/server/config/zombieawareness/MobLists.toml
[24ago.2026 03:56:35.080] [modloading-worker-0/DEBUG] [net.minecraftforge.fml.config.ConfigFileTypeHandler/CONFIG]: Loaded TOML config file /home/pedro/Documentos/java/deceasedcraft/BigBangExpeditions/.staging/server/config/zombieawareness/MobLists.toml
[24ago.2026 03:56:35.081] [modloading-worker-0/DEBUG] [net.minecraftforge.fml.config.ConfigFileTypeHandler/CONFIG]: Watching TOML config file /home/pedro/Documentos/java/deceasedcraft/BigBangExpeditions/.staging/server/config/zombieawareness/MobLists.toml for changes
[24ago.2026 03:56:35.082] [modloading-worker-0/DEBUG] [net.minecraftforge.fml.config.ConfigFileTypeHandler/CONFIG]: Built TOML config for /home/pedro/Documentos/java/deceasedcraft/BigBangExpeditions/.staging/server/config/zombieawareness/PlayerRulesAndLists.toml
[24ago.2026 03:56:35.082] [modloading-worker-0/DEBUG] [net.minecraftforge.fml.config.ConfigFileTypeHandler/CONFIG]: Loaded TOML config file /home/pedro/Documentos/java/deceasedcraft/BigBangExpeditions/.staging/server/config/zombieawareness/PlayerRulesAndLists.toml
[24ago.2026 03:56:35.083] [modloading-worker-0/DEBUG] [net.minecraftforge.fml.config.ConfigFileTypeHandler/CONFIG]: Watching TOML config file /home/pedro/Documentos/java/deceasedcraft/BigBangExpeditions/.staging/server/config/zombieawareness/PlayerRulesAndLists.toml for changes
[24ago.2026 03:56:35.084] [modloading-worker-0/DEBUG] [net.minecraftforge.fml.config.ConfigFileTypeHandler/CONFIG]: Built TOML config for /home/pedro/Documentos/java/deceasedcraft/BigBangExpeditions/.staging/server/config/simpleplanes-common.toml
[24ago.2026 03:56:35.084] [modloading-worker-0/DEBUG] [net.minecraftforge.fml.config.ConfigFileTypeHandler/CONFIG]: Loaded TOML config file /home/pedro/Documentos/java/deceasedcraft/BigBangExpeditions/.staging/server/config/simpleplanes-common.toml
[24ago.2026 03:56:35.084] [modloading-worker-0/DEBUG] [net.minecraftforge.fml.config.ConfigFileTypeHandler/CONFIG]: Watching TOML config file /home/pedro/Documentos/java/deceasedcraft/BigBangExpeditions/.staging/server/config/simpleplanes-common.toml for changes
[24ago.2026 03:56:35.085] [modloading-worker-0/DEBUG] [net.minecraftforge.fml.config.ConfigFileTypeHandler/CONFIG]: Built TOML config for /home/pedro/Documentos/java/deceasedcraft/BigBangExpeditions/.staging/server/config/carryon-common.toml
[24ago.2026 03:56:35.085] [modloading-worker-0/DEBUG] [net.minecraftforge.fml.config.ConfigFileTypeHandler/CONFIG]: Loaded TOML config file /home/pedro/Documentos/java/deceasedcraft/BigBangExpeditions/.staging/server/config/carryon-common.toml
[24ago.2026 03:56:35.085] [modloading-worker-0/DEBUG] [net.minecraftforge.fml.config.ConfigFileTypeHandler/CONFIG]: Watching TOML config file /home/pedro/Documentos/java/deceasedcraft/BigBangExpeditions/.staging/server/config/carryon-common.toml for changes
[24ago.2026 03:56:35.178] [modloading-worker-0/DEBUG] [net.minecraftforge.fml.config.ConfigFileTypeHandler/CONFIG]: Built TOML config for /home/pedro/Documentos/java/deceasedcraft/BigBangExpeditions/.staging/server/config/dummmmmmy-common.toml
[24ago.2026 03:56:35.179] [modloading-worker-0/DEBUG] [net.minecraftforge.fml.config.ConfigFileTypeHandler/CONFIG]: Loaded TOML config file /home/pedro/Documentos/java/deceasedcraft/BigBangExpeditions/.staging/server/config/dummmmmmy-common.toml
[24ago.2026 03:56:35.179] [modloading-worker-0/DEBUG] [net.minecraftforge.fml.config.ConfigFileTypeHandler/CONFIG]: Watching TOML config file /home/pedro/Documentos/java/deceasedcraft/BigBangExpeditions/.staging/server/config/dummmmmmy-common.toml for changes
[24ago.2026 03:56:35.179] [modloading-worker-0/DEBUG] [net.minecraftforge.fml.config.ConfigFileTypeHandler/CONFIG]: Built TOML config for /home/pedro/Documentos/java/deceasedcraft/BigBangExpeditions/.staging/server/config/createdieselgenerators-common.toml
[24ago.2026 03:56:35.180] [modloading-worker-0/DEBUG] [net.minecraftforge.fml.config.ConfigFileTypeHandler/CONFIG]: Loaded TOML config file /home/pedro/Documentos/java/deceasedcraft/BigBangExpeditions/.staging/server/config/createdieselgenerators-common.toml
[24ago.2026 03:56:35.180] [modloading-worker-0/DEBUG] [net.minecraftforge.fml.config.ConfigFileTypeHandler/CONFIG]: Watching TOML config file /home/pedro/Documentos/java/deceasedcraft/BigBangExpeditions/.staging/server/config/createdieselgenerators-common.toml for changes
[24ago.2026 03:56:35.180] [modloading-worker-0/DEBUG] [net.minecraftforge.fml.config.ConfigFileTypeHandler/CONFIG]: Built TOML config for /home/pedro/Documentos/java/deceasedcraft/BigBangExpeditions/.staging/server/config/item_scrapper-debug.toml
[24ago.2026 03:56:35.180] [modloading-worker-0/DEBUG] [net.minecraftforge.fml.config.ConfigFileTypeHandler/CONFIG]: Loaded TOML config file /home/pedro/Documentos/java/deceasedcraft/BigBangExpeditions/.staging/server/config/item_scrapper-debug.toml
[24ago.2026 03:56:35.180] [modloading-worker-0/DEBUG] [net.minecraftforge.fml.config.ConfigFileTypeHandler/CONFIG]: Watching TOML config file /home/pedro/Documentos/java/deceasedcraft/BigBangExpeditions/.staging/server/config/item_scrapper-debug.toml for changes
[24ago.2026 03:56:35.181] [modloading-worker-0/DEBUG] [net.minecraftforge.fml.config.ConfigFileTypeHandler/CONFIG]: Built TOML config for /home/pedro/Documentos/java/deceasedcraft/BigBangExpeditions/.staging/server/config/farmersdelight-common.toml
[24ago.2026 03:56:35.181] [modloading-worker-0/DEBUG] [net.minecraftforge.fml.config.ConfigFileTypeHandler/CONFIG]: Loaded TOML config file /home/pedro/Documentos/java/deceasedcraft/BigBangExpeditions/.staging/server/config/farmersdelight-common.toml
[24ago.2026 03:56:35.181] [modloading-worker-0/DEBUG] [net.minecraftforge.fml.config.ConfigFileTypeHandler/CONFIG]: Watching TOML config file /home/pedro/Documentos/java/deceasedcraft/BigBangExpeditions/.staging/server/config/farmersdelight-common.toml for changes
[24ago.2026 03:56:35.183] [modloading-worker-0/DEBUG] [net.minecraftforge.fml.config.ConfigFileTypeHandler/CONFIG]: Built TOML config for /home/pedro/Documentos/java/deceasedcraft/BigBangExpeditions/.staging/server/config/item_scrapper-common.toml
[24ago.2026 03:56:35.183] [modloading-worker-0/DEBUG] [net.minecraftforge.fml.config.ConfigFileTypeHandler/CONFIG]: Loaded TOML config file /home/pedro/Documentos/java/deceasedcraft/BigBangExpeditions/.staging/server/config/item_scrapper-common.toml
[24ago.2026 03:56:35.183] [modloading-worker-0/DEBUG] [net.minecraftforge.fml.config.ConfigFileTypeHandler/CONFIG]: Watching TOML config file /home/pedro/Documentos/java/deceasedcraft/BigBangExpeditions/.staging/server/config/item_scrapper-common.toml for changes
[24ago.2026 03:56:35.184] [modloading-worker-0/DEBUG] [net.minecraftforge.fml.config.ConfigFileTypeHandler/CONFIG]: Built TOML config for /home/pedro/Documentos/java/deceasedcraft/BigBangExpeditions/.staging/server/config/lostcities/common.toml
[24ago.2026 03:56:35.184] [modloading-worker-0/DEBUG] [net.minecraftforge.fml.config.ConfigFileTypeHandler/CONFIG]: Loaded TOML config file /home/pedro/Documentos/java/deceasedcraft/BigBangExpeditions/.staging/server/config/lostcities/common.toml
[24ago.2026 03:56:35.185] [modloading-worker-0/DEBUG] [net.minecraftforge.fml.config.ConfigFileTypeHandler/CONFIG]: Watching TOML config file /home/pedro/Documentos/java/deceasedcraft/BigBangExpeditions/.staging/server/config/lostcities/common.toml for changes
[24ago.2026 03:56:35.185] [modloading-worker-0/DEBUG] [net.minecraftforge.fml.config.ConfigFileTypeHandler/CONFIG]: Built TOML config for /home/pedro/Documentos/java/deceasedcraft/BigBangExpeditions/.staging/server/config/sophisticatedbackpacks-common.toml
[24ago.2026 03:56:35.185] [modloading-worker-0/DEBUG] [net.minecraftforge.fml.config.ConfigFileTypeHandler/CONFIG]: Loaded TOML config file /home/pedro/Documentos/java/deceasedcraft/BigBangExpeditions/.staging/server/config/sophisticatedbackpacks-common.toml
[24ago.2026 03:56:35.185] [modloading-worker-0/DEBUG] [net.minecraftforge.fml.config.ConfigFileTypeHandler/CONFIG]: Watching TOML config file /home/pedro/Documentos/java/deceasedcraft/BigBangExpeditions/.staging/server/config/sophisticatedbackpacks-common.toml for changes
[24ago.2026 03:56:35.185] [modloading-worker-0/DEBUG] [net.minecraftforge.fml.config.ConfigFileTypeHandler/CONFIG]: Built TOML config for /home/pedro/Documentos/java/deceasedcraft/BigBangExpeditions/.staging/server/config/curios-common.toml
[24ago.2026 03:56:35.185] [modloading-worker-0/DEBUG] [net.minecraftforge.fml.config.ConfigFileTypeHandler/CONFIG]: Loaded TOML config file /home/pedro/Documentos/java/deceasedcraft/BigBangExpeditions/.staging/server/config/curios-common.toml
[24ago.2026 03:56:35.185] [modloading-worker-0/DEBUG] [net.minecraftforge.fml.config.ConfigFileTypeHandler/CONFIG]: Watching TOML config file /home/pedro/Documentos/java/deceasedcraft/BigBangExpeditions/.staging/server/config/curios-common.toml for changes
[24ago.2026 03:56:35.186] [modloading-worker-0/DEBUG] [net.minecraftforge.fml.config.ConfigFileTypeHandler/CONFIG]: Built TOML config for /home/pedro/Documentos/java/deceasedcraft/BigBangExpeditions/.staging/server/config/legendarysurvivaloverhaul/legendarysurvivaloverhaul-common.toml
[24ago.2026 03:56:35.187] [modloading-worker-0/DEBUG] [net.minecraftforge.fml.config.ConfigFileTypeHandler/CONFIG]: Loaded TOML config file /home/pedro/Documentos/java/deceasedcraft/BigBangExpeditions/.staging/server/config/legendarysurvivaloverhaul/legendarysurvivaloverhaul-common.toml
[24ago.2026 03:56:35.187] [modloading-worker-0/DEBUG] [net.minecraftforge.fml.config.ConfigFileTypeHandler/CONFIG]: Watching TOML config file /home/pedro/Documentos/java/deceasedcraft/BigBangExpeditions/.staging/server/config/legendarysurvivaloverhaul/legendarysurvivaloverhaul-common.toml for changes
[24ago.2026 03:56:35.198] [modloading-worker-0/DEBUG] [net.minecraftforge.fml.config.ConfigFileTypeHandler/CONFIG]: Built TOML config for /home/pedro/Documentos/java/deceasedcraft/BigBangExpeditions/.staging/server/config/zeta-common.toml
[24ago.2026 03:56:35.198] [modloading-worker-0/DEBUG] [net.minecraftforge.fml.config.ConfigFileTypeHandler/CONFIG]: Loaded TOML config file /home/pedro/Documentos/java/deceasedcraft/BigBangExpeditions/.staging/server/config/zeta-common.toml
[24ago.2026 03:56:35.198] [modloading-worker-0/DEBUG] [net.minecraftforge.fml.config.ConfigFileTypeHandler/CONFIG]: Watching TOML config file /home/pedro/Documentos/java/deceasedcraft/BigBangExpeditions/.staging/server/config/zeta-common.toml for changes
[24ago.2026 03:56:35.199] [modloading-worker-0/DEBUG] [net.minecraftforge.fml.config.ConfigFileTypeHandler/CONFIG]: Built TOML config for /home/pedro/Documentos/java/deceasedcraft/BigBangExpeditions/.staging/server/config/aiimprovements-common.toml
[24ago.2026 03:56:35.200] [modloading-worker-0/DEBUG] [net.minecraftforge.fml.config.ConfigFileTypeHandler/CONFIG]: Loaded TOML config file /home/pedro/Documentos/java/deceasedcraft/BigBangExpeditions/.staging/server/config/aiimprovements-common.toml
[24ago.2026 03:56:35.200] [modloading-worker-0/DEBUG] [net.minecraftforge.fml.config.ConfigFileTypeHandler/CONFIG]: Watching TOML config file /home/pedro/Documentos/java/deceasedcraft/BigBangExpeditions/.staging/server/config/aiimprovements-common.toml for changes
[24ago.2026 03:56:35.201] [modloading-worker-0/DEBUG] [net.minecraftforge.fml.config.ConfigFileTypeHandler/CONFIG]: Built TOML config for /home/pedro/Documentos/java/deceasedcraft/BigBangExpeditions/.staging/server/config/extremereactors/common.toml
[24ago.2026 03:56:35.201] [modloading-worker-0/DEBUG] [net.minecraftforge.fml.config.ConfigFileTypeHandler/CONFIG]: Loaded TOML config file /home/pedro/Documentos/java/deceasedcraft/BigBangExpeditions/.staging/server/config/extremereactors/common.toml
[24ago.2026 03:56:35.202] [modloading-worker-0/DEBUG] [net.minecraftforge.fml.config.ConfigFileTypeHandler/CONFIG]: Watching TOML config file /home/pedro/Documentos/java/deceasedcraft/BigBangExpeditions/.staging/server/config/extremereactors/common.toml for changes
[24ago.2026 03:56:35.202] [modloading-worker-0/DEBUG] [net.minecraftforge.fml.config.ConfigFileTypeHandler/CONFIG]: Built TOML config for /home/pedro/Documentos/java/deceasedcraft/BigBangExpeditions/.staging/server/config/trashslot-common.toml
[24ago.2026 03:56:35.202] [modloading-worker-0/DEBUG] [net.minecraftforge.fml.config.ConfigFileTypeHandler/CONFIG]: Loaded TOML config file /home/pedro/Documentos/java/deceasedcraft/BigBangExpeditions/.staging/server/config/trashslot-common.toml
[24ago.2026 03:56:35.203] [modloading-worker-0/DEBUG] [net.minecraftforge.fml.config.ConfigFileTypeHandler/CONFIG]: Watching TOML config file /home/pedro/Documentos/java/deceasedcraft/BigBangExpeditions/.staging/server/config/trashslot-common.toml for changes
[24ago.2026 03:56:35.203] [modloading-worker-0/DEBUG] [net.minecraftforge.fml.config.ConfigFileTypeHandler/CONFIG]: Built TOML config for /home/pedro/Documentos/java/deceasedcraft/BigBangExpeditions/.staging/server/config/buildersdelight-common.toml
[24ago.2026 03:56:35.203] [modloading-worker-0/DEBUG] [net.minecraftforge.fml.config.ConfigFileTypeHandler/CONFIG]: Loaded TOML config file /home/pedro/Documentos/java/deceasedcraft/BigBangExpeditions/.staging/server/config/buildersdelight-common.toml
[24ago.2026 03:56:35.203] [modloading-worker-0/DEBUG] [net.minecraftforge.fml.config.ConfigFileTypeHandler/CONFIG]: Watching TOML config file /home/pedro/Documentos/java/deceasedcraft/BigBangExpeditions/.staging/server/config/buildersdelight-common.toml for changes
[24ago.2026 03:56:35.204] [modloading-worker-0/DEBUG] [net.minecraftforge.fml.config.ConfigFileTypeHandler/CONFIG]: Built TOML config for /home/pedro/Documentos/java/deceasedcraft/BigBangExpeditions/.staging/server/config/ezvcsurvival/voices.toml
[24ago.2026 03:56:35.204] [modloading-worker-0/DEBUG] [net.minecraftforge.fml.config.ConfigFileTypeHandler/CONFIG]: Loaded TOML config file /home/pedro/Documentos/java/deceasedcraft/BigBangExpeditions/.staging/server/config/ezvcsurvival/voices.toml
[24ago.2026 03:56:35.204] [modloading-worker-0/DEBUG] [net.minecraftforge.fml.config.ConfigFileTypeHandler/CONFIG]: Watching TOML config file /home/pedro/Documentos/java/deceasedcraft/BigBangExpeditions/.staging/server/config/ezvcsurvival/voices.toml for changes
[24ago.2026 03:56:35.205] [modloading-worker-0/DEBUG] [net.minecraftforge.fml.config.ConfigFileTypeHandler/CONFIG]: Built TOML config for /home/pedro/Documentos/java/deceasedcraft/BigBangExpeditions/.staging/server/config/ezvcsurvival/sounds.toml
[24ago.2026 03:56:35.205] [modloading-worker-0/DEBUG] [net.minecraftforge.fml.config.ConfigFileTypeHandler/CONFIG]: Loaded TOML config file /home/pedro/Documentos/java/deceasedcraft/BigBangExpeditions/.staging/server/config/ezvcsurvival/sounds.toml
[24ago.2026 03:56:35.205] [modloading-worker-0/DEBUG] [net.minecraftforge.fml.config.ConfigFileTypeHandler/CONFIG]: Watching TOML config file /home/pedro/Documentos/java/deceasedcraft/BigBangExpeditions/.staging/server/config/ezvcsurvival/sounds.toml for changes
[24ago.2026 03:56:35.212] [modloading-worker-0/DEBUG] [net.minecraftforge.fml.config.ConfigFileTypeHandler/CONFIG]: Built TOML config for /home/pedro/Documentos/java/deceasedcraft/BigBangExpeditions/.staging/server/config/particular-common.toml
[24ago.2026 03:56:35.212] [modloading-worker-0/DEBUG] [net.minecraftforge.fml.config.ConfigFileTypeHandler/CONFIG]: Loaded TOML config file /home/pedro/Documentos/java/deceasedcraft/BigBangExpeditions/.staging/server/config/particular-common.toml
[24ago.2026 03:56:35.213] [modloading-worker-0/DEBUG] [net.minecraftforge.fml.config.ConfigFileTypeHandler/CONFIG]: Watching TOML config file /home/pedro/Documentos/java/deceasedcraft/BigBangExpeditions/.staging/server/config/particular-common.toml for changes
[24ago.2026 03:56:35.703] [modloading-worker-0/DEBUG] [net.minecraftforge.fml.config.ConfigFileTypeHandler/CONFIG]: Built TOML config for /home/pedro/Documentos/java/deceasedcraft/BigBangExpeditions/.staging/server/config/create_central_kitchen-common.toml
[24ago.2026 03:56:35.703] [modloading-worker-0/DEBUG] [net.minecraftforge.fml.config.ConfigFileTypeHandler/CONFIG]: Loaded TOML config file /home/pedro/Documentos/java/deceasedcraft/BigBangExpeditions/.staging/server/config/create_central_kitchen-common.toml
[24ago.2026 03:56:35.704] [modloading-worker-0/DEBUG] [net.minecraftforge.fml.config.ConfigFileTypeHandler/CONFIG]: Watching TOML config file /home/pedro/Documentos/java/deceasedcraft/BigBangExpeditions/.staging/server/config/create_central_kitchen-common.toml for changes
[24ago.2026 03:56:35.763] [modloading-worker-0/INFO] [YetAnotherConfigLib/]: Deserializing YACLConfig from '/home/pedro/Documentos/java/deceasedcraft/BigBangExpeditions/.staging/server/config/yacl.json5'
[24ago.2026 03:56:36.870] [main/DEBUG] [SpectreLib/CONFIG]: Built TOML config for /home/pedro/Documentos/java/deceasedcraft/BigBangExpeditions/.staging/server/config/diet-server.toml
[24ago.2026 03:56:36.870] [main/DEBUG] [SpectreLib/CONFIG]: Loaded TOML config file /home/pedro/Documentos/java/deceasedcraft/BigBangExpeditions/.staging/server/config/diet-server.toml
[24ago.2026 03:56:36.870] [main/DEBUG] [SpectreLib/CONFIG]: Built TOML config for /home/pedro/Documentos/java/deceasedcraft/BigBangExpeditions/.staging/server/config/comforts-server.toml
[24ago.2026 03:56:36.870] [main/DEBUG] [SpectreLib/CONFIG]: Loaded TOML config file /home/pedro/Documentos/java/deceasedcraft/BigBangExpeditions/.staging/server/config/comforts-server.toml
[24ago.2026 03:56:42.971] [main/DEBUG] [net.minecraftforge.fml.config.ConfigFileTypeHandler/CONFIG]: Built TOML config for /home/pedro/Documentos/java/deceasedcraft/BigBangExpeditions/.staging/server/config/rsmixin-common.toml
[24ago.2026 03:56:42.971] [main/DEBUG] [net.minecraftforge.fml.config.ConfigFileTypeHandler/CONFIG]: Loaded TOML config file /home/pedro/Documentos/java/deceasedcraft/BigBangExpeditions/.staging/server/config/rsmixin-common.toml
[24ago.2026 03:56:42.972] [main/DEBUG] [net.minecraftforge.fml.config.ConfigFileTypeHandler/CONFIG]: Watching TOML config file /home/pedro/Documentos/java/deceasedcraft/BigBangExpeditions/.staging/server/config/rsmixin-common.toml for changes
[24ago.2026 03:56:42.972] [main/DEBUG] [net.minecraftforge.fml.config.ConfigFileTypeHandler/CONFIG]: Built TOML config for /home/pedro/Documentos/java/deceasedcraft/BigBangExpeditions/.staging/server/config/hordes-common.toml
[24ago.2026 03:56:42.973] [main/DEBUG] [net.minecraftforge.fml.config.ConfigFileTypeHandler/CONFIG]: Loaded TOML config file /home/pedro/Documentos/java/deceasedcraft/BigBangExpeditions/.staging/server/config/hordes-common.toml
[24ago.2026 03:56:42.973] [main/DEBUG] [net.minecraftforge.fml.config.ConfigFileTypeHandler/CONFIG]: Watching TOML config file /home/pedro/Documentos/java/deceasedcraft/BigBangExpeditions/.staging/server/config/hordes-common.toml for changes
[24ago.2026 03:56:42.973] [main/DEBUG] [net.minecraftforge.fml.config.ConfigFileTypeHandler/CONFIG]: Built TOML config for /home/pedro/Documentos/java/deceasedcraft/BigBangExpeditions/.staging/server/config/modernfix-common.toml
[24ago.2026 03:56:42.973] [main/DEBUG] [net.minecraftforge.fml.config.ConfigFileTypeHandler/CONFIG]: Loaded TOML config file /home/pedro/Documentos/java/deceasedcraft/BigBangExpeditions/.staging/server/config/modernfix-common.toml
[24ago.2026 03:56:42.973] [main/DEBUG] [net.minecraftforge.fml.config.ConfigFileTypeHandler/CONFIG]: Watching TOML config file /home/pedro/Documentos/java/deceasedcraft/BigBangExpeditions/.staging/server/config/modernfix-common.toml for changes
[24ago.2026 03:56:42.974] [main/DEBUG] [net.minecraftforge.fml.config.ConfigFileTypeHandler/CONFIG]: Built TOML config for /home/pedro/Documentos/java/deceasedcraft/BigBangExpeditions/.staging/server/config/bcc-common.toml
[24ago.2026 03:56:42.974] [main/DEBUG] [net.minecraftforge.fml.config.ConfigFileTypeHandler/CONFIG]: Loaded TOML config file /home/pedro/Documentos/java/deceasedcraft/BigBangExpeditions/.staging/server/config/bcc-common.toml
[24ago.2026 03:56:42.974] [main/DEBUG] [net.minecraftforge.fml.config.ConfigFileTypeHandler/CONFIG]: Watching TOML config file /home/pedro/Documentos/java/deceasedcraft/BigBangExpeditions/.staging/server/config/bcc-common.toml for changes
[24ago.2026 03:56:42.974] [main/DEBUG] [net.minecraftforge.fml.config.ConfigFileTypeHandler/CONFIG]: Built TOML config for /home/pedro/Documentos/java/deceasedcraft/BigBangExpeditions/.staging/server/config/Plushie_Buddies-Common.toml
[24ago.2026 03:56:42.974] [main/DEBUG] [net.minecraftforge.fml.config.ConfigFileTypeHandler/CONFIG]: Loaded TOML config file /home/pedro/Documentos/java/deceasedcraft/BigBangExpeditions/.staging/server/config/Plushie_Buddies-Common.toml
[24ago.2026 03:56:42.974] [main/DEBUG] [net.minecraftforge.fml.config.ConfigFileTypeHandler/CONFIG]: Watching TOML config file /home/pedro/Documentos/java/deceasedcraft/BigBangExpeditions/.staging/server/config/Plushie_Buddies-Common.toml for changes
[24ago.2026 03:56:42.974] [main/DEBUG] [net.minecraftforge.fml.config.ConfigFileTypeHandler/CONFIG]: Built TOML config for /home/pedro/Documentos/java/deceasedcraft/BigBangExpeditions/.staging/server/config/globalgamerules-common.toml
[24ago.2026 03:56:42.975] [main/DEBUG] [net.minecraftforge.fml.config.ConfigFileTypeHandler/CONFIG]: Loaded TOML config file /home/pedro/Documentos/java/deceasedcraft/BigBangExpeditions/.staging/server/config/globalgamerules-common.toml
[24ago.2026 03:56:42.975] [main/DEBUG] [net.minecraftforge.fml.config.ConfigFileTypeHandler/CONFIG]: Watching TOML config file /home/pedro/Documentos/java/deceasedcraft/BigBangExpeditions/.staging/server/config/globalgamerules-common.toml for changes
[24ago.2026 03:56:42.976] [main/DEBUG] [net.minecraftforge.fml.config.ConfigFileTypeHandler/CONFIG]: Built TOML config for /home/pedro/Documentos/java/deceasedcraft/BigBangExpeditions/.staging/server/config/mobtimizations/features.toml
[24ago.2026 03:56:42.976] [main/DEBUG] [net.minecraftforge.fml.config.ConfigFileTypeHandler/CONFIG]: Loaded TOML config file /home/pedro/Documentos/java/deceasedcraft/BigBangExpeditions/.staging/server/config/mobtimizations/features.toml
[24ago.2026 03:56:42.976] [main/DEBUG] [net.minecraftforge.fml.config.ConfigFileTypeHandler/CONFIG]: Watching TOML config file /home/pedro/Documentos/java/deceasedcraft/BigBangExpeditions/.staging/server/config/mobtimizations/features.toml for changes
[24ago.2026 03:56:42.976] [main/DEBUG] [net.minecraftforge.fml.config.ConfigFileTypeHandler/CONFIG]: Built TOML config for /home/pedro/Documentos/java/deceasedcraft/BigBangExpeditions/.staging/server/config/mobtimizations/features-customization.toml
[24ago.2026 03:56:42.976] [main/DEBUG] [net.minecraftforge.fml.config.ConfigFileTypeHandler/CONFIG]: Loaded TOML config file /home/pedro/Documentos/java/deceasedcraft/BigBangExpeditions/.staging/server/config/mobtimizations/features-customization.toml
[24ago.2026 03:56:42.976] [main/DEBUG] [net.minecraftforge.fml.config.ConfigFileTypeHandler/CONFIG]: Watching TOML config file /home/pedro/Documentos/java/deceasedcraft/BigBangExpeditions/.staging/server/config/mobtimizations/features-customization.toml for changes
[24ago.2026 03:56:42.976] [main/DEBUG] [net.minecraftforge.fml.config.ConfigFileTypeHandler/CONFIG]: Built TOML config for /home/pedro/Documentos/java/deceasedcraft/BigBangExpeditions/.staging/server/config/exposure-common.toml
[24ago.2026 03:56:42.976] [main/DEBUG] [net.minecraftforge.fml.config.ConfigFileTypeHandler/CONFIG]: Loaded TOML config file /home/pedro/Documentos/java/deceasedcraft/BigBangExpeditions/.staging/server/config/exposure-common.toml
[24ago.2026 03:56:42.976] [main/DEBUG] [net.minecraftforge.fml.config.ConfigFileTypeHandler/CONFIG]: Watching TOML config file /home/pedro/Documentos/java/deceasedcraft/BigBangExpeditions/.staging/server/config/exposure-common.toml for changes
[24ago.2026 03:56:42.977] [main/DEBUG] [net.minecraftforge.fml.config.ConfigFileTypeHandler/CONFIG]: Built TOML config for /home/pedro/Documentos/java/deceasedcraft/BigBangExpeditions/.staging/server/config/harvest_with_ease-common.toml
[24ago.2026 03:56:42.977] [main/DEBUG] [net.minecraftforge.fml.config.ConfigFileTypeHandler/CONFIG]: Loaded TOML config file /home/pedro/Documentos/java/deceasedcraft/BigBangExpeditions/.staging/server/config/harvest_with_ease-common.toml
[24ago.2026 03:56:42.977] [main/DEBUG] [net.minecraftforge.fml.config.ConfigFileTypeHandler/CONFIG]: Watching TOML config file /home/pedro/Documentos/java/deceasedcraft/BigBangExpeditions/.staging/server/config/harvest_with_ease-common.toml for changes
[24ago.2026 03:56:42.977] [main/DEBUG] [net.minecraftforge.fml.config.ConfigFileTypeHandler/CONFIG]: Built TOML config for /home/pedro/Documentos/java/deceasedcraft/BigBangExpeditions/.staging/server/config/corpsecurioscompat-common.toml
[24ago.2026 03:56:42.977] [main/DEBUG] [net.minecraftforge.fml.config.ConfigFileTypeHandler/CONFIG]: Loaded TOML config file /home/pedro/Documentos/java/deceasedcraft/BigBangExpeditions/.staging/server/config/corpsecurioscompat-common.toml
[24ago.2026 03:56:42.977] [main/DEBUG] [net.minecraftforge.fml.config.ConfigFileTypeHandler/CONFIG]: Watching TOML config file /home/pedro/Documentos/java/deceasedcraft/BigBangExpeditions/.staging/server/config/corpsecurioscompat-common.toml for changes
[24ago.2026 03:56:42.977] [main/DEBUG] [net.minecraftforge.fml.config.ConfigFileTypeHandler/CONFIG]: Built TOML config for /home/pedro/Documentos/java/deceasedcraft/BigBangExpeditions/.staging/server/config/scholar-common.toml
[24ago.2026 03:56:42.977] [main/DEBUG] [net.minecraftforge.fml.config.ConfigFileTypeHandler/CONFIG]: Loaded TOML config file /home/pedro/Documentos/java/deceasedcraft/BigBangExpeditions/.staging/server/config/scholar-common.toml
[24ago.2026 03:56:42.977] [main/DEBUG] [net.minecraftforge.fml.config.ConfigFileTypeHandler/CONFIG]: Watching TOML config file /home/pedro/Documentos/java/deceasedcraft/BigBangExpeditions/.staging/server/config/scholar-common.toml for changes
[24ago.2026 03:56:42.978] [main/DEBUG] [net.minecraftforge.fml.config.ConfigFileTypeHandler/CONFIG]: Built TOML config for /home/pedro/Documentos/java/deceasedcraft/BigBangExpeditions/.staging/server/config/logbegone.toml
[24ago.2026 03:56:42.978] [main/DEBUG] [net.minecraftforge.fml.config.ConfigFileTypeHandler/CONFIG]: Loaded TOML config file /home/pedro/Documentos/java/deceasedcraft/BigBangExpeditions/.staging/server/config/logbegone.toml
[24ago.2026 03:56:42.978] [main/DEBUG] [net.minecraftforge.fml.config.ConfigFileTypeHandler/CONFIG]: Watching TOML config file /home/pedro/Documentos/java/deceasedcraft/BigBangExpeditions/.staging/server/config/logbegone.toml for changes
[24ago.2026 03:56:42.978] [main/DEBUG] [net.minecraftforge.fml.config.ConfigFileTypeHandler/CONFIG]: Built TOML config for /home/pedro/Documentos/java/deceasedcraft/BigBangExpeditions/.staging/server/config/naturescompass-common.toml
[24ago.2026 03:56:42.978] [main/DEBUG] [net.minecraftforge.fml.config.ConfigFileTypeHandler/CONFIG]: Loaded TOML config file /home/pedro/Documentos/java/deceasedcraft/BigBangExpeditions/.staging/server/config/naturescompass-common.toml
[24ago.2026 03:56:42.978] [main/DEBUG] [net.minecraftforge.fml.config.ConfigFileTypeHandler/CONFIG]: Watching TOML config file /home/pedro/Documentos/java/deceasedcraft/BigBangExpeditions/.staging/server/config/naturescompass-common.toml for changes
[24ago.2026 03:56:42.978] [main/DEBUG] [net.minecraftforge.fml.config.ConfigFileTypeHandler/CONFIG]: Built TOML config for /home/pedro/Documentos/java/deceasedcraft/BigBangExpeditions/.staging/server/config/chalk-common.toml
[24ago.2026 03:56:42.978] [main/DEBUG] [net.minecraftforge.fml.config.ConfigFileTypeHandler/CONFIG]: Loaded TOML config file /home/pedro/Documentos/java/deceasedcraft/BigBangExpeditions/.staging/server/config/chalk-common.toml
[24ago.2026 03:56:42.978] [main/DEBUG] [net.minecraftforge.fml.config.ConfigFileTypeHandler/CONFIG]: Watching TOML config file /home/pedro/Documentos/java/deceasedcraft/BigBangExpeditions/.staging/server/config/chalk-common.toml for changes
[24ago.2026 03:56:42.979] [main/DEBUG] [net.minecraftforge.fml.config.ConfigFileTypeHandler/CONFIG]: Built TOML config for /home/pedro/Documentos/java/deceasedcraft/BigBangExpeditions/.staging/server/config/cgm-common.toml
[24ago.2026 03:56:42.979] [main/DEBUG] [net.minecraftforge.fml.config.ConfigFileTypeHandler/CONFIG]: Loaded TOML config file /home/pedro/Documentos/java/deceasedcraft/BigBangExpeditions/.staging/server/config/cgm-common.toml
[24ago.2026 03:56:42.979] [main/DEBUG] [net.minecraftforge.fml.config.ConfigFileTypeHandler/CONFIG]: Watching TOML config file /home/pedro/Documentos/java/deceasedcraft/BigBangExpeditions/.staging/server/config/cgm-common.toml for changes
[24ago.2026 03:56:42.979] [main/DEBUG] [net.minecraftforge.fml.config.ConfigFileTypeHandler/CONFIG]: Built TOML config for /home/pedro/Documentos/java/deceasedcraft/BigBangExpeditions/.staging/server/config/cfm-common.toml
[24ago.2026 03:56:42.979] [main/DEBUG] [net.minecraftforge.fml.config.ConfigFileTypeHandler/CONFIG]: Loaded TOML config file /home/pedro/Documentos/java/deceasedcraft/BigBangExpeditions/.staging/server/config/cfm-common.toml
[24ago.2026 03:56:42.979] [main/DEBUG] [net.minecraftforge.fml.config.ConfigFileTypeHandler/CONFIG]: Watching TOML config file /home/pedro/Documentos/java/deceasedcraft/BigBangExpeditions/.staging/server/config/cfm-common.toml for changes
[24ago.2026 03:56:42.979] [main/DEBUG] [net.minecraftforge.fml.config.ConfigFileTypeHandler/CONFIG]: Built TOML config for /home/pedro/Documentos/java/deceasedcraft/BigBangExpeditions/.staging/server/config/theoneprobe-common.toml
[24ago.2026 03:56:42.980] [main/DEBUG] [net.minecraftforge.fml.config.ConfigFileTypeHandler/CONFIG]: Loaded TOML config file /home/pedro/Documentos/java/deceasedcraft/BigBangExpeditions/.staging/server/config/theoneprobe-common.toml
[24ago.2026 03:56:42.980] [main/DEBUG] [net.minecraftforge.fml.config.ConfigFileTypeHandler/CONFIG]: Watching TOML config file /home/pedro/Documentos/java/deceasedcraft/BigBangExpeditions/.staging/server/config/theoneprobe-common.toml for changes
[24ago.2026 03:56:42.980] [main/DEBUG] [net.minecraftforge.fml.config.ConfigFileTypeHandler/CONFIG]: Built TOML config for /home/pedro/Documentos/java/deceasedcraft/BigBangExpeditions/.staging/server/config/balm-common.toml
[24ago.2026 03:56:42.980] [main/DEBUG] [net.minecraftforge.fml.config.ConfigFileTypeHandler/CONFIG]: Loaded TOML config file /home/pedro/Documentos/java/deceasedcraft/BigBangExpeditions/.staging/server/config/balm-common.toml
[24ago.2026 03:56:42.980] [main/DEBUG] [net.minecraftforge.fml.config.ConfigFileTypeHandler/CONFIG]: Watching TOML config file /home/pedro/Documentos/java/deceasedcraft/BigBangExpeditions/.staging/server/config/balm-common.toml for changes
[24ago.2026 03:56:42.980] [main/DEBUG] [net.minecraftforge.fml.config.ConfigFileTypeHandler/CONFIG]: Built TOML config for /home/pedro/Documentos/java/deceasedcraft/BigBangExpeditions/.staging/server/config/nameless_trinkets-base.toml
[24ago.2026 03:56:42.980] [main/DEBUG] [net.minecraftforge.fml.config.ConfigFileTypeHandler/CONFIG]: Loaded TOML config file /home/pedro/Documentos/java/deceasedcraft/BigBangExpeditions/.staging/server/config/nameless_trinkets-base.toml
[24ago.2026 03:56:42.980] [main/DEBUG] [net.minecraftforge.fml.config.ConfigFileTypeHandler/CONFIG]: Watching TOML config file /home/pedro/Documentos/java/deceasedcraft/BigBangExpeditions/.staging/server/config/nameless_trinkets-base.toml for changes
[24ago.2026 03:56:42.981] [main/DEBUG] [net.minecraftforge.fml.config.ConfigFileTypeHandler/CONFIG]: Built TOML config for /home/pedro/Documentos/java/deceasedcraft/BigBangExpeditions/.staging/server/config/fastpaintings-common.toml
[24ago.2026 03:56:42.981] [main/DEBUG] [net.minecraftforge.fml.config.ConfigFileTypeHandler/CONFIG]: Loaded TOML config file /home/pedro/Documentos/java/deceasedcraft/BigBangExpeditions/.staging/server/config/fastpaintings-common.toml
[24ago.2026 03:56:42.981] [main/DEBUG] [net.minecraftforge.fml.config.ConfigFileTypeHandler/CONFIG]: Watching TOML config file /home/pedro/Documentos/java/deceasedcraft/BigBangExpeditions/.staging/server/config/fastpaintings-common.toml for changes
[24ago.2026 03:56:42.981] [main/DEBUG] [net.minecraftforge.fml.config.ConfigFileTypeHandler/CONFIG]: Built TOML config for /home/pedro/Documentos/java/deceasedcraft/BigBangExpeditions/.staging/server/config/lootr-common.toml
[24ago.2026 03:56:42.981] [main/DEBUG] [net.minecraftforge.fml.config.ConfigFileTypeHandler/CONFIG]: Loaded TOML config file /home/pedro/Documentos/java/deceasedcraft/BigBangExpeditions/.staging/server/config/lootr-common.toml
[24ago.2026 03:56:42.981] [main/DEBUG] [net.minecraftforge.fml.config.ConfigFileTypeHandler/CONFIG]: Watching TOML config file /home/pedro/Documentos/java/deceasedcraft/BigBangExpeditions/.staging/server/config/lootr-common.toml for changes
[24ago.2026 03:56:42.981] [main/DEBUG] [net.minecraftforge.fml.config.ConfigFileTypeHandler/CONFIG]: Built TOML config for /home/pedro/Documentos/java/deceasedcraft/BigBangExpeditions/.staging/server/config/apoc_patches.toml
[24ago.2026 03:56:42.981] [main/DEBUG] [net.minecraftforge.fml.config.ConfigFileTypeHandler/CONFIG]: Loaded TOML config file /home/pedro/Documentos/java/deceasedcraft/BigBangExpeditions/.staging/server/config/apoc_patches.toml
[24ago.2026 03:56:42.981] [main/DEBUG] [net.minecraftforge.fml.config.ConfigFileTypeHandler/CONFIG]: Watching TOML config file /home/pedro/Documentos/java/deceasedcraft/BigBangExpeditions/.staging/server/config/apoc_patches.toml for changes
[24ago.2026 03:56:42.981] [main/DEBUG] [net.minecraftforge.fml.config.ConfigFileTypeHandler/CONFIG]: Built TOML config for /home/pedro/Documentos/java/deceasedcraft/BigBangExpeditions/.staging/server/config/cosmeticarmorreworked-common.toml
[24ago.2026 03:56:42.982] [main/DEBUG] [net.minecraftforge.fml.config.ConfigFileTypeHandler/CONFIG]: Loaded TOML config file /home/pedro/Documentos/java/deceasedcraft/BigBangExpeditions/.staging/server/config/cosmeticarmorreworked-common.toml
[24ago.2026 03:56:42.982] [main/DEBUG] [net.minecraftforge.fml.config.ConfigFileTypeHandler/CONFIG]: Watching TOML config file /home/pedro/Documentos/java/deceasedcraft/BigBangExpeditions/.staging/server/config/cosmeticarmorreworked-common.toml for changes
[24ago.2026 03:56:42.982] [main/DEBUG] [net.minecraftforge.fml.config.ConfigFileTypeHandler/CONFIG]: Built TOML config for /home/pedro/Documentos/java/deceasedcraft/BigBangExpeditions/.staging/server/config/v_slab_compat-common.toml
[24ago.2026 03:56:42.982] [main/DEBUG] [net.minecraftforge.fml.config.ConfigFileTypeHandler/CONFIG]: Loaded TOML config file /home/pedro/Documentos/java/deceasedcraft/BigBangExpeditions/.staging/server/config/v_slab_compat-common.toml
[24ago.2026 03:56:42.982] [main/DEBUG] [net.minecraftforge.fml.config.ConfigFileTypeHandler/CONFIG]: Watching TOML config file /home/pedro/Documentos/java/deceasedcraft/BigBangExpeditions/.staging/server/config/v_slab_compat-common.toml for changes
[24ago.2026 03:56:42.982] [main/DEBUG] [net.minecraftforge.fml.config.ConfigFileTypeHandler/CONFIG]: Built TOML config for /home/pedro/Documentos/java/deceasedcraft/BigBangExpeditions/.staging/server/config/enhancedai/common.toml
[24ago.2026 03:56:42.983] [main/DEBUG] [net.minecraftforge.fml.config.ConfigFileTypeHandler/CONFIG]: Loaded TOML config file /home/pedro/Documentos/java/deceasedcraft/BigBangExpeditions/.staging/server/config/enhancedai/common.toml
[24ago.2026 03:56:42.983] [main/DEBUG] [net.minecraftforge.fml.config.ConfigFileTypeHandler/CONFIG]: Watching TOML config file /home/pedro/Documentos/java/deceasedcraft/BigBangExpeditions/.staging/server/config/enhancedai/common.toml for changes
[24ago.2026 03:56:42.986] [main/DEBUG] [net.minecraftforge.fml.config.ConfigFileTypeHandler/CONFIG]: Built TOML config for /home/pedro/Documentos/java/deceasedcraft/BigBangExpeditions/.staging/server/config/crittersandcompanions-common.toml
[24ago.2026 03:56:42.986] [main/DEBUG] [net.minecraftforge.fml.config.ConfigFileTypeHandler/CONFIG]: Loaded TOML config file /home/pedro/Documentos/java/deceasedcraft/BigBangExpeditions/.staging/server/config/crittersandcompanions-common.toml
[24ago.2026 03:56:42.986] [main/DEBUG] [net.minecraftforge.fml.config.ConfigFileTypeHandler/CONFIG]: Watching TOML config file /home/pedro/Documentos/java/deceasedcraft/BigBangExpeditions/.staging/server/config/crittersandcompanions-common.toml for changes
[24ago.2026 03:56:42.986] [main/DEBUG] [net.minecraftforge.fml.config.ConfigFileTypeHandler/CONFIG]: Built TOML config for /home/pedro/Documentos/java/deceasedcraft/BigBangExpeditions/.staging/server/config/sophisticatedcore-common.toml
[24ago.2026 03:56:42.986] [main/DEBUG] [net.minecraftforge.fml.config.ConfigFileTypeHandler/CONFIG]: Loaded TOML config file /home/pedro/Documentos/java/deceasedcraft/BigBangExpeditions/.staging/server/config/sophisticatedcore-common.toml
[24ago.2026 03:56:42.987] [main/DEBUG] [net.minecraftforge.fml.config.ConfigFileTypeHandler/CONFIG]: Watching TOML config file /home/pedro/Documentos/java/deceasedcraft/BigBangExpeditions/.staging/server/config/sophisticatedcore-common.toml for changes
[24ago.2026 03:56:42.987] [main/DEBUG] [net.minecraftforge.fml.config.ConfigFileTypeHandler/CONFIG]: Built TOML config for /home/pedro/Documentos/java/deceasedcraft/BigBangExpeditions/.staging/server/config/insanelib.toml
[24ago.2026 03:56:42.987] [main/DEBUG] [net.minecraftforge.fml.config.ConfigFileTypeHandler/CONFIG]: Loaded TOML config file /home/pedro/Documentos/java/deceasedcraft/BigBangExpeditions/.staging/server/config/insanelib.toml
[24ago.2026 03:56:42.987] [main/DEBUG] [net.minecraftforge.fml.config.ConfigFileTypeHandler/CONFIG]: Watching TOML config file /home/pedro/Documentos/java/deceasedcraft/BigBangExpeditions/.staging/server/config/insanelib.toml for changes
[24ago.2026 03:56:42.987] [main/DEBUG] [net.minecraftforge.fml.config.ConfigFileTypeHandler/CONFIG]: Built TOML config for /home/pedro/Documentos/java/deceasedcraft/BigBangExpeditions/.staging/server/config/zombieawareness/General.toml
[24ago.2026 03:56:42.987] [main/DEBUG] [net.minecraftforge.fml.config.ConfigFileTypeHandler/CONFIG]: Loaded TOML config file /home/pedro/Documentos/java/deceasedcraft/BigBangExpeditions/.staging/server/config/zombieawareness/General.toml
[24ago.2026 03:56:42.987] [main/DEBUG] [net.minecraftforge.fml.config.ConfigFileTypeHandler/CONFIG]: Watching TOML config file /home/pedro/Documentos/java/deceasedcraft/BigBangExpeditions/.staging/server/config/zombieawareness/General.toml for changes
[24ago.2026 03:56:42.988] [main/DEBUG] [net.minecraftforge.fml.config.ConfigFileTypeHandler/CONFIG]: Built TOML config for /home/pedro/Documentos/java/deceasedcraft/BigBangExpeditions/.staging/server/config/zombieawareness/ClientConfig.toml
[24ago.2026 03:56:42.988] [main/DEBUG] [net.minecraftforge.fml.config.ConfigFileTypeHandler/CONFIG]: Loaded TOML config file /home/pedro/Documentos/java/deceasedcraft/BigBangExpeditions/.staging/server/config/zombieawareness/ClientConfig.toml
[24ago.2026 03:56:42.988] [main/DEBUG] [net.minecraftforge.fml.config.ConfigFileTypeHandler/CONFIG]: Watching TOML config file /home/pedro/Documentos/java/deceasedcraft/BigBangExpeditions/.staging/server/config/zombieawareness/ClientConfig.toml for changes
[24ago.2026 03:56:42.988] [main/DEBUG] [net.minecraftforge.fml.config.ConfigFileTypeHandler/CONFIG]: Built TOML config for /home/pedro/Documentos/java/deceasedcraft/BigBangExpeditions/.staging/server/config/zombieawareness/Features.toml
[24ago.2026 03:56:42.988] [main/DEBUG] [net.minecraftforge.fml.config.ConfigFileTypeHandler/CONFIG]: Loaded TOML config file /home/pedro/Documentos/java/deceasedcraft/BigBangExpeditions/.staging/server/config/zombieawareness/Features.toml
[24ago.2026 03:56:42.988] [main/DEBUG] [net.minecraftforge.fml.config.ConfigFileTypeHandler/CONFIG]: Watching TOML config file /home/pedro/Documentos/java/deceasedcraft/BigBangExpeditions/.staging/server/config/zombieawareness/Features.toml for changes
[24ago.2026 03:56:42.988] [main/DEBUG] [net.minecraftforge.fml.config.ConfigFileTypeHandler/CONFIG]: Built TOML config for /home/pedro/Documentos/java/deceasedcraft/BigBangExpeditions/.staging/server/config/zombieawareness/MobLists.toml
[24ago.2026 03:56:42.989] [main/DEBUG] [net.minecraftforge.fml.config.ConfigFileTypeHandler/CONFIG]: Loaded TOML config file /home/pedro/Documentos/java/deceasedcraft/BigBangExpeditions/.staging/server/config/zombieawareness/MobLists.toml
[24ago.2026 03:56:42.989] [main/DEBUG] [net.minecraftforge.fml.config.ConfigFileTypeHandler/CONFIG]: Watching TOML config file /home/pedro/Documentos/java/deceasedcraft/BigBangExpeditions/.staging/server/config/zombieawareness/MobLists.toml for changes
[24ago.2026 03:56:42.989] [main/DEBUG] [net.minecraftforge.fml.config.ConfigFileTypeHandler/CONFIG]: Built TOML config for /home/pedro/Documentos/java/deceasedcraft/BigBangExpeditions/.staging/server/config/zombieawareness/PlayerRulesAndLists.toml
[24ago.2026 03:56:42.989] [main/DEBUG] [net.minecraftforge.fml.config.ConfigFileTypeHandler/CONFIG]: Loaded TOML config file /home/pedro/Documentos/java/deceasedcraft/BigBangExpeditions/.staging/server/config/zombieawareness/PlayerRulesAndLists.toml
[24ago.2026 03:56:42.989] [main/DEBUG] [net.minecraftforge.fml.config.ConfigFileTypeHandler/CONFIG]: Watching TOML config file /home/pedro/Documentos/java/deceasedcraft/BigBangExpeditions/.staging/server/config/zombieawareness/PlayerRulesAndLists.toml for changes
[24ago.2026 03:56:42.990] [main/DEBUG] [net.minecraftforge.fml.config.ConfigFileTypeHandler/CONFIG]: Built TOML config for /home/pedro/Documentos/java/deceasedcraft/BigBangExpeditions/.staging/server/config/simpleplanes-common.toml
[24ago.2026 03:56:42.990] [main/DEBUG] [net.minecraftforge.fml.config.ConfigFileTypeHandler/CONFIG]: Loaded TOML config file /home/pedro/Documentos/java/deceasedcraft/BigBangExpeditions/.staging/server/config/simpleplanes-common.toml
[24ago.2026 03:56:42.990] [main/DEBUG] [net.minecraftforge.fml.config.ConfigFileTypeHandler/CONFIG]: Watching TOML config file /home/pedro/Documentos/java/deceasedcraft/BigBangExpeditions/.staging/server/config/simpleplanes-common.toml for changes
[24ago.2026 03:56:42.990] [main/DEBUG] [net.minecraftforge.fml.config.ConfigFileTypeHandler/CONFIG]: Built TOML config for /home/pedro/Documentos/java/deceasedcraft/BigBangExpeditions/.staging/server/config/carryon-common.toml
[24ago.2026 03:56:42.990] [main/DEBUG] [net.minecraftforge.fml.config.ConfigFileTypeHandler/CONFIG]: Loaded TOML config file /home/pedro/Documentos/java/deceasedcraft/BigBangExpeditions/.staging/server/config/carryon-common.toml
[24ago.2026 03:56:42.990] [main/DEBUG] [net.minecraftforge.fml.config.ConfigFileTypeHandler/CONFIG]: Watching TOML config file /home/pedro/Documentos/java/deceasedcraft/BigBangExpeditions/.staging/server/config/carryon-common.toml for changes
[24ago.2026 03:56:43.034] [main/DEBUG] [net.minecraftforge.fml.config.ConfigFileTypeHandler/CONFIG]: Built TOML config for /home/pedro/Documentos/java/deceasedcraft/BigBangExpeditions/.staging/server/config/dummmmmmy-common.toml
[24ago.2026 03:56:43.034] [main/DEBUG] [net.minecraftforge.fml.config.ConfigFileTypeHandler/CONFIG]: Loaded TOML config file /home/pedro/Documentos/java/deceasedcraft/BigBangExpeditions/.staging/server/config/dummmmmmy-common.toml
[24ago.2026 03:56:43.034] [main/DEBUG] [net.minecraftforge.fml.config.ConfigFileTypeHandler/CONFIG]: Watching TOML config file /home/pedro/Documentos/java/deceasedcraft/BigBangExpeditions/.staging/server/config/dummmmmmy-common.toml for changes
[24ago.2026 03:56:43.034] [main/DEBUG] [net.minecraftforge.fml.config.ConfigFileTypeHandler/CONFIG]: Built TOML config for /home/pedro/Documentos/java/deceasedcraft/BigBangExpeditions/.staging/server/config/createdieselgenerators-common.toml
[24ago.2026 03:56:43.035] [main/DEBUG] [net.minecraftforge.fml.config.ConfigFileTypeHandler/CONFIG]: Loaded TOML config file /home/pedro/Documentos/java/deceasedcraft/BigBangExpeditions/.staging/server/config/createdieselgenerators-common.toml
[24ago.2026 03:56:43.035] [main/DEBUG] [net.minecraftforge.fml.config.ConfigFileTypeHandler/CONFIG]: Watching TOML config file /home/pedro/Documentos/java/deceasedcraft/BigBangExpeditions/.staging/server/config/createdieselgenerators-common.toml for changes
[24ago.2026 03:56:43.035] [main/DEBUG] [net.minecraftforge.fml.config.ConfigFileTypeHandler/CONFIG]: Built TOML config for /home/pedro/Documentos/java/deceasedcraft/BigBangExpeditions/.staging/server/config/item_scrapper-debug.toml
[24ago.2026 03:56:43.035] [main/DEBUG] [net.minecraftforge.fml.config.ConfigFileTypeHandler/CONFIG]: Loaded TOML config file /home/pedro/Documentos/java/deceasedcraft/BigBangExpeditions/.staging/server/config/item_scrapper-debug.toml
[24ago.2026 03:56:43.035] [main/DEBUG] [net.minecraftforge.fml.config.ConfigFileTypeHandler/CONFIG]: Watching TOML config file /home/pedro/Documentos/java/deceasedcraft/BigBangExpeditions/.staging/server/config/item_scrapper-debug.toml for changes
[24ago.2026 03:56:43.035] [main/DEBUG] [net.minecraftforge.fml.config.ConfigFileTypeHandler/CONFIG]: Built TOML config for /home/pedro/Documentos/java/deceasedcraft/BigBangExpeditions/.staging/server/config/farmersdelight-common.toml
[24ago.2026 03:56:43.035] [main/DEBUG] [net.minecraftforge.fml.config.ConfigFileTypeHandler/CONFIG]: Loaded TOML config file /home/pedro/Documentos/java/deceasedcraft/BigBangExpeditions/.staging/server/config/farmersdelight-common.toml
[24ago.2026 03:56:43.035] [main/DEBUG] [net.minecraftforge.fml.config.ConfigFileTypeHandler/CONFIG]: Watching TOML config file /home/pedro/Documentos/java/deceasedcraft/BigBangExpeditions/.staging/server/config/farmersdelight-common.toml for changes
[24ago.2026 03:56:43.035] [main/DEBUG] [net.minecraftforge.fml.config.ConfigFileTypeHandler/CONFIG]: Built TOML config for /home/pedro/Documentos/java/deceasedcraft/BigBangExpeditions/.staging/server/config/item_scrapper-common.toml
[24ago.2026 03:56:43.036] [main/DEBUG] [net.minecraftforge.fml.config.ConfigFileTypeHandler/CONFIG]: Loaded TOML config file /home/pedro/Documentos/java/deceasedcraft/BigBangExpeditions/.staging/server/config/item_scrapper-common.toml
[24ago.2026 03:56:43.036] [main/DEBUG] [net.minecraftforge.fml.config.ConfigFileTypeHandler/CONFIG]: Watching TOML config file /home/pedro/Documentos/java/deceasedcraft/BigBangExpeditions/.staging/server/config/item_scrapper-common.toml for changes
[24ago.2026 03:56:43.036] [main/DEBUG] [net.minecraftforge.fml.config.ConfigFileTypeHandler/CONFIG]: Built TOML config for /home/pedro/Documentos/java/deceasedcraft/BigBangExpeditions/.staging/server/config/lostcities/common.toml
[24ago.2026 03:56:43.036] [main/DEBUG] [net.minecraftforge.fml.config.ConfigFileTypeHandler/CONFIG]: Loaded TOML config file /home/pedro/Documentos/java/deceasedcraft/BigBangExpeditions/.staging/server/config/lostcities/common.toml
[24ago.2026 03:56:43.036] [main/DEBUG] [net.minecraftforge.fml.config.ConfigFileTypeHandler/CONFIG]: Watching TOML config file /home/pedro/Documentos/java/deceasedcraft/BigBangExpeditions/.staging/server/config/lostcities/common.toml for changes
[24ago.2026 03:56:43.036] [main/DEBUG] [net.minecraftforge.fml.config.ConfigFileTypeHandler/CONFIG]: Built TOML config for /home/pedro/Documentos/java/deceasedcraft/BigBangExpeditions/.staging/server/config/sophisticatedbackpacks-common.toml
[24ago.2026 03:56:43.036] [main/DEBUG] [net.minecraftforge.fml.config.ConfigFileTypeHandler/CONFIG]: Loaded TOML config file /home/pedro/Documentos/java/deceasedcraft/BigBangExpeditions/.staging/server/config/sophisticatedbackpacks-common.toml
[24ago.2026 03:56:43.036] [main/DEBUG] [net.minecraftforge.fml.config.ConfigFileTypeHandler/CONFIG]: Watching TOML config file /home/pedro/Documentos/java/deceasedcraft/BigBangExpeditions/.staging/server/config/sophisticatedbackpacks-common.toml for changes
[24ago.2026 03:56:43.036] [main/DEBUG] [net.minecraftforge.fml.config.ConfigFileTypeHandler/CONFIG]: Built TOML config for /home/pedro/Documentos/java/deceasedcraft/BigBangExpeditions/.staging/server/config/curios-common.toml
[24ago.2026 03:56:43.036] [main/DEBUG] [net.minecraftforge.fml.config.ConfigFileTypeHandler/CONFIG]: Loaded TOML config file /home/pedro/Documentos/java/deceasedcraft/BigBangExpeditions/.staging/server/config/curios-common.toml
[24ago.2026 03:56:43.036] [main/DEBUG] [net.minecraftforge.fml.config.ConfigFileTypeHandler/CONFIG]: Watching TOML config file /home/pedro/Documentos/java/deceasedcraft/BigBangExpeditions/.staging/server/config/curios-common.toml for changes
[24ago.2026 03:56:43.037] [main/DEBUG] [net.minecraftforge.fml.config.ConfigFileTypeHandler/CONFIG]: Built TOML config for /home/pedro/Documentos/java/deceasedcraft/BigBangExpeditions/.staging/server/config/legendarysurvivaloverhaul/legendarysurvivaloverhaul-common.toml
[24ago.2026 03:56:43.037] [main/DEBUG] [net.minecraftforge.fml.config.ConfigFileTypeHandler/CONFIG]: Loaded TOML config file /home/pedro/Documentos/java/deceasedcraft/BigBangExpeditions/.staging/server/config/legendarysurvivaloverhaul/legendarysurvivaloverhaul-common.toml
[24ago.2026 03:56:43.037] [main/DEBUG] [net.minecraftforge.fml.config.ConfigFileTypeHandler/CONFIG]: Watching TOML config file /home/pedro/Documentos/java/deceasedcraft/BigBangExpeditions/.staging/server/config/legendarysurvivaloverhaul/legendarysurvivaloverhaul-common.toml for changes
[24ago.2026 03:56:43.039] [main/DEBUG] [net.minecraftforge.fml.config.ConfigFileTypeHandler/CONFIG]: Built TOML config for /home/pedro/Documentos/java/deceasedcraft/BigBangExpeditions/.staging/server/config/zeta-common.toml
[24ago.2026 03:56:43.039] [main/DEBUG] [net.minecraftforge.fml.config.ConfigFileTypeHandler/CONFIG]: Loaded TOML config file /home/pedro/Documentos/java/deceasedcraft/BigBangExpeditions/.staging/server/config/zeta-common.toml
[24ago.2026 03:56:43.039] [main/DEBUG] [net.minecraftforge.fml.config.ConfigFileTypeHandler/CONFIG]: Watching TOML config file /home/pedro/Documentos/java/deceasedcraft/BigBangExpeditions/.staging/server/config/zeta-common.toml for changes
[24ago.2026 03:56:43.039] [main/DEBUG] [net.minecraftforge.fml.config.ConfigFileTypeHandler/CONFIG]: Built TOML config for /home/pedro/Documentos/java/deceasedcraft/BigBangExpeditions/.staging/server/config/aiimprovements-common.toml
[24ago.2026 03:56:43.039] [main/DEBUG] [net.minecraftforge.fml.config.ConfigFileTypeHandler/CONFIG]: Loaded TOML config file /home/pedro/Documentos/java/deceasedcraft/BigBangExpeditions/.staging/server/config/aiimprovements-common.toml
[24ago.2026 03:56:43.039] [main/DEBUG] [net.minecraftforge.fml.config.ConfigFileTypeHandler/CONFIG]: Watching TOML config file /home/pedro/Documentos/java/deceasedcraft/BigBangExpeditions/.staging/server/config/aiimprovements-common.toml for changes
[24ago.2026 03:56:43.040] [main/DEBUG] [net.minecraftforge.fml.config.ConfigFileTypeHandler/CONFIG]: Built TOML config for /home/pedro/Documentos/java/deceasedcraft/BigBangExpeditions/.staging/server/config/extremereactors/common.toml
[24ago.2026 03:56:43.040] [main/DEBUG] [net.minecraftforge.fml.config.ConfigFileTypeHandler/CONFIG]: Loaded TOML config file /home/pedro/Documentos/java/deceasedcraft/BigBangExpeditions/.staging/server/config/extremereactors/common.toml
[24ago.2026 03:56:43.040] [main/DEBUG] [net.minecraftforge.fml.config.ConfigFileTypeHandler/CONFIG]: Watching TOML config file /home/pedro/Documentos/java/deceasedcraft/BigBangExpeditions/.staging/server/config/extremereactors/common.toml for changes
[24ago.2026 03:56:43.040] [main/DEBUG] [net.minecraftforge.fml.config.ConfigFileTypeHandler/CONFIG]: Built TOML config for /home/pedro/Documentos/java/deceasedcraft/BigBangExpeditions/.staging/server/config/trashslot-common.toml
[24ago.2026 03:56:43.040] [main/DEBUG] [net.minecraftforge.fml.config.ConfigFileTypeHandler/CONFIG]: Loaded TOML config file /home/pedro/Documentos/java/deceasedcraft/BigBangExpeditions/.staging/server/config/trashslot-common.toml
[24ago.2026 03:56:43.040] [main/DEBUG] [net.minecraftforge.fml.config.ConfigFileTypeHandler/CONFIG]: Watching TOML config file /home/pedro/Documentos/java/deceasedcraft/BigBangExpeditions/.staging/server/config/trashslot-common.toml for changes
[24ago.2026 03:56:43.040] [main/DEBUG] [net.minecraftforge.fml.config.ConfigFileTypeHandler/CONFIG]: Built TOML config for /home/pedro/Documentos/java/deceasedcraft/BigBangExpeditions/.staging/server/config/buildersdelight-common.toml
[24ago.2026 03:56:43.040] [main/DEBUG] [net.minecraftforge.fml.config.ConfigFileTypeHandler/CONFIG]: Loaded TOML config file /home/pedro/Documentos/java/deceasedcraft/BigBangExpeditions/.staging/server/config/buildersdelight-common.toml
[24ago.2026 03:56:43.040] [main/DEBUG] [net.minecraftforge.fml.config.ConfigFileTypeHandler/CONFIG]: Watching TOML config file /home/pedro/Documentos/java/deceasedcraft/BigBangExpeditions/.staging/server/config/buildersdelight-common.toml for changes
[24ago.2026 03:56:43.041] [main/DEBUG] [net.minecraftforge.fml.config.ConfigFileTypeHandler/CONFIG]: Built TOML config for /home/pedro/Documentos/java/deceasedcraft/BigBangExpeditions/.staging/server/config/ezvcsurvival/voices.toml
[24ago.2026 03:56:43.041] [main/DEBUG] [net.minecraftforge.fml.config.ConfigFileTypeHandler/CONFIG]: Loaded TOML config file /home/pedro/Documentos/java/deceasedcraft/BigBangExpeditions/.staging/server/config/ezvcsurvival/voices.toml
[24ago.2026 03:56:43.041] [main/DEBUG] [net.minecraftforge.fml.config.ConfigFileTypeHandler/CONFIG]: Watching TOML config file /home/pedro/Documentos/java/deceasedcraft/BigBangExpeditions/.staging/server/config/ezvcsurvival/voices.toml for changes
[24ago.2026 03:56:43.041] [main/DEBUG] [net.minecraftforge.fml.config.ConfigFileTypeHandler/CONFIG]: Built TOML config for /home/pedro/Documentos/java/deceasedcraft/BigBangExpeditions/.staging/server/config/ezvcsurvival/sounds.toml
[24ago.2026 03:56:43.041] [main/DEBUG] [net.minecraftforge.fml.config.ConfigFileTypeHandler/CONFIG]: Loaded TOML config file /home/pedro/Documentos/java/deceasedcraft/BigBangExpeditions/.staging/server/config/ezvcsurvival/sounds.toml
[24ago.2026 03:56:43.041] [main/DEBUG] [net.minecraftforge.fml.config.ConfigFileTypeHandler/CONFIG]: Watching TOML config file /home/pedro/Documentos/java/deceasedcraft/BigBangExpeditions/.staging/server/config/ezvcsurvival/sounds.toml for changes
[24ago.2026 03:56:43.042] [main/DEBUG] [net.minecraftforge.fml.config.ConfigFileTypeHandler/CONFIG]: Built TOML config for /home/pedro/Documentos/java/deceasedcraft/BigBangExpeditions/.staging/server/config/particular-common.toml
[24ago.2026 03:56:43.042] [main/DEBUG] [net.minecraftforge.fml.config.ConfigFileTypeHandler/CONFIG]: Loaded TOML config file /home/pedro/Documentos/java/deceasedcraft/BigBangExpeditions/.staging/server/config/particular-common.toml
[24ago.2026 03:56:43.042] [main/DEBUG] [net.minecraftforge.fml.config.ConfigFileTypeHandler/CONFIG]: Watching TOML config file /home/pedro/Documentos/java/deceasedcraft/BigBangExpeditions/.staging/server/config/particular-common.toml for changes
[24ago.2026 03:56:43.042] [main/DEBUG] [net.minecraftforge.fml.config.ConfigFileTypeHandler/CONFIG]: Built TOML config for /home/pedro/Documentos/java/deceasedcraft/BigBangExpeditions/.staging/server/config/lostworlds-common.toml
[24ago.2026 03:56:43.042] [main/DEBUG] [net.minecraftforge.fml.config.ConfigFileTypeHandler/CONFIG]: Loaded TOML config file /home/pedro/Documentos/java/deceasedcraft/BigBangExpeditions/.staging/server/config/lostworlds-common.toml
[24ago.2026 03:56:43.042] [main/DEBUG] [net.minecraftforge.fml.config.ConfigFileTypeHandler/CONFIG]: Watching TOML config file /home/pedro/Documentos/java/deceasedcraft/BigBangExpeditions/.staging/server/config/lostworlds-common.toml for changes
[24ago.2026 03:56:43.043] [main/DEBUG] [net.minecraftforge.fml.config.ConfigFileTypeHandler/CONFIG]: Built TOML config for /home/pedro/Documentos/java/deceasedcraft/BigBangExpeditions/.staging/server/config/watut-common.toml
[24ago.2026 03:56:43.043] [main/DEBUG] [net.minecraftforge.fml.config.ConfigFileTypeHandler/CONFIG]: Loaded TOML config file /home/pedro/Documentos/java/deceasedcraft/BigBangExpeditions/.staging/server/config/watut-common.toml
[24ago.2026 03:56:43.043] [main/DEBUG] [net.minecraftforge.fml.config.ConfigFileTypeHandler/CONFIG]: Watching TOML config file /home/pedro/Documentos/java/deceasedcraft/BigBangExpeditions/.staging/server/config/watut-common.toml for changes
[24ago.2026 03:56:43.043] [main/DEBUG] [net.minecraftforge.fml.config.ConfigFileTypeHandler/CONFIG]: Built TOML config for /home/pedro/Documentos/java/deceasedcraft/BigBangExpeditions/.staging/server/config/extragore-common.toml
[24ago.2026 03:56:43.043] [main/DEBUG] [net.minecraftforge.fml.config.ConfigFileTypeHandler/CONFIG]: Loaded TOML config file /home/pedro/Documentos/java/deceasedcraft/BigBangExpeditions/.staging/server/config/extragore-common.toml
[24ago.2026 03:56:43.043] [main/DEBUG] [net.minecraftforge.fml.config.ConfigFileTypeHandler/CONFIG]: Watching TOML config file /home/pedro/Documentos/java/deceasedcraft/BigBangExpeditions/.staging/server/config/extragore-common.toml for changes
[24ago.2026 03:56:43.043] [main/DEBUG] [net.minecraftforge.fml.config.ConfigFileTypeHandler/CONFIG]: Built TOML config for /home/pedro/Documentos/java/deceasedcraft/BigBangExpeditions/.staging/server/config/watut-server.toml
[24ago.2026 03:56:43.044] [main/DEBUG] [net.minecraftforge.fml.config.ConfigFileTypeHandler/CONFIG]: Loaded TOML config file /home/pedro/Documentos/java/deceasedcraft/BigBangExpeditions/.staging/server/config/watut-server.toml
[24ago.2026 03:56:43.044] [main/DEBUG] [net.minecraftforge.fml.config.ConfigFileTypeHandler/CONFIG]: Watching TOML config file /home/pedro/Documentos/java/deceasedcraft/BigBangExpeditions/.staging/server/config/watut-server.toml for changes
[24ago.2026 03:56:43.044] [main/DEBUG] [net.minecraftforge.fml.config.ConfigFileTypeHandler/CONFIG]: Built TOML config for /home/pedro/Documentos/java/deceasedcraft/BigBangExpeditions/.staging/server/config/watut-client.toml
[24ago.2026 03:56:43.044] [main/DEBUG] [net.minecraftforge.fml.config.ConfigFileTypeHandler/CONFIG]: Loaded TOML config file /home/pedro/Documentos/java/deceasedcraft/BigBangExpeditions/.staging/server/config/watut-client.toml
[24ago.2026 03:56:43.044] [main/DEBUG] [net.minecraftforge.fml.config.ConfigFileTypeHandler/CONFIG]: Watching TOML config file /home/pedro/Documentos/java/deceasedcraft/BigBangExpeditions/.staging/server/config/watut-client.toml for changes
[24ago.2026 03:56:43.044] [main/DEBUG] [net.minecraftforge.fml.config.ConfigFileTypeHandler/CONFIG]: Built TOML config for /home/pedro/Documentos/java/deceasedcraft/BigBangExpeditions/.staging/server/config/displaydelight-common.toml
[24ago.2026 03:56:43.044] [main/DEBUG] [net.minecraftforge.fml.config.ConfigFileTypeHandler/CONFIG]: Loaded TOML config file /home/pedro/Documentos/java/deceasedcraft/BigBangExpeditions/.staging/server/config/displaydelight-common.toml
[24ago.2026 03:56:43.044] [main/DEBUG] [net.minecraftforge.fml.config.ConfigFileTypeHandler/CONFIG]: Watching TOML config file /home/pedro/Documentos/java/deceasedcraft/BigBangExpeditions/.staging/server/config/displaydelight-common.toml for changes
[24ago.2026 03:56:43.045] [main/DEBUG] [net.minecraftforge.fml.config.ConfigFileTypeHandler/CONFIG]: Built TOML config for /home/pedro/Documentos/java/deceasedcraft/BigBangExpeditions/.staging/server/config/rocks-common.toml
[24ago.2026 03:56:43.045] [main/DEBUG] [net.minecraftforge.fml.config.ConfigFileTypeHandler/CONFIG]: Loaded TOML config file /home/pedro/Documentos/java/deceasedcraft/BigBangExpeditions/.staging/server/config/rocks-common.toml
[24ago.2026 03:56:43.045] [main/DEBUG] [net.minecraftforge.fml.config.ConfigFileTypeHandler/CONFIG]: Watching TOML config file /home/pedro/Documentos/java/deceasedcraft/BigBangExpeditions/.staging/server/config/rocks-common.toml for changes
[24ago.2026 03:56:43.045] [main/DEBUG] [net.minecraftforge.fml.config.ConfigFileTypeHandler/CONFIG]: Built TOML config for /home/pedro/Documentos/java/deceasedcraft/BigBangExpeditions/.staging/server/config/mobsunscreen-common.toml
[24ago.2026 03:56:43.045] [main/DEBUG] [net.minecraftforge.fml.config.ConfigFileTypeHandler/CONFIG]: Loaded TOML config file /home/pedro/Documentos/java/deceasedcraft/BigBangExpeditions/.staging/server/config/mobsunscreen-common.toml
[24ago.2026 03:56:43.045] [main/DEBUG] [net.minecraftforge.fml.config.ConfigFileTypeHandler/CONFIG]: Watching TOML config file /home/pedro/Documentos/java/deceasedcraft/BigBangExpeditions/.staging/server/config/mobsunscreen-common.toml for changes
[24ago.2026 03:56:43.046] [main/DEBUG] [net.minecraftforge.fml.config.ConfigFileTypeHandler/CONFIG]: Built TOML config for /home/pedro/Documentos/java/deceasedcraft/BigBangExpeditions/.staging/server/config/storagedrawers-common.toml
[24ago.2026 03:56:43.046] [main/DEBUG] [net.minecraftforge.fml.config.ConfigFileTypeHandler/CONFIG]: Loaded TOML config file /home/pedro/Documentos/java/deceasedcraft/BigBangExpeditions/.staging/server/config/storagedrawers-common.toml
[24ago.2026 03:56:43.046] [main/DEBUG] [net.minecraftforge.fml.config.ConfigFileTypeHandler/CONFIG]: Watching TOML config file /home/pedro/Documentos/java/deceasedcraft/BigBangExpeditions/.staging/server/config/storagedrawers-common.toml for changes
[24ago.2026 03:56:43.047] [main/DEBUG] [net.minecraftforge.fml.config.ConfigFileTypeHandler/CONFIG]: Built TOML config for /home/pedro/Documentos/java/deceasedcraft/BigBangExpeditions/.staging/server/config/moonlight-common.toml
[24ago.2026 03:56:43.047] [main/DEBUG] [net.minecraftforge.fml.config.ConfigFileTypeHandler/CONFIG]: Loaded TOML config file /home/pedro/Documentos/java/deceasedcraft/BigBangExpeditions/.staging/server/config/moonlight-common.toml
[24ago.2026 03:56:43.048] [main/DEBUG] [net.minecraftforge.fml.config.ConfigFileTypeHandler/CONFIG]: Watching TOML config file /home/pedro/Documentos/java/deceasedcraft/BigBangExpeditions/.staging/server/config/moonlight-common.toml for changes
[24ago.2026 03:56:43.049] [main/DEBUG] [net.minecraftforge.fml.config.ConfigFileTypeHandler/CONFIG]: Built TOML config for /home/pedro/Documentos/java/deceasedcraft/BigBangExpeditions/.staging/server/config/CoroUtil/General.toml
[24ago.2026 03:56:43.049] [main/DEBUG] [net.minecraftforge.fml.config.ConfigFileTypeHandler/CONFIG]: Loaded TOML config file /home/pedro/Documentos/java/deceasedcraft/BigBangExpeditions/.staging/server/config/CoroUtil/General.toml
[24ago.2026 03:56:43.049] [main/DEBUG] [net.minecraftforge.fml.config.ConfigFileTypeHandler/CONFIG]: Watching TOML config file /home/pedro/Documentos/java/deceasedcraft/BigBangExpeditions/.staging/server/config/CoroUtil/General.toml for changes
[24ago.2026 03:56:43.049] [main/DEBUG] [net.minecraftforge.fml.config.ConfigFileTypeHandler/CONFIG]: Built TOML config for /home/pedro/Documentos/java/deceasedcraft/BigBangExpeditions/.staging/server/config/create_central_kitchen-common.toml
[24ago.2026 03:56:43.049] [main/DEBUG] [net.minecraftforge.fml.config.ConfigFileTypeHandler/CONFIG]: Loaded TOML config file /home/pedro/Documentos/java/deceasedcraft/BigBangExpeditions/.staging/server/config/create_central_kitchen-common.toml
[24ago.2026 03:56:43.050] [main/DEBUG] [net.minecraftforge.fml.config.ConfigFileTypeHandler/CONFIG]: Watching TOML config file /home/pedro/Documentos/java/deceasedcraft/BigBangExpeditions/.staging/server/config/create_central_kitchen-common.toml for changes
[24ago.2026 03:56:43.050] [main/DEBUG] [net.minecraftforge.fml.config.ConfigFileTypeHandler/CONFIG]: Built TOML config for /home/pedro/Documentos/java/deceasedcraft/BigBangExpeditions/.staging/server/config/sporedata.toml
[24ago.2026 03:56:43.050] [main/DEBUG] [net.minecraftforge.fml.config.ConfigFileTypeHandler/CONFIG]: Loaded TOML config file /home/pedro/Documentos/java/deceasedcraft/BigBangExpeditions/.staging/server/config/sporedata.toml
[24ago.2026 03:56:43.050] [main/DEBUG] [net.minecraftforge.fml.config.ConfigFileTypeHandler/CONFIG]: Watching TOML config file /home/pedro/Documentos/java/deceasedcraft/BigBangExpeditions/.staging/server/config/sporedata.toml for changes
[24ago.2026 03:56:43.051] [main/DEBUG] [net.minecraftforge.fml.config.ConfigFileTypeHandler/CONFIG]: Built TOML config for /home/pedro/Documentos/java/deceasedcraft/BigBangExpeditions/.staging/server/config/sporeconfig.toml
[24ago.2026 03:56:43.052] [main/DEBUG] [net.minecraftforge.fml.config.ConfigFileTypeHandler/CONFIG]: Loaded TOML config file /home/pedro/Documentos/java/deceasedcraft/BigBangExpeditions/.staging/server/config/sporeconfig.toml
[24ago.2026 03:56:43.052] [main/DEBUG] [net.minecraftforge.fml.config.ConfigFileTypeHandler/CONFIG]: Watching TOML config file /home/pedro/Documentos/java/deceasedcraft/BigBangExpeditions/.staging/server/config/sporeconfig.toml for changes
[24ago.2026 03:56:43.053] [main/DEBUG] [net.minecraftforge.fml.config.ConfigFileTypeHandler/CONFIG]: Built TOML config for /home/pedro/Documentos/java/deceasedcraft/BigBangExpeditions/.staging/server/config/createaddition-common.toml
[24ago.2026 03:56:43.054] [main/DEBUG] [net.minecraftforge.fml.config.ConfigFileTypeHandler/CONFIG]: Loaded TOML config file /home/pedro/Documentos/java/deceasedcraft/BigBangExpeditions/.staging/server/config/createaddition-common.toml
[24ago.2026 03:56:43.054] [main/DEBUG] [net.minecraftforge.fml.config.ConfigFileTypeHandler/CONFIG]: Watching TOML config file /home/pedro/Documentos/java/deceasedcraft/BigBangExpeditions/.staging/server/config/createaddition-common.toml for changes
[24ago.2026 03:56:43.059] [main/DEBUG] [net.minecraftforge.fml.config.ConfigFileTypeHandler/CONFIG]: Built TOML config for /home/pedro/Documentos/java/deceasedcraft/BigBangExpeditions/.staging/server/config/create-common.toml
[24ago.2026 03:56:43.060] [main/DEBUG] [net.minecraftforge.fml.config.ConfigFileTypeHandler/CONFIG]: Loaded TOML config file /home/pedro/Documentos/java/deceasedcraft/BigBangExpeditions/.staging/server/config/create-common.toml
[24ago.2026 03:56:43.060] [main/DEBUG] [net.minecraftforge.fml.config.ConfigFileTypeHandler/CONFIG]: Watching TOML config file /home/pedro/Documentos/java/deceasedcraft/BigBangExpeditions/.staging/server/config/create-common.toml for changes
[24ago.2026 03:56:43.060] [main/DEBUG] [net.minecraftforge.fml.config.ConfigFileTypeHandler/CONFIG]: Built TOML config for /home/pedro/Documentos/java/deceasedcraft/BigBangExpeditions/.staging/server/config/Undead_mobs.toml
[24ago.2026 03:56:43.060] [main/DEBUG] [net.minecraftforge.fml.config.ConfigFileTypeHandler/CONFIG]: Loaded TOML config file /home/pedro/Documentos/java/deceasedcraft/BigBangExpeditions/.staging/server/config/Undead_mobs.toml
[24ago.2026 03:56:43.060] [main/DEBUG] [net.minecraftforge.fml.config.ConfigFileTypeHandler/CONFIG]: Watching TOML config file /home/pedro/Documentos/java/deceasedcraft/BigBangExpeditions/.staging/server/config/Undead_mobs.toml for changes
[24ago.2026 03:56:43.060] [main/DEBUG] [net.minecraftforge.fml.config.ConfigFileTypeHandler/CONFIG]: Built TOML config for /home/pedro/Documentos/java/deceasedcraft/BigBangExpeditions/.staging/server/config/create-stuff-additions.toml
[24ago.2026 03:56:43.061] [main/DEBUG] [net.minecraftforge.fml.config.ConfigFileTypeHandler/CONFIG]: Loaded TOML config file /home/pedro/Documentos/java/deceasedcraft/BigBangExpeditions/.staging/server/config/create-stuff-additions.toml
[24ago.2026 03:56:43.061] [main/DEBUG] [net.minecraftforge.fml.config.ConfigFileTypeHandler/CONFIG]: Watching TOML config file /home/pedro/Documentos/java/deceasedcraft/BigBangExpeditions/.staging/server/config/create-stuff-additions.toml for changes
[24ago.2026 03:56:43.061] [main/DEBUG] [net.minecraftforge.fml.config.ConfigFileTypeHandler/CONFIG]: Built TOML config for /home/pedro/Documentos/java/deceasedcraft/BigBangExpeditions/.staging/server/config/Apocalypse Now Config.toml
[24ago.2026 03:56:43.061] [main/DEBUG] [net.minecraftforge.fml.config.ConfigFileTypeHandler/CONFIG]: Loaded TOML config file /home/pedro/Documentos/java/deceasedcraft/BigBangExpeditions/.staging/server/config/Apocalypse Now Config.toml
[24ago.2026 03:56:43.061] [main/DEBUG] [net.minecraftforge.fml.config.ConfigFileTypeHandler/CONFIG]: Watching TOML config file /home/pedro/Documentos/java/deceasedcraft/BigBangExpeditions/.staging/server/config/Apocalypse Now Config.toml for changes
[24ago.2026 03:56:44.524] [main/DEBUG] [AllTheLeaks/]: Releasing leaked jar: /home/pedro/Documentos/java/deceasedcraft/BigBangExpeditions/.staging/server/mods/mobtimizations-forge-1.20.1-1.0.0.jar#334
[24ago.2026 03:56:44.524] [main/DEBUG] [AllTheLeaks/]: Releasing leaked jar: /home/pedro/Documentos/java/deceasedcraft/BigBangExpeditions/.staging/server/mods/diet-forge-2.1.1+1.20.1.jar#223
[24ago.2026 03:56:44.524] [main/DEBUG] [AllTheLeaks/]: Releasing leaked jar: /home/pedro/Documentos/java/deceasedcraft/BigBangExpeditions/.staging/server/mods/Placebo-1.20.1-8.6.3.jar#349
[24ago.2026 03:56:44.527] [main/DEBUG] [AllTheLeaks/]: Releasing leaked jar: /home/pedro/Documentos/java/deceasedcraft/BigBangExpeditions/.staging/server/mods/Corgilib-Forge-1.20.1-4.0.3.4.jar#202
[24ago.2026 03:56:44.527] [main/DEBUG] [AllTheLeaks/]: Tried to release a valid jar /home/pedro/Documentos/java/deceasedcraft/BigBangExpeditions/.staging/server/mods/CrashAssistant-forge-1.19-1.20.1-1.10.27.jar#385, skipping...
[24ago.2026 03:56:44.529] [main/DEBUG] [AllTheLeaks/]: Releasing leaked jar: /home/pedro/Documentos/java/deceasedcraft/BigBangExpeditions/.staging/server/mods/CrashAssistant-forge-1.19-1.20.1-1.10.27.jar#386
[24ago.2026 03:56:44.529] [main/DEBUG] [AllTheLeaks/]: Releasing leaked jar: /home/pedro/Documentos/java/deceasedcraft/BigBangExpeditions/.staging/server/mods/kotlinforforge-4.11.0-all.jar#362
[24ago.2026 03:56:44.529] [main/DEBUG] [AllTheLeaks/]: Releasing leaked jar: /home/pedro/Documentos/java/deceasedcraft/BigBangExpeditions/.staging/server/mods/OctoLib-FORGE-0.5.0.1+1.20.1.jar#128
[24ago.2026 03:56:44.529] [main/DEBUG] [AllTheLeaks/]: Releasing leaked jar: /home/pedro/Documentos/java/deceasedcraft/BigBangExpeditions/.staging/server/mods/Nameless Trinkets-1.20.1-1.8.5.jar#169
[24ago.2026 03:56:44.529] [main/DEBUG] [AllTheLeaks/]: Releasing leaked jar: /home/pedro/Documentos/java/deceasedcraft/BigBangExpeditions/.staging/server/mods/almanac-1.20.x-forge-1.0.2.jar#145
[24ago.2026 03:56:44.529] [main/DEBUG] [AllTheLeaks/]: Releasing leaked jar: /home/pedro/Documentos/java/deceasedcraft/BigBangExpeditions/.staging/server/mods/lostradar-1.20-1.1.0.jar#104
[24ago.2026 03:56:44.529] [main/DEBUG] [AllTheLeaks/]: Releasing leaked jar: /home/pedro/Documentos/java/deceasedcraft/BigBangExpeditions/.staging/server/libraries/net/sf/jopt-simple/jopt-simple/5.0.4/jopt-simple-5.0.4.jar#43
[24ago.2026 03:56:44.529] [main/DEBUG] [AllTheLeaks/]: Releasing leaked jar: /home/pedro/Documentos/java/deceasedcraft/BigBangExpeditions/.staging/server/mods/jei-1.20.1-forge-15.20.0.112.jar#173
[24ago.2026 03:56:44.529] [main/DEBUG] [AllTheLeaks/]: Releasing leaked jar: /home/pedro/Documentos/java/deceasedcraft/BigBangExpeditions/.staging/server/mods/packetfixer-3.3.1-1.18-1.20.4-merged.jar#184
[24ago.2026 03:56:44.529] [main/DEBUG] [AllTheLeaks/]: Tried to release a valid jar /home/pedro/Documentos/java/deceasedcraft/BigBangExpeditions/.staging/server/mods/lazyyyyy-lexforge-core-0.14.19.jar#387, skipping...
[24ago.2026 03:56:44.529] [main/DEBUG] [AllTheLeaks/]: Releasing leaked jar: /home/pedro/Documentos/java/deceasedcraft/BigBangExpeditions/.staging/server/mods/lazyyyyy-lexforge-core-0.14.19.jar#388
[24ago.2026 03:56:44.529] [main/DEBUG] [AllTheLeaks/]: Releasing leaked jar: /home/pedro/Documentos/java/deceasedcraft/BigBangExpeditions/.staging/server/mods/jeimultiblocks-1.20.1-1.0.6.jar#112
[24ago.2026 03:56:44.529] [main/DEBUG] [AllTheLeaks/]: Releasing leaked jar: /home/pedro/Documentos/java/deceasedcraft/BigBangExpeditions/.staging/server/mods/DragN_Vehicles-1.20.1-1.3.2.jar#239
[24ago.2026 03:56:44.529] [main/DEBUG] [AllTheLeaks/]: Releasing leaked jar: /home/pedro/Documentos/java/deceasedcraft/BigBangExpeditions/.staging/server/mods/ImmersiveUI-FORGE-0.3.0.jar#160
[24ago.2026 03:56:44.529] [main/DEBUG] [AllTheLeaks/]: Releasing leaked jar: /home/pedro/Documentos/java/deceasedcraft/BigBangExpeditions/.staging/server/mods/modernfix-forge-5.25.1+mc1.20.1.jar#300
[24ago.2026 03:56:44.529] [main/DEBUG] [AllTheLeaks/]: Releasing leaked jar: /home/pedro/Documentos/java/deceasedcraft/BigBangExpeditions/.staging/server/libraries/net/minecraftforge/fmlloader/1.20.1-47.4.0/fmlloader-1.20.1-47.4.0.jar#19
[24ago.2026 03:56:44.529] [main/DEBUG] [AllTheLeaks/]: Releasing leaked jar: /home/pedro/Documentos/java/deceasedcraft/BigBangExpeditions/.staging/server/mods/TexelsPaintings-forge-1.20.1-10.3.1.jar#269
[24ago.2026 03:56:44.529] [main/DEBUG] [AllTheLeaks/]: Releasing leaked jar: /home/pedro/Documentos/java/deceasedcraft/BigBangExpeditions/.staging/server/mods/sophisticatedbackpacks-1.20.1-3.24.10.1404.jar#222
[24ago.2026 03:56:44.529] [main/DEBUG] [AllTheLeaks/]: Releasing leaked jar: /home/pedro/Documentos/java/deceasedcraft/BigBangExpeditions/.staging/server/mods/BetterAdvancements-Forge-1.20.1-0.4.2.10.jar#203
[24ago.2026 03:56:44.529] [main/DEBUG] [AllTheLeaks/]: Releasing leaked jar: /home/pedro/Documentos/java/deceasedcraft/BigBangExpeditions/.staging/server/mods/EuphoriaPatcher-1.7.8-r5.6.1-forge.jar#256
[24ago.2026 03:56:44.529] [main/DEBUG] [AllTheLeaks/]: Releasing leaked jar: /home/pedro/Documentos/java/deceasedcraft/BigBangExpeditions/.staging/server/libraries/com/mojang/datafixerupper/6.0.8/datafixerupper-6.0.8.jar#27
[24ago.2026 03:56:44.529] [main/DEBUG] [AllTheLeaks/]: Releasing leaked jar: /home/pedro/Documentos/java/deceasedcraft/BigBangExpeditions/.staging/server/libraries/org/jline/jline-reader/3.12.1/jline-reader-3.12.1.jar#13
[24ago.2026 03:56:44.530] [main/DEBUG] [AllTheLeaks/]: Releasing leaked jar: /home/pedro/Documentos/java/deceasedcraft/BigBangExpeditions/.staging/server/mods/txnilib-forge-1.0.23-1.20.1.jar#266
[24ago.2026 03:56:44.530] [main/DEBUG] [AllTheLeaks/]: Releasing leaked jar: /home/pedro/Documentos/java/deceasedcraft/BigBangExpeditions/.staging/server/mods/Pretty Rain-1.20.1-Forge-1.1.3.jar#153
[24ago.2026 03:56:44.530] [main/DEBUG] [AllTheLeaks/]: Releasing leaked jar: /home/pedro/Documentos/java/deceasedcraft/BigBangExpeditions/.staging/server/libraries/net/minecraftforge/JarJarSelector/0.3.19/JarJarSelector-0.3.19.jar#17
[24ago.2026 03:56:44.530] [main/DEBUG] [AllTheLeaks/]: Releasing leaked jar: /home/pedro/Documentos/java/deceasedcraft/BigBangExpeditions/.staging/server/mods/wormhole-1.1.16-forge-mc1.20.jar#209
[24ago.2026 03:56:44.530] [main/DEBUG] [AllTheLeaks/]: Releasing leaked jar: /home/pedro/Documentos/java/deceasedcraft/BigBangExpeditions/.staging/server/mods/legendarytabs-1.20.1-1.1.3.1.jar#355
[24ago.2026 03:56:44.530] [main/DEBUG] [AllTheLeaks/]: Releasing leaked jar: /home/pedro/Documentos/java/deceasedcraft/BigBangExpeditions/.staging/server/mods/trashcans-1.0.18b-forge-mc1.20.jar#210
[24ago.2026 03:56:44.530] [main/DEBUG] [AllTheLeaks/]: Releasing leaked jar: /home/pedro/Documentos/java/deceasedcraft/BigBangExpeditions/.staging/server/mods/polymorph-forge-0.49.10+1.20.1.jar#356
[24ago.2026 03:56:44.530] [main/DEBUG] [AllTheLeaks/]: Releasing leaked jar: /home/pedro/Documentos/java/deceasedcraft/BigBangExpeditions/.staging/server/mods/ftb-xmod-compat-forge-2.1.3.jar#247
[24ago.2026 03:56:44.530] [main/DEBUG] [AllTheLeaks/]: Releasing leaked jar: /home/pedro/Documentos/java/deceasedcraft/BigBangExpeditions/.staging/server/mods/embellishcraft-1.20.1-7.0.0.0.jar#261
[24ago.2026 03:56:44.530] [main/DEBUG] [AllTheLeaks/]: Releasing leaked jar: /home/pedro/Documentos/java/deceasedcraft/BigBangExpeditions/.staging/server/mods/Loot Journal-forge-1.20.1-5.0.1.jar#120
[24ago.2026 03:56:44.530] [main/DEBUG] [AllTheLeaks/]: Releasing leaked jar: /home/pedro/Documentos/java/deceasedcraft/BigBangExpeditions/.staging/server/mods/e4mc_minecraft-forge-5.4.1.jar#289
[24ago.2026 03:56:44.530] [main/DEBUG] [AllTheLeaks/]: Releasing leaked jar: /home/pedro/Documentos/java/deceasedcraft/BigBangExpeditions/.staging/server/mods/extragore-1.20.1-5.2.3.1.jar#230
[24ago.2026 03:56:44.530] [main/DEBUG] [AllTheLeaks/]: Releasing leaked jar: /home/pedro/Documentos/java/deceasedcraft/BigBangExpeditions/.staging/server/mods/refurbished_furniture-forge-1.20.1-1.0.20.jar#164
[24ago.2026 03:56:44.530] [main/DEBUG] [AllTheLeaks/]: Releasing leaked jar: /home/pedro/Documentos/java/deceasedcraft/BigBangExpeditions/.staging/server/libraries/io/netty/netty-resolver/4.1.82.Final/netty-resolver-4.1.82.Final.jar#34
[24ago.2026 03:56:44.530] [main/DEBUG] [AllTheLeaks/]: Releasing leaked jar: /home/pedro/Documentos/java/deceasedcraft/BigBangExpeditions/.staging/server/mods/smoothboot(reloaded)-mc1.20.1-0.0.4.jar#297
[24ago.2026 03:56:44.530] [main/DEBUG] [AllTheLeaks/]: Releasing leaked jar: /home/pedro/Documentos/java/deceasedcraft/BigBangExpeditions/.staging/server/mods/BeeFix-1.20-1.0.7.jar#206
[24ago.2026 03:56:44.530] [main/DEBUG] [AllTheLeaks/]: Releasing leaked jar: /home/pedro/Documentos/java/deceasedcraft/BigBangExpeditions/.staging/server/libraries/io/netty/netty-transport-classes-epoll/4.1.82.Final/netty-transport-classes-epoll-4.1.82.Final.jar#36
[24ago.2026 03:56:44.530] [main/DEBUG] [AllTheLeaks/]: Releasing leaked jar: /home/pedro/Documentos/java/deceasedcraft/BigBangExpeditions/.staging/server/mods/melody_forge_1.0.3_MC_1.20.1-1.20.4.jar#340
[24ago.2026 03:56:44.530] [main/DEBUG] [AllTheLeaks/]: Releasing leaked jar: /home/pedro/Documentos/java/deceasedcraft/BigBangExpeditions/.staging/server/mods/CGM-Unofficial-1.4.18+Forge+1.20.1.jar#374
[24ago.2026 03:56:44.530] [main/DEBUG] [AllTheLeaks/]: Releasing leaked jar: /home/pedro/Documentos/java/deceasedcraft/BigBangExpeditions/.staging/server/libraries/org/jline/jline-terminal/3.12.1/jline-terminal-3.12.1.jar#14
[24ago.2026 03:56:44.530] [main/DEBUG] [AllTheLeaks/]: Releasing leaked jar: /home/pedro/Documentos/java/deceasedcraft/BigBangExpeditions/.staging/server/mods/ritchiesprojectilelib-2.1.0+mc.1.20.1-forge.jar#250
[24ago.2026 03:56:44.530] [main/DEBUG] [AllTheLeaks/]: Releasing leaked jar: /home/pedro/Documentos/java/deceasedcraft/BigBangExpeditions/.staging/server/mods/ferritecore-6.0.1-forge.jar#384
[24ago.2026 03:56:44.530] [main/DEBUG] [AllTheLeaks/]: Releasing leaked jar: /home/pedro/Documentos/java/deceasedcraft/BigBangExpeditions/.staging/server/mods/TravelersTitles-1.20-Forge-4.0.2.jar#138
[24ago.2026 03:56:44.530] [main/DEBUG] [AllTheLeaks/]: Releasing leaked jar: /home/pedro/Documentos/java/deceasedcraft/BigBangExpeditions/.staging/server/libraries/net/jodah/typetools/0.6.3/typetools-0.6.3.jar#11
[24ago.2026 03:56:44.531] [main/DEBUG] [AllTheLeaks/]: Releasing leaked jar: /home/pedro/Documentos/java/deceasedcraft/BigBangExpeditions/.staging/server/mods/AttributeFix-Forge-1.20.1-21.0.4.jar#347
[24ago.2026 03:56:44.531] [main/DEBUG] [AllTheLeaks/]: Releasing leaked jar: /home/pedro/Documentos/java/deceasedcraft/BigBangExpeditions/.staging/server/mods/geckolib-forge-1.20.1-4.7.jar#144
[24ago.2026 03:56:44.531] [main/DEBUG] [AllTheLeaks/]: Releasing leaked jar: /home/pedro/Documentos/java/deceasedcraft/BigBangExpeditions/.staging/server/mods/MRU-1.0.4+1.20.1+forge.jar#263
[24ago.2026 03:56:44.531] [main/DEBUG] [AllTheLeaks/]: Releasing leaked jar: /home/pedro/Documentos/java/deceasedcraft/BigBangExpeditions/.staging/server/libraries/com/google/code/gson/gson/2.10/gson-2.10.jar#22
[24ago.2026 03:56:44.531] [main/DEBUG] [AllTheLeaks/]: Releasing leaked jar: /home/pedro/Documentos/java/deceasedcraft/BigBangExpeditions/.staging/server/mods/AlwaysEat-5.2.jar#344
[24ago.2026 03:56:44.531] [main/DEBUG] [AllTheLeaks/]: Releasing leaked jar: /home/pedro/Documentos/java/deceasedcraft/BigBangExpeditions/.staging/server/mods/yet_another_config_lib_v3-3.6.6+1.20.1-forge.jar#133
[24ago.2026 03:56:44.531] [main/DEBUG] [AllTheLeaks/]: Releasing leaked jar: /home/pedro/Documentos/java/deceasedcraft/BigBangExpeditions/.staging/server/mods/Icterine-forge-1.20.0-1-1.3.0.jar#265
[24ago.2026 03:56:44.532] [main/DEBUG] [AllTheLeaks/]: Releasing leaked jar: /home/pedro/Documentos/java/deceasedcraft/BigBangExpeditions/.staging/server/libraries/net/minecraftforge/unsafe/0.2.0/unsafe-0.2.0.jar#6
[24ago.2026 03:56:44.532] [main/DEBUG] [AllTheLeaks/]: Releasing leaked jar: /home/pedro/Documentos/java/deceasedcraft/BigBangExpeditions/.staging/server/mods/particular-1.20.1-Forge-1.2.7.jar#306
[24ago.2026 03:56:44.532] [main/DEBUG] [AllTheLeaks/]: Releasing leaked jar: /home/pedro/Documentos/java/deceasedcraft/BigBangExpeditions/.staging/server/mods/createbigcannons-5.9.1-mc.1.20.1-forge.jar#221
[24ago.2026 03:56:44.532] [main/DEBUG] [AllTheLeaks/]: Releasing leaked jar: /home/pedro/Documentos/java/deceasedcraft/BigBangExpeditions/.staging/server/mods/gamediscs-0.3.2-forge.jar#118
[24ago.2026 03:56:44.532] [main/DEBUG] [AllTheLeaks/]: Releasing leaked jar: /home/pedro/Documentos/java/deceasedcraft/BigBangExpeditions/.staging/server/libraries/org/openjdk/nashorn/nashorn-core/15.4/nashorn-core-15.4.jar#16
[24ago.2026 03:56:44.532] [main/DEBUG] [AllTheLeaks/]: Releasing leaked jar: /home/pedro/Documentos/java/deceasedcraft/BigBangExpeditions/.staging/server/mods/comforts-forge-6.4.0+1.20.1.jar#260
[24ago.2026 03:56:44.532] [main/DEBUG] [AllTheLeaks/]: Releasing leaked jar: /home/pedro/Documentos/java/deceasedcraft/BigBangExpeditions/.staging/server/libraries/org/apache/logging/log4j/log4j-core/2.19.0/log4j-core-2.19.0.jar#46
[24ago.2026 03:56:44.532] [main/DEBUG] [AllTheLeaks/]: Releasing leaked jar: /home/pedro/Documentos/java/deceasedcraft/BigBangExpeditions/.staging/server/libraries/io/netty/netty-transport/4.1.82.Final/netty-transport-4.1.82.Final.jar#35
[24ago.2026 03:56:44.533] [main/DEBUG] [AllTheLeaks/]: Releasing leaked jar: /home/pedro/Documentos/java/deceasedcraft/BigBangExpeditions/.staging/server/mods/another_furniture-forge-1.20.1-3.0.4.jar#154
[24ago.2026 03:56:44.533] [main/DEBUG] [AllTheLeaks/]: Releasing leaked jar: /home/pedro/Documentos/java/deceasedcraft/BigBangExpeditions/.staging/server/mods/ThisRocks-1.20.1-1.5.1.jar#293
[24ago.2026 03:56:44.533] [main/DEBUG] [AllTheLeaks/]: Releasing leaked jar: /home/pedro/Documentos/java/deceasedcraft/BigBangExpeditions/.staging/server/libraries/com/mojang/brigadier/1.1.8/brigadier-1.1.8.jar#26
[24ago.2026 03:56:44.533] [main/DEBUG] [AllTheLeaks/]: Releasing leaked jar: /home/pedro/Documentos/java/deceasedcraft/BigBangExpeditions/.staging/server/mods/letsdo-vinery-forge-1.4.39.jar#146
[24ago.2026 03:56:44.533] [main/DEBUG] [AllTheLeaks/]: Releasing leaked jar: /home/pedro/Documentos/java/deceasedcraft/BigBangExpeditions/.staging/server/mods/FastSuite-1.20.1-5.1.0.jar#360
[24ago.2026 03:56:44.533] [main/DEBUG] [AllTheLeaks/]: Releasing leaked jar: /home/pedro/Documentos/java/deceasedcraft/BigBangExpeditions/.staging/server/mods/immersivelanterns-forge-1.0.6-1.20.1.jar#225
[24ago.2026 03:56:44.533] [main/DEBUG] [AllTheLeaks/]: Releasing leaked jar: /home/pedro/Documentos/java/deceasedcraft/BigBangExpeditions/.staging/server/mods/createstuffadditionsfix-forge-1.20.1-0.0.0.1.jar#248
[24ago.2026 03:56:44.533] [main/DEBUG] [AllTheLeaks/]: Releasing leaked jar: /home/pedro/Documentos/java/deceasedcraft/BigBangExpeditions/.staging/server/libraries/org/apache/maven/maven-artifact/3.8.5/maven-artifact-3.8.5.jar#10
[24ago.2026 03:56:44.533] [main/DEBUG] [AllTheLeaks/]: Releasing leaked jar: /home/pedro/Documentos/java/deceasedcraft/BigBangExpeditions/.staging/server/mods/flickerfix-1.20.1-4.0.1.jar#108
[24ago.2026 03:56:44.533] [main/DEBUG] [AllTheLeaks/]: Releasing leaked jar: /home/pedro/Documentos/java/deceasedcraft/BigBangExpeditions/.staging/server/mods/ftb-teams-forge-2001.3.1.jar#119
[24ago.2026 03:56:44.533] [main/DEBUG] [AllTheLeaks/]: Releasing leaked jar: /home/pedro/Documentos/java/deceasedcraft/BigBangExpeditions/.staging/server/mods/item_scrapper-1.2.9.jar#142
[24ago.2026 03:56:44.533] [main/DEBUG] [AllTheLeaks/]: Releasing leaked jar: /home/pedro/Documentos/java/deceasedcraft/BigBangExpeditions/.staging/server/mods/expandability-9.0.4.jar#296
[24ago.2026 03:56:44.533] [main/DEBUG] [AllTheLeaks/]: Releasing leaked jar: /home/pedro/Documentos/java/deceasedcraft/BigBangExpeditions/.staging/server/mods/Not Enough Recipe Book-FORGE-0.4.1+1.20.1.jar#345
[24ago.2026 03:56:44.533] [main/DEBUG] [AllTheLeaks/]: Releasing leaked jar: /home/pedro/Documentos/java/deceasedcraft/BigBangExpeditions/.staging/server/mods/BigBangExpeditions-1.0.0.jar#353
[24ago.2026 03:56:44.533] [main/DEBUG] [AllTheLeaks/]: Releasing leaked jar: /home/pedro/Documentos/java/deceasedcraft/BigBangExpeditions/.staging/server/mods/crittersandcompanions-forge-1.20.1-2.3.5.jar#150
[24ago.2026 03:56:44.533] [main/DEBUG] [AllTheLeaks/]: Releasing leaked jar: /home/pedro/Documentos/java/deceasedcraft/BigBangExpeditions/.staging/server/mods/kubejs-create-forge-2001.3.0-build.8.jar#193
[24ago.2026 03:56:44.533] [main/DEBUG] [AllTheLeaks/]: Releasing leaked jar: /home/pedro/Documentos/java/deceasedcraft/BigBangExpeditions/.staging/server/mods/flerovium-forge-1.20.1-1.2.16-all.jar#201
[24ago.2026 03:56:44.533] [main/DEBUG] [AllTheLeaks/]: Releasing leaked jar: /home/pedro/Documentos/java/deceasedcraft/BigBangExpeditions/.staging/server/mods/trashslot-forge-1.20-15.1.2.jar#159
[24ago.2026 03:56:44.533] [main/DEBUG] [AllTheLeaks/]: Releasing leaked jar: /home/pedro/Documentos/java/deceasedcraft/BigBangExpeditions/.staging/server/mods/biomesize-1.20.1-1.5.jar#377
[24ago.2026 03:56:44.533] [main/DEBUG] [AllTheLeaks/]: Releasing leaked jar: /home/pedro/Documentos/java/deceasedcraft/BigBangExpeditions/.staging/server/mods/supermartijn642configlib-1.1.8-forge-mc1.20.jar#371
[24ago.2026 03:56:44.533] [main/DEBUG] [AllTheLeaks/]: Releasing leaked jar: /home/pedro/Documentos/java/deceasedcraft/BigBangExpeditions/.staging/server/mods/refinedpolymorph-0.1.1-1.20.1.jar#361
[24ago.2026 03:56:44.533] [main/DEBUG] [AllTheLeaks/]: Releasing leaked jar: /home/pedro/Documentos/java/deceasedcraft/BigBangExpeditions/.staging/server/mods/AdvancementPlaques-1.20.1-forge-1.6.9.jar#113
[24ago.2026 03:56:44.533] [main/DEBUG] [AllTheLeaks/]: Releasing leaked jar: /home/pedro/Documentos/java/deceasedcraft/BigBangExpeditions/.staging/server/mods/fastboot-1.20.x-1.2.jar#364
[24ago.2026 03:56:44.533] [main/DEBUG] [AllTheLeaks/]: Releasing leaked jar: /home/pedro/Documentos/java/deceasedcraft/BigBangExpeditions/.staging/server/mods/cloth-config-11.1.136-forge.jar#111
[24ago.2026 03:56:44.533] [main/DEBUG] [AllTheLeaks/]: Releasing leaked jar: /home/pedro/Documentos/java/deceasedcraft/BigBangExpeditions/.staging/server/mods/createdieselgenerators-1.20.1-1.3.5.jar#195
[24ago.2026 03:56:44.535] [main/DEBUG] [AllTheLeaks/]: Releasing leaked jar: /home/pedro/Documentos/java/deceasedcraft/BigBangExpeditions/.staging/server/mods/fastasyncworldsave-1.20.1-2.6.jar#366
[24ago.2026 03:56:44.535] [main/DEBUG] [AllTheLeaks/]: Releasing leaked jar: /home/pedro/Documentos/java/deceasedcraft/BigBangExpeditions/.staging/server/mods/MOAdecor SCIENCE 1.20.1.jar#103
[24ago.2026 03:56:44.536] [main/DEBUG] [AllTheLeaks/]: Releasing leaked jar: /home/pedro/Documentos/java/deceasedcraft/BigBangExpeditions/.staging/server/mods/MaxHealthFix-Forge-1.20.1-12.0.3.jar#380
[24ago.2026 03:56:44.536] [main/DEBUG] [AllTheLeaks/]: Releasing leaked jar: /home/pedro/Documentos/java/deceasedcraft/BigBangExpeditions/.staging/server/mods/puffish_attributes-0.7.6-1.20-forge.jar#365
[24ago.2026 03:56:44.536] [main/DEBUG] [AllTheLeaks/]: Releasing leaked jar: /home/pedro/Documentos/java/deceasedcraft/BigBangExpeditions/.staging/server/mods/createbetterfps-1.20.1-1.1.1.jar#274
[24ago.2026 03:56:44.536] [main/DEBUG] [AllTheLeaks/]: Releasing leaked jar: /home/pedro/Documentos/java/deceasedcraft/BigBangExpeditions/.staging/server/mods/MOAdecor BATH 1.20.1.jar#188
[24ago.2026 03:56:44.536] [main/DEBUG] [AllTheLeaks/]: Releasing leaked jar: /home/pedro/Documentos/java/deceasedcraft/BigBangExpeditions/.staging/server/mods/architectury-9.2.14-forge.jar#286
[24ago.2026 03:56:44.536] [main/DEBUG] [AllTheLeaks/]: Releasing leaked jar: /home/pedro/Documentos/java/deceasedcraft/BigBangExpeditions/.staging/server/mods/fancytrinkets-1.20-3.0.5.jar#311
[24ago.2026 03:56:44.536] [main/DEBUG] [AllTheLeaks/]: Releasing leaked jar: /home/pedro/Documentos/java/deceasedcraft/BigBangExpeditions/.staging/server/mods/create_hypertube-0.2.5-FORGE.jar#121
[24ago.2026 03:56:44.536] [main/DEBUG] [AllTheLeaks/]: Releasing leaked jar: /home/pedro/Documentos/java/deceasedcraft/BigBangExpeditions/.staging/server/mods/soundofrain-0.5.0.jar#338
[24ago.2026 03:56:44.536] [main/DEBUG] [AllTheLeaks/]: Releasing leaked jar: /home/pedro/Documentos/java/deceasedcraft/BigBangExpeditions/.staging/server/mods/exposure-1.20.1-1.7.16-forge.jar#308
[24ago.2026 03:56:44.536] [main/DEBUG] [AllTheLeaks/]: Releasing leaked jar: /home/pedro/Documentos/java/deceasedcraft/BigBangExpeditions/.staging/server/mods/pipez-forge-1.20.1-1.2.21.jar#301
[24ago.2026 03:56:44.536] [main/DEBUG] [AllTheLeaks/]: Releasing leaked jar: /home/pedro/Documentos/java/deceasedcraft/BigBangExpeditions/.staging/server/libraries/org/slf4j/slf4j-api/2.0.1/slf4j-api-2.0.1.jar#49
[24ago.2026 03:56:44.536] [main/DEBUG] [AllTheLeaks/]: Releasing leaked jar: /home/pedro/Documentos/java/deceasedcraft/BigBangExpeditions/.staging/server/mods/chalk-1.20.1-1.6.7.jar#152
[24ago.2026 03:56:44.536] [main/DEBUG] [AllTheLeaks/]: Releasing leaked jar: /home/pedro/Documentos/java/deceasedcraft/BigBangExpeditions/.staging/server/mods/solcarrot-1.20.1-1.15.1.jar#109
[24ago.2026 03:56:44.536] [main/DEBUG] [AllTheLeaks/]: Releasing leaked jar: /home/pedro/Documentos/java/deceasedcraft/BigBangExpeditions/.staging/server/libraries/net/minecraftforge/coremods/5.2.4/coremods-5.2.4.jar#4
[24ago.2026 03:56:44.536] [main/DEBUG] [AllTheLeaks/]: Releasing leaked jar: /home/pedro/Documentos/java/deceasedcraft/BigBangExpeditions/.staging/server/mods/watut-forge-1.20.1-1.2.3.jar#157
[24ago.2026 03:56:44.536] [main/DEBUG] [AllTheLeaks/]: Releasing leaked jar: /home/pedro/Documentos/java/deceasedcraft/BigBangExpeditions/.staging/server/mods/corpsecurioscompat-1.20.1-Forge-3.1.2.jar#262
[24ago.2026 03:56:44.536] [main/DEBUG] [AllTheLeaks/]: Releasing leaked jar: /home/pedro/Documentos/java/deceasedcraft/BigBangExpeditions/.staging/server/libraries/io/netty/netty-buffer/4.1.82.Final/netty-buffer-4.1.82.Final.jar#30
[24ago.2026 03:56:44.536] [main/DEBUG] [AllTheLeaks/]: Releasing leaked jar: /home/pedro/Documentos/java/deceasedcraft/BigBangExpeditions/.staging/server/mods/ExtremeReactors2-1.20.1-2.0.94.jar#216
[24ago.2026 03:56:44.536] [main/DEBUG] [AllTheLeaks/]: Releasing leaked jar: /home/pedro/Documentos/java/deceasedcraft/BigBangExpeditions/.staging/server/mods/YungsApi-1.20-Forge-4.0.6.jar#363
[24ago.2026 03:56:44.536] [main/DEBUG] [AllTheLeaks/]: Releasing leaked jar: /home/pedro/Documentos/java/deceasedcraft/BigBangExpeditions/.staging/server/mods/Iceberg-1.20.1-forge-1.1.25.jar#376
[24ago.2026 03:56:44.536] [main/DEBUG] [AllTheLeaks/]: Releasing leaked jar: /home/pedro/Documentos/java/deceasedcraft/BigBangExpeditions/.staging/server/mods/refinedstorage-1.12.4.jar#192
[24ago.2026 03:56:44.536] [main/DEBUG] [AllTheLeaks/]: Releasing leaked jar: /home/pedro/Documentos/java/deceasedcraft/BigBangExpeditions/.staging/server/mods/AI-Improvements-1.20-0.5.2.jar#187
[24ago.2026 03:56:44.536] [main/DEBUG] [AllTheLeaks/]: Releasing leaked jar: /home/pedro/Documentos/java/deceasedcraft/BigBangExpeditions/.staging/server/mods/immersive_aircraft-1.4.0+1.20.1-forge.jar#272
[24ago.2026 03:56:44.536] [main/DEBUG] [AllTheLeaks/]: Releasing leaked jar: /home/pedro/Documentos/java/deceasedcraft/BigBangExpeditions/.staging/server/mods/Highlighter-1.20.1-forge-1.1.9.jar#238
[24ago.2026 03:56:44.536] [main/DEBUG] [AllTheLeaks/]: Releasing leaked jar: /home/pedro/Documentos/java/deceasedcraft/BigBangExpeditions/.staging/server/mods/customportalapi-0.0.1-forge-1.20.jar#101
[24ago.2026 03:56:44.536] [main/DEBUG] [AllTheLeaks/]: Releasing leaked jar: /home/pedro/Documentos/java/deceasedcraft/BigBangExpeditions/.staging/server/mods/puffish_skills-0.16.5-1.20-forge.jar#218
[24ago.2026 03:56:44.536] [main/DEBUG] [AllTheLeaks/]: Releasing leaked jar: /home/pedro/Documentos/java/deceasedcraft/BigBangExpeditions/.staging/server/mods/Bookshelf-Forge-1.20.1-20.2.13.jar#226
[24ago.2026 03:56:44.536] [main/DEBUG] [AllTheLeaks/]: Releasing leaked jar: /home/pedro/Documentos/java/deceasedcraft/BigBangExpeditions/.staging/server/mods/incontrol-1.20-9.4.5.jar#318
[24ago.2026 03:56:44.536] [main/DEBUG] [AllTheLeaks/]: Releasing leaked jar: /home/pedro/Documentos/java/deceasedcraft/BigBangExpeditions/.staging/server/mods/enhancedai-2.6.8.jar#127
[24ago.2026 03:56:44.536] [main/DEBUG] [AllTheLeaks/]: Releasing leaked jar: /home/pedro/Documentos/java/deceasedcraft/BigBangExpeditions/.staging/server/libraries/com/github/oshi/oshi-core/6.2.2/oshi-core-6.2.2.jar#21
[24ago.2026 03:56:44.536] [main/DEBUG] [AllTheLeaks/]: Releasing leaked jar: /home/pedro/Documentos/java/deceasedcraft/BigBangExpeditions/.staging/server/mods/Chunky-1.3.146.jar#275
[24ago.2026 03:56:44.536] [main/DEBUG] [AllTheLeaks/]: Releasing leaked jar: /home/pedro/Documentos/java/deceasedcraft/BigBangExpeditions/.staging/server/libraries/io/netty/netty-transport-native-epoll/4.1.82.Final/netty-transport-native-epoll-4.1.82.Final-linux-x86_64.jar#37
[24ago.2026 03:56:44.536] [main/DEBUG] [AllTheLeaks/]: Releasing leaked jar: /home/pedro/Documentos/java/deceasedcraft/BigBangExpeditions/.staging/server/mods/CustomNPCs-1.20.1-GBPort-Unofficial-20251031.jar#178
[24ago.2026 03:56:44.536] [main/DEBUG] [AllTheLeaks/]: Releasing leaked jar: /home/pedro/Documentos/java/deceasedcraft/BigBangExpeditions/.staging/server/mods/ftb-quests-forge-2001.4.16.jar#205
[24ago.2026 03:56:44.536] [main/DEBUG] [AllTheLeaks/]: Releasing leaked jar: /home/pedro/Documentos/java/deceasedcraft/BigBangExpeditions/.staging/server/mods/The-Hordes-1.20.1-1.5.4c.jar#114
[24ago.2026 03:56:44.536] [main/DEBUG] [AllTheLeaks/]: Releasing leaked jar: /home/pedro/Documentos/java/deceasedcraft/BigBangExpeditions/.staging/server/mods/spore_2.1.5c_1.20.1.jar#303
[24ago.2026 03:56:44.536] [main/DEBUG] [AllTheLeaks/]: Releasing leaked jar: /home/pedro/Documentos/java/deceasedcraft/BigBangExpeditions/.staging/server/mods/Clumps-forge-1.20.1-12.0.0.4.jar#341
[24ago.2026 03:56:44.536] [main/DEBUG] [AllTheLeaks/]: Releasing leaked jar: /home/pedro/Documentos/java/deceasedcraft/BigBangExpeditions/.staging/server/mods/Engineers Delight 1.20.1 B.1.4.jar#166
[24ago.2026 03:56:44.536] [main/DEBUG] [AllTheLeaks/]: Releasing leaked jar: /home/pedro/Documentos/java/deceasedcraft/BigBangExpeditions/.staging/server/mods/bettercombat-forge-1.8.6+1.20.1.jar#325
[24ago.2026 03:56:44.536] [main/DEBUG] [AllTheLeaks/]: Releasing leaked jar: /home/pedro/Documentos/java/deceasedcraft/BigBangExpeditions/.staging/server/mods/redeco-1.14.1-forge-1.20.1.jar#214
[24ago.2026 03:56:44.536] [main/DEBUG] [AllTheLeaks/]: Releasing leaked jar: /home/pedro/Documentos/java/deceasedcraft/BigBangExpeditions/.staging/server/libraries/net/minecraft/server/1.20.1-20230612.114412/server-1.20.1-20230612.114412-extra.jar#20
[24ago.2026 03:56:44.536] [main/DEBUG] [AllTheLeaks/]: Releasing leaked jar: /home/pedro/Documentos/java/deceasedcraft/BigBangExpeditions/.staging/server/mods/ExtremeSoundMuffler-3.49.2-forge-1.20.1.jar#331
[24ago.2026 03:56:44.536] [main/DEBUG] [AllTheLeaks/]: Releasing leaked jar: /home/pedro/Documentos/java/deceasedcraft/BigBangExpeditions/.staging/server/mods/xptome-1.20.1-2.2.1.jar#359
[24ago.2026 03:56:44.536] [main/DEBUG] [AllTheLeaks/]: Releasing leaked jar: /home/pedro/Documentos/java/deceasedcraft/BigBangExpeditions/.staging/server/mods/simplylight-1.20.1-1.4.6-build.50.jar#278
[24ago.2026 03:56:44.536] [main/DEBUG] [AllTheLeaks/]: Releasing leaked jar: /home/pedro/Documentos/java/deceasedcraft/BigBangExpeditions/.staging/server/mods/cleanview-1.20.1-v1.jar#227
[24ago.2026 03:56:44.536] [main/DEBUG] [AllTheLeaks/]: Releasing leaked jar: /home/pedro/Documentos/java/deceasedcraft/BigBangExpeditions/.staging/server/mods/jsconf-1.1.1.jar#348
[24ago.2026 03:56:44.536] [main/DEBUG] [AllTheLeaks/]: Releasing leaked jar: /home/pedro/Documentos/java/deceasedcraft/BigBangExpeditions/.staging/server/mods/binocularsmod-1.02.jar#147
[24ago.2026 03:56:44.536] [main/DEBUG] [AllTheLeaks/]: Releasing leaked jar: /home/pedro/Documentos/java/deceasedcraft/BigBangExpeditions/.staging/server/mods/recipeessentials-1.20.1-4.0.jar#258
[24ago.2026 03:56:44.536] [main/DEBUG] [AllTheLeaks/]: Releasing leaked jar: /home/pedro/Documentos/java/deceasedcraft/BigBangExpeditions/.staging/server/mods/TaxFreeLevels-1.4.14-forge-1.20.1.jar#246
[24ago.2026 03:56:44.536] [main/DEBUG] [AllTheLeaks/]: Releasing leaked jar: /home/pedro/Documentos/java/deceasedcraft/BigBangExpeditions/.staging/server/mods/spark-1.10.53-forge.jar#224
[24ago.2026 03:56:44.536] [main/DEBUG] [AllTheLeaks/]: Releasing leaked jar: /home/pedro/Documentos/java/deceasedcraft/BigBangExpeditions/.staging/server/mods/sound-physics-remastered-forge-1.20.1-1.4.10.jar#151
[24ago.2026 03:56:44.536] [main/DEBUG] [AllTheLeaks/]: Releasing leaked jar: /home/pedro/Documentos/java/deceasedcraft/BigBangExpeditions/.staging/server/libraries/it/unimi/dsi/fastutil/8.5.9/fastutil-8.5.9.jar#40
[24ago.2026 03:56:44.536] [main/DEBUG] [AllTheLeaks/]: Releasing leaked jar: /home/pedro/Documentos/java/deceasedcraft/BigBangExpeditions/.staging/server/libraries/com/electronwill/night-config/core/3.6.4/core-3.6.4.jar#8
[24ago.2026 03:56:44.536] [main/DEBUG] [AllTheLeaks/]: Releasing leaked jar: /home/pedro/Documentos/java/deceasedcraft/BigBangExpeditions/.staging/server/mods/entityjs-0.5.9-1.20.1.jar#321
[24ago.2026 03:56:44.536] [main/DEBUG] [AllTheLeaks/]: Releasing leaked jar: /home/pedro/Documentos/java/deceasedcraft/BigBangExpeditions/.staging/server/mods/fastpaintings-1.20-1.2.7.jar#204
[24ago.2026 03:56:44.536] [main/DEBUG] [AllTheLeaks/]: Releasing leaked jar: /home/pedro/Documentos/java/deceasedcraft/BigBangExpeditions/.staging/server/mods/voicechat-forge-1.20.1-2.5.34.jar#190
[24ago.2026 03:56:44.536] [main/DEBUG] [AllTheLeaks/]: Releasing leaked jar: /home/pedro/Documentos/java/deceasedcraft/BigBangExpeditions/.staging/server/mods/mobsunscreen-forge-1.20.1-3.1.1.jar#279
[24ago.2026 03:56:44.536] [main/DEBUG] [AllTheLeaks/]: Releasing leaked jar: /home/pedro/Documentos/java/deceasedcraft/BigBangExpeditions/.staging/server/mods/PresenceFootsteps-1.20.1-1.9.1-beta.1.jar#302
[24ago.2026 03:56:44.536] [main/DEBUG] [AllTheLeaks/]: Releasing leaked jar: /home/pedro/Documentos/java/deceasedcraft/BigBangExpeditions/.staging/server/mods/CraftPresence-2.7.0+1.20.1-forge.jar#107
[24ago.2026 03:56:44.536] [main/DEBUG] [AllTheLeaks/]: Releasing leaked jar: /home/pedro/Documentos/java/deceasedcraft/BigBangExpeditions/.staging/server/mods/insanelib-1.21.14.jar#185
[24ago.2026 03:56:44.536] [main/DEBUG] [AllTheLeaks/]: Releasing leaked jar: /home/pedro/Documentos/java/deceasedcraft/BigBangExpeditions/.staging/server/mods/Atlas Lib-1.20.1-1.1.12.jar#328
[24ago.2026 03:56:44.537] [main/DEBUG] [AllTheLeaks/]: Releasing leaked jar: /home/pedro/Documentos/java/deceasedcraft/BigBangExpeditions/.staging/server/mods/displaydelight-1.1.0.jar#379
[24ago.2026 03:56:44.537] [main/DEBUG] [AllTheLeaks/]: Releasing leaked jar: /home/pedro/Documentos/java/deceasedcraft/BigBangExpeditions/.staging/server/libraries/org/spongepowered/mixin/0.8.5/mixin-0.8.5.jar#15
[24ago.2026 03:56:44.537] [main/DEBUG] [AllTheLeaks/]: Releasing leaked jar: /home/pedro/Documentos/java/deceasedcraft/BigBangExpeditions/.staging/server/mods/apoc_patches-1.0.4-all.jar#259
[24ago.2026 03:56:44.537] [main/DEBUG] [AllTheLeaks/]: Releasing leaked jar: /home/pedro/Documentos/java/deceasedcraft/BigBangExpeditions/.staging/server/mods/botarium-forge-1.20.1-2.3.4.jar#329
[24ago.2026 03:56:44.537] [main/DEBUG] [AllTheLeaks/]: Releasing leaked jar: /home/pedro/Documentos/java/deceasedcraft/BigBangExpeditions/.staging/server/mods/lostcities-1.20-7.4.11.jar#155
[24ago.2026 03:56:44.537] [main/DEBUG] [AllTheLeaks/]: Releasing leaked jar: /home/pedro/Documentos/java/deceasedcraft/BigBangExpeditions/.staging/server/mods/redirected-forge-1.0.0-1.20.1.jar#115
[24ago.2026 03:56:44.537] [main/DEBUG] [AllTheLeaks/]: Releasing leaked jar: /home/pedro/Documentos/java/deceasedcraft/BigBangExpeditions/.staging/server/libraries/cpw/mods/modlauncher/10.0.9/modlauncher-10.0.9.jar#5
[24ago.2026 03:56:44.537] [main/DEBUG] [AllTheLeaks/]: Releasing leaked jar: /home/pedro/Documentos/java/deceasedcraft/BigBangExpeditions/.staging/server/libraries/org/apache/logging/log4j/log4j-api/2.19.0/log4j-api-2.19.0.jar#45
[24ago.2026 03:56:44.537] [main/DEBUG] [AllTheLeaks/]: Releasing leaked jar: /home/pedro/Documentos/java/deceasedcraft/BigBangExpeditions/.staging/server/mods/animal_pen-forge-1.20-1.6.1.jar#291
[24ago.2026 03:56:44.537] [main/DEBUG] [AllTheLeaks/]: Releasing leaked jar: /home/pedro/Documentos/java/deceasedcraft/BigBangExpeditions/.staging/server/mods/rhino-forge-2001.2.3-build.10.jar#243
[24ago.2026 03:56:44.537] [main/DEBUG] [AllTheLeaks/]: Releasing leaked jar: /home/pedro/Documentos/java/deceasedcraft/BigBangExpeditions/.staging/server/mods/apocalypsenow-3.0.4NS-forge-1.20.1.jar#149
[24ago.2026 03:56:44.537] [main/DEBUG] [AllTheLeaks/]: Releasing leaked jar: /home/pedro/Documentos/java/deceasedcraft/BigBangExpeditions/.staging/server/mods/MCreatorMemFix-1.0.4.jar#295
[24ago.2026 03:56:44.537] [main/DEBUG] [AllTheLeaks/]: Releasing leaked jar: /home/pedro/Documentos/java/deceasedcraft/BigBangExpeditions/.staging/server/mods/MEED-1.20.1-6.7.jar#242
[24ago.2026 03:56:44.537] [main/DEBUG] [AllTheLeaks/]: Releasing leaked jar: /home/pedro/Documentos/java/deceasedcraft/BigBangExpeditions/.staging/server/libraries/org/joml/joml/1.10.5/joml-1.10.5.jar#48
[24ago.2026 03:56:44.537] [main/DEBUG] [AllTheLeaks/]: Releasing leaked jar: /home/pedro/Documentos/java/deceasedcraft/BigBangExpeditions/.staging/server/mods/ApothicAttributes-1.20.1-1.3.7.jar#372
[24ago.2026 03:56:44.537] [main/DEBUG] [AllTheLeaks/]: Releasing leaked jar: /home/pedro/Documentos/java/deceasedcraft/BigBangExpeditions/.staging/server/mods/item-filters-forge-2001.1.0-build.59.jar#350
[24ago.2026 03:56:44.537] [main/DEBUG] [AllTheLeaks/]: Releasing leaked jar: /home/pedro/Documentos/java/deceasedcraft/BigBangExpeditions/.staging/server/mods/FastWorkbench-1.20.1-8.0.4.jar#382
[24ago.2026 03:56:44.537] [main/DEBUG] [AllTheLeaks/]: Releasing leaked jar: /home/pedro/Documentos/java/deceasedcraft/BigBangExpeditions/.staging/server/mods/vanillin-forge-1.20.1-1.1.3.jar#320
[24ago.2026 03:56:44.537] [main/DEBUG] [AllTheLeaks/]: Releasing leaked jar: /home/pedro/Documentos/java/deceasedcraft/BigBangExpeditions/.staging/server/mods/armorpointspp-forge-1.20-3.1.1.jar#241
[24ago.2026 03:56:44.537] [main/DEBUG] [AllTheLeaks/]: Releasing leaked jar: /home/pedro/Documentos/java/deceasedcraft/BigBangExpeditions/.staging/server/mods/Zeta-1.0-31.jar#330
[24ago.2026 03:56:44.537] [main/DEBUG] [AllTheLeaks/]: Releasing leaked jar: /home/pedro/Documentos/java/deceasedcraft/BigBangExpeditions/.staging/server/mods/inventoryhud.forge.1.20.1-3.4.26.jar#219
[24ago.2026 03:56:44.537] [main/DEBUG] [AllTheLeaks/]: Releasing leaked jar: /home/pedro/Documentos/java/deceasedcraft/BigBangExpeditions/.staging/server/mods/immersivefixes-1.0.3-all.jar#213
[24ago.2026 03:56:44.537] [main/DEBUG] [AllTheLeaks/]: Releasing leaked jar: /home/pedro/Documentos/java/deceasedcraft/BigBangExpeditions/.staging/server/libraries/com/electronwill/night-config/toml/3.6.4/toml-3.6.4.jar#9
[24ago.2026 03:56:44.537] [main/DEBUG] [AllTheLeaks/]: Releasing leaked jar: /home/pedro/Documentos/java/deceasedcraft/BigBangExpeditions/.staging/server/mods/konkrete_forge_1.8.0_MC_1.20-1.20.1.jar#123
[24ago.2026 03:56:44.537] [main/DEBUG] [AllTheLeaks/]: Releasing leaked jar: /home/pedro/Documentos/java/deceasedcraft/BigBangExpeditions/.staging/server/mods/lostsouls-1.20-4.1.6.jar#180
[24ago.2026 03:56:44.537] [main/DEBUG] [AllTheLeaks/]: Releasing leaked jar: /home/pedro/Documentos/java/deceasedcraft/BigBangExpeditions/.staging/server/mods/Quark-4.0-462.jar#141
[24ago.2026 03:56:44.537] [main/DEBUG] [AllTheLeaks/]: Releasing leaked jar: /home/pedro/Documentos/java/deceasedcraft/BigBangExpeditions/.staging/server/mods/ftb-library-forge-2001.2.10.jar#276
[24ago.2026 03:56:44.537] [main/DEBUG] [AllTheLeaks/]: Releasing leaked jar: /home/pedro/Documentos/java/deceasedcraft/BigBangExpeditions/.staging/server/mods/immersive_optimization-forge-1.20.1-0.1.0.jar#161
[24ago.2026 03:56:44.537] [main/DEBUG] [AllTheLeaks/]: Releasing leaked jar: /home/pedro/Documentos/java/deceasedcraft/BigBangExpeditions/.staging/server/mods/cfm_wap-1.20.1-forge-1.2.0.jar#182
[24ago.2026 03:56:44.537] [main/DEBUG] [AllTheLeaks/]: Releasing leaked jar: /home/pedro/Documentos/java/deceasedcraft/BigBangExpeditions/.staging/server/libraries/com/google/guava/guava/31.1-jre/guava-31.1-jre.jar#24
[24ago.2026 03:56:44.537] [main/DEBUG] [AllTheLeaks/]: Releasing leaked jar: /home/pedro/Documentos/java/deceasedcraft/BigBangExpeditions/.staging/server/mods/FarmersDelight-1.20.1-1.2.9.jar#332
[24ago.2026 03:56:44.537] [main/DEBUG] [AllTheLeaks/]: Releasing leaked jar: /home/pedro/Documentos/java/deceasedcraft/BigBangExpeditions/.staging/server/mods/SpawnerControl-forge-1.20.[1-4]-v1.3.jar#277
[24ago.2026 03:56:44.537] [main/DEBUG] [AllTheLeaks/]: Releasing leaked jar: /home/pedro/Documentos/java/deceasedcraft/BigBangExpeditions/.staging/server/mods/BiomesOPlenty-forge-1.20.1-19.0.0.96.jar#270
[24ago.2026 03:56:44.537] [main/DEBUG] [AllTheLeaks/]: Releasing leaked jar: /home/pedro/Documentos/java/deceasedcraft/BigBangExpeditions/.staging/server/mods/create_central_kitchen-1.20.1-for-create-6.0.6-1.4.3b.jar#208
[24ago.2026 03:56:44.537] [main/DEBUG] [AllTheLeaks/]: Releasing leaked jar: /home/pedro/Documentos/java/deceasedcraft/BigBangExpeditions/.staging/server/mods/[1.20.1] SecurityCraft v1.9.12.jar#326
[24ago.2026 03:56:44.537] [main/DEBUG] [AllTheLeaks/]: Releasing leaked jar: /home/pedro/Documentos/java/deceasedcraft/BigBangExpeditions/.staging/server/mods/ezvcsurvival-forge-1.20.1-1.4.2.jar#126
[24ago.2026 03:56:44.537] [main/DEBUG] [AllTheLeaks/]: Releasing leaked jar: /home/pedro/Documentos/java/deceasedcraft/BigBangExpeditions/.staging/server/mods/createaddition-1.20.1-1.3.2.jar#307
[24ago.2026 03:56:44.537] [main/DEBUG] [AllTheLeaks/]: Releasing leaked jar: /home/pedro/Documentos/java/deceasedcraft/BigBangExpeditions/.staging/server/mods/DarkPaintings-Forge-1.20.1-17.0.4.jar#163
[24ago.2026 03:56:44.537] [main/DEBUG] [AllTheLeaks/]: Releasing leaked jar: /home/pedro/Documentos/java/deceasedcraft/BigBangExpeditions/.staging/server/libraries/io/netty/netty-codec/4.1.82.Final/netty-codec-4.1.82.Final.jar#31
[24ago.2026 03:56:44.537] [main/DEBUG] [AllTheLeaks/]: Releasing leaked jar: /home/pedro/Documentos/java/deceasedcraft/BigBangExpeditions/.staging/server/mods/entityculling-forge-1.9.4-mc1.20.1.jar#323
[24ago.2026 03:56:44.537] [main/DEBUG] [AllTheLeaks/]: Releasing leaked jar: /home/pedro/Documentos/java/deceasedcraft/BigBangExpeditions/.staging/server/mods/YeetusExperimentus-Forge-2.3.1-build.6+mc1.20.1.jar#132
[24ago.2026 03:56:44.537] [main/DEBUG] [AllTheLeaks/]: Releasing leaked jar: /home/pedro/Documentos/java/deceasedcraft/BigBangExpeditions/.staging/server/mods/betterbiomereblend-1.5.3.jar#358
[24ago.2026 03:56:44.537] [main/DEBUG] [AllTheLeaks/]: Releasing leaked jar: /home/pedro/Documentos/java/deceasedcraft/BigBangExpeditions/.staging/server/mods/starterkit-1.20.1-7.4.jar#285
[24ago.2026 03:56:44.537] [main/DEBUG] [AllTheLeaks/]: Releasing leaked jar: /home/pedro/Documentos/java/deceasedcraft/BigBangExpeditions/.staging/server/mods/Controlling-forge-1.20.1-12.0.2.jar#233
[24ago.2026 03:56:44.538] [main/DEBUG] [AllTheLeaks/]: Releasing leaked jar: /home/pedro/Documentos/java/deceasedcraft/BigBangExpeditions/.staging/server/mods/BetterCompatibilityChecker-forge-4.0.8+mc1.20.1.jar#354
[24ago.2026 03:56:44.538] [main/DEBUG] [AllTheLeaks/]: Releasing leaked jar: /home/pedro/Documentos/java/deceasedcraft/BigBangExpeditions/.staging/server/libraries/net/minecraftforge/accesstransformers/8.0.4/accesstransformers-8.0.4.jar#0
[24ago.2026 03:56:44.538] [main/DEBUG] [AllTheLeaks/]: Releasing leaked jar: /home/pedro/Documentos/java/deceasedcraft/BigBangExpeditions/.staging/server/mods/theoneprobe-1.20.1-10.0.3.jar#287
[24ago.2026 03:56:44.538] [main/DEBUG] [AllTheLeaks/]: Releasing leaked jar: /home/pedro/Documentos/java/deceasedcraft/BigBangExpeditions/.staging/server/mods/biomereplacer-2.1-hippo-forge.jar#282
[24ago.2026 03:56:44.538] [main/DEBUG] [AllTheLeaks/]: Releasing leaked jar: /home/pedro/Documentos/java/deceasedcraft/BigBangExpeditions/.staging/server/mods/radium-mc1.20.1-0.12.4+git.26c9d8e.jar#129
[24ago.2026 03:56:44.538] [main/DEBUG] [AllTheLeaks/]: Releasing leaked jar: /home/pedro/Documentos/java/deceasedcraft/BigBangExpeditions/.staging/server/libraries/net/minecraftforge/mergetool/1.1.5/mergetool-1.1.5-api.jar#7
[24ago.2026 03:56:44.538] [main/DEBUG] [AllTheLeaks/]: Releasing leaked jar: /home/pedro/Documentos/java/deceasedcraft/BigBangExpeditions/.staging/server/mods/StylishEffects-v8.0.2-1.20.1-Forge.jar#335
[24ago.2026 03:56:44.538] [main/DEBUG] [AllTheLeaks/]: Releasing leaked jar: /home/pedro/Documentos/java/deceasedcraft/BigBangExpeditions/.staging/server/mods/Quest Kill Task-0.2.0+1.20.1-forge.jar#351
[24ago.2026 03:56:44.538] [main/DEBUG] [AllTheLeaks/]: Releasing leaked jar: /home/pedro/Documentos/java/deceasedcraft/BigBangExpeditions/.staging/server/mods/cosmeticarmorreworked-1.20.1-v1a.jar#383
[24ago.2026 03:56:44.538] [main/DEBUG] [AllTheLeaks/]: Releasing leaked jar: /home/pedro/Documentos/java/deceasedcraft/BigBangExpeditions/.staging/server/mods/curios-forge-5.14.1+1.20.1.jar#165
[24ago.2026 03:56:44.538] [main/DEBUG] [AllTheLeaks/]: Releasing leaked jar: /home/pedro/Documentos/java/deceasedcraft/BigBangExpeditions/.staging/server/mods/EquipmentCompare-1.20.1-forge-1.3.7.jar#139
[24ago.2026 03:56:44.538] [main/DEBUG] [AllTheLeaks/]: Releasing leaked jar: /home/pedro/Documentos/java/deceasedcraft/BigBangExpeditions/.staging/server/mods/naturalist-5.0pre2+forge-1.20.1.jar#237
[24ago.2026 03:56:44.538] [main/DEBUG] [AllTheLeaks/]: Releasing leaked jar: /home/pedro/Documentos/java/deceasedcraft/BigBangExpeditions/.staging/server/mods/MCT-RS-Mixin-1.20.1-1.0.0-b400-release.jar#220
[24ago.2026 03:56:44.538] [main/DEBUG] [AllTheLeaks/]: Releasing leaked jar: /home/pedro/Documentos/java/deceasedcraft/BigBangExpeditions/.staging/server/mods/BuildersDelight-1.20.1-v.1.3.jar#273
[24ago.2026 03:56:44.538] [main/DEBUG] [AllTheLeaks/]: Releasing leaked jar: /home/pedro/Documentos/java/deceasedcraft/BigBangExpeditions/.staging/server/mods/lostworlds-1.20-0.0.3.jar#254
[24ago.2026 03:56:44.538] [main/DEBUG] [AllTheLeaks/]: Releasing leaked jar: /home/pedro/Documentos/java/deceasedcraft/BigBangExpeditions/.staging/server/mods/saturn-mc1.20.1-0.1.3.jar#170
[24ago.2026 03:56:44.538] [main/DEBUG] [AllTheLeaks/]: Releasing leaked jar: /home/pedro/Documentos/java/deceasedcraft/BigBangExpeditions/.staging/server/mods/baguettelib-1.20.1-Forge-1.0.0.jar#232
[24ago.2026 03:56:44.538] [main/DEBUG] [AllTheLeaks/]: Releasing leaked jar: /home/pedro/Documentos/java/deceasedcraft/BigBangExpeditions/.staging/server/mods/vanilla_music_discs-1.6-forge-1.20.1.jar#229
[24ago.2026 03:56:44.538] [main/DEBUG] [AllTheLeaks/]: Releasing leaked jar: /home/pedro/Documentos/java/deceasedcraft/BigBangExpeditions/.staging/server/mods/lootr-forge-1.20-0.7.35.94.jar#267
[24ago.2026 03:56:44.538] [main/DEBUG] [AllTheLeaks/]: Releasing leaked jar: /home/pedro/Documentos/java/deceasedcraft/BigBangExpeditions/.staging/server/mods/mapperbase-1.20.1-6.0.0.0.jar#369
[24ago.2026 03:56:44.538] [main/DEBUG] [AllTheLeaks/]: Releasing leaked jar: /home/pedro/Documentos/java/deceasedcraft/BigBangExpeditions/.staging/server/mods/Zombie Extreme 1.20.1 0.2.6.jar#280
[24ago.2026 03:56:44.538] [main/DEBUG] [AllTheLeaks/]: Releasing leaked jar: /home/pedro/Documentos/java/deceasedcraft/BigBangExpeditions/.staging/server/mods/EngineeredSchematics-1.2.3.jar#181
[24ago.2026 03:56:44.538] [main/DEBUG] [AllTheLeaks/]: Releasing leaked jar: /home/pedro/Documentos/java/deceasedcraft/BigBangExpeditions/.staging/server/mods/GlitchCore-forge-1.20.1-0.0.1.1.jar#315
[24ago.2026 03:56:44.538] [main/DEBUG] [AllTheLeaks/]: Releasing leaked jar: /home/pedro/Documentos/java/deceasedcraft/BigBangExpeditions/.staging/server/libraries/io/netty/netty-transport-native-epoll/4.1.82.Final/netty-transport-native-epoll-4.1.82.Final-linux-aarch_64.jar#38
[24ago.2026 03:56:44.538] [main/DEBUG] [AllTheLeaks/]: Releasing leaked jar: /home/pedro/Documentos/java/deceasedcraft/BigBangExpeditions/.staging/server/mods/Searchables-forge-1.20.1-1.0.3.jar#137
[24ago.2026 03:56:44.538] [main/DEBUG] [AllTheLeaks/]: Releasing leaked jar: /home/pedro/Documentos/java/deceasedcraft/BigBangExpeditions/.staging/server/mods/legendarysurvivaloverhaul-1.20.1-2.3.23.1.jar#294
[24ago.2026 03:56:44.538] [main/DEBUG] [AllTheLeaks/]: Releasing leaked jar: /home/pedro/Documentos/java/deceasedcraft/BigBangExpeditions/.staging/server/mods/create-stuff-additions1.20.1_v2.1.0.jar#264
[24ago.2026 03:56:44.538] [main/DEBUG] [AllTheLeaks/]: Releasing leaked jar: /home/pedro/Documentos/java/deceasedcraft/BigBangExpeditions/.staging/server/libraries/net/minecrell/terminalconsoleappender/1.2.0/terminalconsoleappender-1.2.0.jar#12
[24ago.2026 03:56:44.538] [main/DEBUG] [AllTheLeaks/]: Releasing leaked jar: /home/pedro/Documentos/java/deceasedcraft/BigBangExpeditions/.staging/server/mods/player-animation-lib-forge-1.0.2-rc1+1.20.jar#316
[24ago.2026 03:56:44.538] [main/DEBUG] [AllTheLeaks/]: Releasing leaked jar: /home/pedro/Documentos/java/deceasedcraft/BigBangExpeditions/.staging/server/libraries/net/minecraftforge/forgespi/7.0.1/forgespi-7.0.1.jar#3
[24ago.2026 03:56:44.538] [main/DEBUG] [AllTheLeaks/]: Releasing leaked jar: /home/pedro/Documentos/java/deceasedcraft/BigBangExpeditions/.staging/server/libraries/io/netty/netty-transport-native-unix-common/4.1.82.Final/netty-transport-native-unix-common-4.1.82.Final.jar#39
[24ago.2026 03:56:44.538] [main/DEBUG] [AllTheLeaks/]: Releasing leaked jar: /home/pedro/Documentos/java/deceasedcraft/BigBangExpeditions/.staging/server/mods/connectivity-1.20.1-7.2.jar#183
[24ago.2026 03:56:44.538] [main/DEBUG] [AllTheLeaks/]: Releasing leaked jar: /home/pedro/Documentos/java/deceasedcraft/BigBangExpeditions/.staging/server/mods/scholar-1.20.1-1.1.5.1-forge.jar#162
[24ago.2026 03:56:44.538] [main/DEBUG] [AllTheLeaks/]: Releasing leaked jar: /home/pedro/Documentos/java/deceasedcraft/BigBangExpeditions/.staging/server/libraries/org/apache/commons/commons-lang3/3.12.0/commons-lang3-3.12.0.jar#44
[24ago.2026 03:56:44.538] [main/DEBUG] [AllTheLeaks/]: Releasing leaked jar: /home/pedro/Documentos/java/deceasedcraft/BigBangExpeditions/.staging/server/libraries/com/mojang/authlib/4.0.43/authlib-4.0.43.jar#25
[24ago.2026 03:56:44.538] [main/DEBUG] [AllTheLeaks/]: Releasing leaked jar: /home/pedro/Documentos/java/deceasedcraft/BigBangExpeditions/.staging/server/mods/horror_element_mod-1.6.2-forge-1.20.1.jar#186
[24ago.2026 03:56:44.538] [main/DEBUG] [AllTheLeaks/]: Releasing leaked jar: /home/pedro/Documentos/java/deceasedcraft/BigBangExpeditions/.staging/server/mods/NaturesCompass-1.20.1-1.11.2-forge.jar#375
[24ago.2026 03:56:44.538] [main/DEBUG] [AllTheLeaks/]: Releasing leaked jar: /home/pedro/Documentos/java/deceasedcraft/BigBangExpeditions/.staging/server/mods/BadOptimizations-2.2.3-1.20.1.jar#176
[24ago.2026 03:56:44.538] [main/DEBUG] [AllTheLeaks/]: Releasing leaked jar: /home/pedro/Documentos/java/deceasedcraft/BigBangExpeditions/.staging/server/mods/MOAdecor ART 1.20.1.jar#117
[24ago.2026 03:56:44.538] [main/DEBUG] [AllTheLeaks/]: Releasing leaked jar: /home/pedro/Documentos/java/deceasedcraft/BigBangExpeditions/.staging/server/mods/artifacts-forge-9.5.16.jar#292
[24ago.2026 03:56:44.538] [main/DEBUG] [AllTheLeaks/]: Releasing leaked jar: /home/pedro/Documentos/java/deceasedcraft/BigBangExpeditions/.staging/server/mods/biomespawnpoint-1.20.1-2.4.jar#212
[24ago.2026 03:56:44.538] [main/DEBUG] [AllTheLeaks/]: Releasing leaked jar: /home/pedro/Documentos/java/deceasedcraft/BigBangExpeditions/.staging/server/mods/ResistanceBalancer-(NEO)FORGE-1.0.0.jar#352
[24ago.2026 03:56:44.538] [main/DEBUG] [AllTheLeaks/]: Releasing leaked jar: /home/pedro/Documentos/java/deceasedcraft/BigBangExpeditions/.staging/server/mods/FastFurnace-1.20.1-8.0.2.jar#288
[24ago.2026 03:56:44.538] [main/DEBUG] [AllTheLeaks/]: Releasing leaked jar: /home/pedro/Documentos/java/deceasedcraft/BigBangExpeditions/.staging/server/mods/simpleplanes-1.20.1-5.3.3.jar#135
[24ago.2026 03:56:44.538] [main/DEBUG] [AllTheLeaks/]: Releasing leaked jar: /home/pedro/Documentos/java/deceasedcraft/BigBangExpeditions/.staging/server/mods/Sounds-2.2.1+1.20.1+forge.jar#179
[24ago.2026 03:56:44.538] [main/DEBUG] [AllTheLeaks/]: Releasing leaked jar: /home/pedro/Documentos/java/deceasedcraft/BigBangExpeditions/.staging/server/mods/Log-Begone-Forge-1.20.1-1.0.8.jar#373
[24ago.2026 03:56:44.538] [main/DEBUG] [AllTheLeaks/]: Releasing leaked jar: /home/pedro/Documentos/java/deceasedcraft/BigBangExpeditions/.staging/server/mods/bocchium-1.20.1-0.0.3.jar#110
[24ago.2026 03:56:44.538] [main/DEBUG] [AllTheLeaks/]: Releasing leaked jar: /home/pedro/Documentos/java/deceasedcraft/BigBangExpeditions/.staging/server/mods/createdeco-2.0.3-1.20.1-forge.jar#327
[24ago.2026 03:56:44.538] [main/DEBUG] [AllTheLeaks/]: Releasing leaked jar: /home/pedro/Documentos/java/deceasedcraft/BigBangExpeditions/.staging/server/libraries/com/google/guava/failureaccess/1.0.1/failureaccess-1.0.1.jar#23
[24ago.2026 03:56:44.538] [main/DEBUG] [AllTheLeaks/]: Releasing leaked jar: /home/pedro/Documentos/java/deceasedcraft/BigBangExpeditions/.staging/server/mods/lazyyyyy-lexforge-core-0.14.19.jar#235
[24ago.2026 03:56:44.538] [main/DEBUG] [AllTheLeaks/]: Releasing leaked jar: /home/pedro/Documentos/java/deceasedcraft/BigBangExpeditions/.staging/server/mods/kubejs-forge-2001.6.5-build.16.jar#257
[24ago.2026 03:56:44.538] [main/DEBUG] [AllTheLeaks/]: Releasing leaked jar: /home/pedro/Documentos/java/deceasedcraft/BigBangExpeditions/.staging/server/libraries/io/netty/netty-handler/4.1.82.Final/netty-handler-4.1.82.Final.jar#33
[24ago.2026 03:56:44.538] [main/DEBUG] [AllTheLeaks/]: Releasing leaked jar: /home/pedro/Documentos/java/deceasedcraft/BigBangExpeditions/.staging/server/mods/catalogue-forge-1.20.1-1.8.0.jar#309
[24ago.2026 03:56:44.539] [main/DEBUG] [AllTheLeaks/]: Releasing leaked jar: /home/pedro/Documentos/java/deceasedcraft/BigBangExpeditions/.staging/server/mods/appleskin-forge-mc1.20.1-2.5.1.jar#100
[24ago.2026 03:56:44.539] [main/DEBUG] [AllTheLeaks/]: Releasing leaked jar: /home/pedro/Documentos/java/deceasedcraft/BigBangExpeditions/.staging/server/mods/ParCool-CompatibilityAddon-1.20.1-3.4.1.5-1.1.jar#251
[24ago.2026 03:56:44.539] [main/DEBUG] [AllTheLeaks/]: Releasing leaked jar: /home/pedro/Documentos/java/deceasedcraft/BigBangExpeditions/.staging/server/libraries/org/antlr/antlr4-runtime/4.9.1/antlr4-runtime-4.9.1.jar#1
[24ago.2026 03:56:44.539] [main/DEBUG] [AllTheLeaks/]: Releasing leaked jar: /home/pedro/Documentos/java/deceasedcraft/BigBangExpeditions/.staging/server/mods/letmedespawn-1.20.x-forge-1.5.0.jar#245
[24ago.2026 03:56:44.539] [main/DEBUG] [AllTheLeaks/]: Releasing leaked jar: /home/pedro/Documentos/java/deceasedcraft/BigBangExpeditions/.staging/server/mods/weaponthrow-1.20.1-6.0-beta.1.jar#172
[24ago.2026 03:56:44.539] [main/DEBUG] [AllTheLeaks/]: Releasing leaked jar: /home/pedro/Documentos/java/deceasedcraft/BigBangExpeditions/.staging/server/mods/durabilitytooltip-1.1.6-forge-mc1.20.jar#194
[24ago.2026 03:56:44.539] [main/DEBUG] [AllTheLeaks/]: Releasing leaked jar: /home/pedro/Documentos/java/deceasedcraft/BigBangExpeditions/.staging/server/mods/nanny-1.0.6.jar#175
[24ago.2026 03:56:44.539] [main/DEBUG] [AllTheLeaks/]: Releasing leaked jar: /home/pedro/Documentos/java/deceasedcraft/BigBangExpeditions/.staging/server/mods/PuzzlesLib-v8.1.32-1.20.1-Forge.jar#370
[24ago.2026 03:56:44.539] [main/DEBUG] [AllTheLeaks/]: Releasing leaked jar: /home/pedro/Documentos/java/deceasedcraft/BigBangExpeditions/.staging/server/mods/ImmersiveEngineering-1.20.1-10.2.0-183.jar#228
[24ago.2026 03:56:44.539] [main/DEBUG] [AllTheLeaks/]: Releasing leaked jar: /home/pedro/Documentos/java/deceasedcraft/BigBangExpeditions/.staging/server/mods/FastLeafDecay-32.jar#253
[24ago.2026 03:56:44.539] [main/DEBUG] [AllTheLeaks/]: Releasing leaked jar: /home/pedro/Documentos/java/deceasedcraft/BigBangExpeditions/.staging/server/mods/DCTweaks_5.10.14.jar#125
[24ago.2026 03:56:44.539] [main/DEBUG] [AllTheLeaks/]: Releasing leaked jar: /home/pedro/Documentos/java/deceasedcraft/BigBangExpeditions/.staging/server/mods/deceased_expansion-1.10-all.jar#191
[24ago.2026 03:56:44.539] [main/DEBUG] [AllTheLeaks/]: Releasing leaked jar: /home/pedro/Documentos/java/deceasedcraft/BigBangExpeditions/.staging/server/mods/MouseTweaks-forge-mc1.20.1-2.25.1.jar#268
[24ago.2026 03:56:44.539] [main/DEBUG] [AllTheLeaks/]: Releasing leaked jar: /home/pedro/Documentos/java/deceasedcraft/BigBangExpeditions/.staging/server/mods/ParCool-1.20.1-3.4.1.5.jar#317
[24ago.2026 03:56:44.539] [main/DEBUG] [AllTheLeaks/]: Releasing leaked jar: /home/pedro/Documentos/java/deceasedcraft/BigBangExpeditions/.staging/server/mods/interiors-0.5.6+forge-mc1.20.1-local.jar#124
[24ago.2026 03:56:44.539] [main/DEBUG] [AllTheLeaks/]: Releasing leaked jar: /home/pedro/Documentos/java/deceasedcraft/BigBangExpeditions/.staging/server/mods/open-parties-and-claims-forge-1.20.1-0.25.8.jar#140
[24ago.2026 03:56:44.539] [main/DEBUG] [AllTheLeaks/]: Releasing leaked jar: /home/pedro/Documentos/java/deceasedcraft/BigBangExpeditions/.staging/server/mods/ClickMachine-1.20.1-8.0.2.jar#134
[24ago.2026 03:56:44.539] [main/DEBUG] [AllTheLeaks/]: Releasing leaked jar: /home/pedro/Documentos/java/deceasedcraft/BigBangExpeditions/.staging/server/mods/refinedstorageaddons-0.10.0.jar#102
[24ago.2026 03:56:44.539] [main/DEBUG] [AllTheLeaks/]: Releasing leaked jar: /home/pedro/Documentos/java/deceasedcraft/BigBangExpeditions/.staging/server/mods/ZeroCore2-1.20.1-2.1.47.jar#197
[24ago.2026 03:56:44.539] [main/DEBUG] [AllTheLeaks/]: Releasing leaked jar: /home/pedro/Documentos/java/deceasedcraft/BigBangExpeditions/.staging/server/mods/moonlight-1.20-2.14.13-forge.jar#255
[24ago.2026 03:56:44.539] [main/DEBUG] [AllTheLeaks/]: Releasing leaked jar: /home/pedro/Documentos/java/deceasedcraft/BigBangExpeditions/.staging/server/mods/corpse-forge-1.20.1-1.0.21.jar#313
[24ago.2026 03:56:44.539] [main/DEBUG] [AllTheLeaks/]: Releasing leaked jar: /home/pedro/Documentos/java/deceasedcraft/BigBangExpeditions/.staging/server/mods/Radars 0.3.5.1-Create6.jar#319
[24ago.2026 03:56:44.539] [main/DEBUG] [AllTheLeaks/]: Releasing leaked jar: /home/pedro/Documentos/java/deceasedcraft/BigBangExpeditions/.staging/server/mods/MergeEnchantments-FORGE-1.20.[0-4]-v4.3.jar#378
[24ago.2026 03:56:44.539] [main/DEBUG] [AllTheLeaks/]: Releasing leaked jar: /home/pedro/Documentos/java/deceasedcraft/BigBangExpeditions/.staging/server/mods/cupboard-1.20.1-2.7.jar#199
[24ago.2026 03:56:44.539] [main/DEBUG] [AllTheLeaks/]: Releasing leaked jar: /home/pedro/Documentos/java/deceasedcraft/BigBangExpeditions/.staging/server/mods/cfm-forge-1.20.1-7.0.0-pre36.jar#252
[24ago.2026 03:56:44.539] [main/DEBUG] [AllTheLeaks/]: Releasing leaked jar: /home/pedro/Documentos/java/deceasedcraft/BigBangExpeditions/.staging/server/mods/Patchouli-1.20.1-84.1-FORGE.jar#200
[24ago.2026 03:56:44.539] [main/DEBUG] [AllTheLeaks/]: Releasing leaked jar: /home/pedro/Documentos/java/deceasedcraft/BigBangExpeditions/.staging/server/mods/GPUTape-1.18x-1.21x-1.0.5.1-forge.jar#314
[24ago.2026 03:56:44.539] [main/DEBUG] [AllTheLeaks/]: Releasing leaked jar: /home/pedro/Documentos/java/deceasedcraft/BigBangExpeditions/.staging/server/mods/supermartijn642corelib-1.1.18-forge-mc1.20.1.jar#357
[24ago.2026 03:56:44.539] [main/DEBUG] [AllTheLeaks/]: Releasing leaked jar: /home/pedro/Documentos/java/deceasedcraft/BigBangExpeditions/.staging/server/mods/LongerChatHistory-1.3-Forge.jar#339
[24ago.2026 03:56:44.539] [main/DEBUG] [AllTheLeaks/]: Releasing leaked jar: /home/pedro/Documentos/java/deceasedcraft/BigBangExpeditions/.staging/server/mods/CrashAssistant-forge-1.19-1.20.1-1.10.27.jar#105
[24ago.2026 03:56:44.539] [main/DEBUG] [AllTheLeaks/]: Releasing leaked jar: /home/pedro/Documentos/java/deceasedcraft/BigBangExpeditions/.staging/server/mods/cobweb-forge-1.20.1-1.0.1.jar#312
[24ago.2026 03:56:44.539] [main/DEBUG] [AllTheLeaks/]: Releasing leaked jar: /home/pedro/Documentos/java/deceasedcraft/BigBangExpeditions/.staging/server/mods/default-server-properties-forge-81.1.0.jar#231
[24ago.2026 03:56:44.539] [main/DEBUG] [AllTheLeaks/]: Releasing leaked jar: /home/pedro/Documentos/java/deceasedcraft/BigBangExpeditions/.staging/server/mods/harvest-with-ease-forge-1.20.1-9.4.0.jar#346
[24ago.2026 03:56:44.539] [main/DEBUG] [AllTheLeaks/]: Releasing leaked jar: /home/pedro/Documentos/java/deceasedcraft/BigBangExpeditions/.staging/server/mods/toofast-1.20-0.4.3.5.jar#148
[24ago.2026 03:56:44.540] [main/DEBUG] [AllTheLeaks/]: Releasing leaked jar: /home/pedro/Documentos/java/deceasedcraft/BigBangExpeditions/.staging/server/libraries/net/minecraftforge/eventbus/6.0.5/eventbus-6.0.5.jar#2
[24ago.2026 03:56:44.540] [main/DEBUG] [AllTheLeaks/]: Releasing leaked jar: /home/pedro/Documentos/java/deceasedcraft/BigBangExpeditions/.staging/server/mods/THEUNDEADREVAMPED_1.9O_1.20.1.jar#244
[24ago.2026 03:56:44.540] [main/DEBUG] [AllTheLeaks/]: Releasing leaked jar: /home/pedro/Documentos/java/deceasedcraft/BigBangExpeditions/.staging/server/mods/dummmmmmy-1.20-2.0.9.jar#167
[24ago.2026 03:56:44.540] [main/DEBUG] [AllTheLeaks/]: Releasing leaked jar: /home/pedro/Documentos/java/deceasedcraft/BigBangExpeditions/.staging/server/mods/CreativeCore_FORGE_v2.12.32_mc1.20.1.jar#304
[24ago.2026 03:56:44.540] [main/DEBUG] [AllTheLeaks/]: Releasing leaked jar: /home/pedro/Documentos/java/deceasedcraft/BigBangExpeditions/.staging/server/libraries/net/minecraftforge/JarJarMetadata/0.3.19/JarJarMetadata-0.3.19.jar#18
[24ago.2026 03:56:44.540] [main/DEBUG] [AllTheLeaks/]: Releasing leaked jar: /home/pedro/Documentos/java/deceasedcraft/BigBangExpeditions/.staging/server/mods/explosiveenhancement-1.1.0-1.20.1-client-and-server.jar#367
[24ago.2026 03:56:44.540] [main/DEBUG] [AllTheLeaks/]: Releasing leaked jar: /home/pedro/Documentos/java/deceasedcraft/BigBangExpeditions/.staging/server/mods/Necronomicon-Forge-1.6.0+1.20.1.jar#342
[24ago.2026 03:56:44.540] [main/DEBUG] [AllTheLeaks/]: Releasing leaked jar: /home/pedro/Documentos/java/deceasedcraft/BigBangExpeditions/.staging/server/mods/carryon-forge-1.20.1-2.1.2.7.jar#324
[24ago.2026 03:56:44.540] [main/DEBUG] [AllTheLeaks/]: Releasing leaked jar: /home/pedro/Documentos/java/deceasedcraft/BigBangExpeditions/.staging/server/mods/mcjtylib-1.20-8.0.7.jar#234
[24ago.2026 03:56:44.540] [main/DEBUG] [AllTheLeaks/]: Releasing leaked jar: /home/pedro/Documentos/java/deceasedcraft/BigBangExpeditions/.staging/server/mods/balm-forge-1.20.1-7.3.31-all.jar#217
[24ago.2026 03:56:44.540] [main/DEBUG] [AllTheLeaks/]: Releasing leaked jar: /home/pedro/Documentos/java/deceasedcraft/BigBangExpeditions/.staging/server/mods/Xaeros_Minimap_25.2.10_Forge_1.20.jar#158
[24ago.2026 03:56:44.540] [main/DEBUG] [AllTheLeaks/]: Releasing leaked jar: /home/pedro/Documentos/java/deceasedcraft/BigBangExpeditions/.staging/server/libraries/com/mojang/logging/1.1.1/logging-1.1.1.jar#28
[24ago.2026 03:56:44.540] [main/DEBUG] [AllTheLeaks/]: Releasing leaked jar: /home/pedro/Documentos/java/deceasedcraft/BigBangExpeditions/.staging/server/libraries/net/java/dev/jna/jna-platform/5.12.1/jna-platform-5.12.1.jar#42
[24ago.2026 03:56:44.540] [main/DEBUG] [AllTheLeaks/]: Releasing leaked jar: /home/pedro/Documentos/java/deceasedcraft/BigBangExpeditions/.staging/server/mods/letsdo-API-forge-1.2.15-forge.jar#168
[24ago.2026 03:56:44.540] [main/DEBUG] [AllTheLeaks/]: Releasing leaked jar: /home/pedro/Documentos/java/deceasedcraft/BigBangExpeditions/.staging/server/mods/alltheleaks-1.1.1+1.20.1-forge.jar#136
[24ago.2026 03:56:44.540] [main/DEBUG] [AllTheLeaks/]: Releasing leaked jar: /home/pedro/Documentos/java/deceasedcraft/BigBangExpeditions/.staging/server/mods/Fastload-Reforged-mc1.20.1-3.4.0.jar#336
[24ago.2026 03:56:44.540] [main/DEBUG] [AllTheLeaks/]: Releasing leaked jar: /home/pedro/Documentos/java/deceasedcraft/BigBangExpeditions/.staging/server/mods/framework-forge-1.20.1-0.7.15.jar#189
[24ago.2026 03:56:44.540] [main/DEBUG] [AllTheLeaks/]: Releasing leaked jar: /home/pedro/Documentos/java/deceasedcraft/BigBangExpeditions/.staging/server/mods/modelfix-1.15.jar#333
[24ago.2026 03:56:44.540] [main/DEBUG] [AllTheLeaks/]: Releasing leaked jar: /home/pedro/Documentos/java/deceasedcraft/BigBangExpeditions/.staging/server/mods/XaerosWorldMap_1.39.12_Forge_1.20.jar#381
[24ago.2026 03:56:44.540] [main/DEBUG] [AllTheLeaks/]: Releasing leaked jar: /home/pedro/Documentos/java/deceasedcraft/BigBangExpeditions/.staging/server/mods/spacecatasb-forge-20.14.0.jar#207
[24ago.2026 03:56:44.540] [main/DEBUG] [AllTheLeaks/]: Releasing leaked jar: /home/pedro/Documentos/java/deceasedcraft/BigBangExpeditions/.staging/server/mods/EnchantmentDescriptions-Forge-1.20.1-17.1.19.jar#305
[24ago.2026 03:56:44.540] [main/DEBUG] [AllTheLeaks/]: Releasing leaked jar: /home/pedro/Documentos/java/deceasedcraft/BigBangExpeditions/.staging/server/mods/treeharvester-1.20.1-9.1.jar#368
[24ago.2026 03:56:44.540] [main/DEBUG] [AllTheLeaks/]: Releasing leaked jar: /home/pedro/Documentos/java/deceasedcraft/BigBangExpeditions/.staging/server/mods/create-1.20.1-6.0.6.jar#240
[24ago.2026 03:56:44.540] [main/DEBUG] [AllTheLeaks/]: Releasing leaked jar: /home/pedro/Documentos/java/deceasedcraft/BigBangExpeditions/.staging/server/mods/ImmediatelyFast-Forge-1.5.1+1.20.4.jar#122
[24ago.2026 03:56:44.540] [main/DEBUG] [AllTheLeaks/]: Releasing leaked jar: /home/pedro/Documentos/java/deceasedcraft/BigBangExpeditions/.staging/server/mods/ytongame_hostingmenu-1.0.1.jar#196
[24ago.2026 03:56:44.540] [main/DEBUG] [AllTheLeaks/]: Releasing leaked jar: /home/pedro/Documentos/java/deceasedcraft/BigBangExpeditions/.staging/server/mods/smoothchunk-1.20.1-4.1.jar#322
[24ago.2026 03:56:44.541] [main/DEBUG] [AllTheLeaks/]: Releasing leaked jar: /home/pedro/Documentos/java/deceasedcraft/BigBangExpeditions/.staging/server/libraries/org/apache/logging/log4j/log4j-slf4j2-impl/2.19.0/log4j-slf4j2-impl-2.19.0.jar#47
[24ago.2026 03:56:44.541] [main/DEBUG] [AllTheLeaks/]: Releasing leaked jar: /home/pedro/Documentos/java/deceasedcraft/BigBangExpeditions/.staging/server/mods/StorageDrawers-1.20.1-12.9.14.jar#198
[24ago.2026 03:56:44.541] [main/DEBUG] [AllTheLeaks/]: Releasing leaked jar: /home/pedro/Documentos/java/deceasedcraft/BigBangExpeditions/.staging/server/mods/v_slab_compat-1.20-2.5.jar#343
[24ago.2026 03:56:44.541] [main/DEBUG] [AllTheLeaks/]: Releasing leaked jar: /home/pedro/Documentos/java/deceasedcraft/BigBangExpeditions/.staging/server/mods/zombieawareness-1.20.1-1.13.1.jar#281
[24ago.2026 03:56:44.541] [main/DEBUG] [AllTheLeaks/]: Releasing leaked jar: /home/pedro/Documentos/java/deceasedcraft/BigBangExpeditions/.staging/server/mods/collective-1.20.1-8.3.jar#215
[24ago.2026 03:56:44.541] [main/DEBUG] [AllTheLeaks/]: Releasing leaked jar: /home/pedro/Documentos/java/deceasedcraft/BigBangExpeditions/.staging/server/mods/plushie_buddies-0.1.6-1.20.1.jar#271
[24ago.2026 03:56:44.541] [main/DEBUG] [AllTheLeaks/]: Releasing leaked jar: /home/pedro/Documentos/java/deceasedcraft/BigBangExpeditions/.staging/server/libraries/io/netty/netty-common/4.1.82.Final/netty-common-4.1.82.Final.jar#32
[24ago.2026 03:56:44.541] [main/DEBUG] [AllTheLeaks/]: Releasing leaked jar: /home/pedro/Documentos/java/deceasedcraft/BigBangExpeditions/.staging/server/mods/sophisticatedcore-1.20.1-1.2.106.1235.jar#106
[24ago.2026 03:56:44.541] [main/DEBUG] [AllTheLeaks/]: Releasing leaked jar: /home/pedro/Documentos/java/deceasedcraft/BigBangExpeditions/.staging/server/libraries/net/minecraft/server/1.20.1-20230612.114412/server-1.20.1-20230612.114412-extra.jar#20
[24ago.2026 03:56:44.541] [main/DEBUG] [AllTheLeaks/]: Releasing leaked jar: /home/pedro/Documentos/java/deceasedcraft/BigBangExpeditions/.staging/server/mods/refueled-1.20.1-2.4.2.jar#177
[24ago.2026 03:56:44.541] [main/DEBUG] [AllTheLeaks/]: Releasing leaked jar: /home/pedro/Documentos/java/deceasedcraft/BigBangExpeditions/.staging/server/mods/UniLib-1.2.0+1.20.1-forge.jar#283
[24ago.2026 03:56:44.541] [main/DEBUG] [AllTheLeaks/]: Releasing leaked jar: /home/pedro/Documentos/java/deceasedcraft/BigBangExpeditions/.staging/server/mods/CullLessLeaves-Reforged-1.20.1-1.0.5.jar#131
[24ago.2026 03:56:44.541] [main/DEBUG] [AllTheLeaks/]: Releasing leaked jar: /home/pedro/Documentos/java/deceasedcraft/BigBangExpeditions/.staging/server/mods/clientcrafting-1.20.1-1.8.jar#249
[24ago.2026 03:56:44.541] [main/DEBUG] [AllTheLeaks/]: Releasing leaked jar: /home/pedro/Documentos/java/deceasedcraft/BigBangExpeditions/.staging/server/mods/eh1.3.1-1.20.1.jar#290
[24ago.2026 03:56:44.541] [main/DEBUG] [AllTheLeaks/]: Releasing leaked jar: /home/pedro/Documentos/java/deceasedcraft/BigBangExpeditions/.staging/server/libraries/commons-io/commons-io/2.11.0/commons-io-2.11.0.jar#29
[24ago.2026 03:56:44.541] [main/DEBUG] [AllTheLeaks/]: Releasing leaked jar: /home/pedro/Documentos/java/deceasedcraft/BigBangExpeditions/.staging/server/mods/defaultoptions-forge-1.20.1-18.0.4.jar#156
[24ago.2026 03:56:44.541] [main/DEBUG] [AllTheLeaks/]: Releasing leaked jar: /home/pedro/Documentos/java/deceasedcraft/BigBangExpeditions/.staging/server/mods/GlobalGameRules-1.20.1-8.1.0.12.jar#116
[24ago.2026 03:56:44.541] [main/DEBUG] [AllTheLeaks/]: Releasing leaked jar: /home/pedro/Documentos/java/deceasedcraft/BigBangExpeditions/.staging/server/libraries/net/java/dev/jna/jna/5.12.1/jna-5.12.1.jar#41
[24ago.2026 03:56:44.541] [main/DEBUG] [AllTheLeaks/]: Releasing leaked jar: /home/pedro/Documentos/java/deceasedcraft/BigBangExpeditions/.staging/server/mods/letsdo-bakery-forge-1.1.15.jar#143
[24ago.2026 03:56:44.541] [main/DEBUG] [AllTheLeaks/]: Releasing leaked jar: /home/pedro/Documentos/java/deceasedcraft/BigBangExpeditions/.staging/server/mods/Stackable Potions-forge-1.20.1-1.0.0.jar#171
[24ago.2026 03:56:44.541] [main/DEBUG] [AllTheLeaks/]: Releasing leaked jar: /home/pedro/Documentos/java/deceasedcraft/BigBangExpeditions/.staging/server/mods/getittogetherdrops-forge-1.20-1.3.jar#211
[24ago.2026 03:56:44.541] [main/DEBUG] [AllTheLeaks/]: Releasing leaked jar: /home/pedro/Documentos/java/deceasedcraft/BigBangExpeditions/.staging/server/mods/alternate_current-mc1.20-1.7.0.jar#130
[24ago.2026 03:56:44.541] [main/DEBUG] [AllTheLeaks/]: Releasing leaked jar: /home/pedro/Documentos/java/deceasedcraft/BigBangExpeditions/.staging/server/mods/SereneSeasons-forge-1.20.1-9.1.0.2.jar#310
[24ago.2026 03:56:44.541] [main/DEBUG] [AllTheLeaks/]: Releasing leaked jar: /home/pedro/Documentos/java/deceasedcraft/BigBangExpeditions/.staging/server/mods/JustOutdoorStuffs-1.20.1-forge-v1.0.2.jar#299
[24ago.2026 03:56:44.541] [main/DEBUG] [AllTheLeaks/]: Releasing leaked jar: /home/pedro/Documentos/java/deceasedcraft/BigBangExpeditions/.staging/server/mods/TerraBlender-forge-1.20.1-3.0.1.10.jar#298
[24ago.2026 03:56:44.541] [main/DEBUG] [AllTheLeaks/]: Releasing leaked jar: /home/pedro/Documentos/java/deceasedcraft/BigBangExpeditions/.staging/server/mods/configured-forge-1.20.1-2.2.3.jar#337
[24ago.2026 03:56:44.541] [main/DEBUG] [AllTheLeaks/]: Releasing leaked jar: /home/pedro/Documentos/java/deceasedcraft/BigBangExpeditions/.staging/server/mods/lmft-1.0.4+1.20.1-forge.jar#236
[24ago.2026 03:56:44.541] [main/DEBUG] [AllTheLeaks/]: Releasing leaked jar: /home/pedro/Documentos/java/deceasedcraft/BigBangExpeditions/.staging/server/mods/coroutil-forge-1.20.1-1.3.7.jar#284
[24ago.2026 03:56:45.995] [main/WARN] [net.minecraft.server.packs.VanillaPackResourcesBuilder/]: Assets URL 'union:/home/pedro/Documentos/java/deceasedcraft/BigBangExpeditions/.staging/server/libraries/net/minecraft/server/1.20.1-20230612.114412/server-1.20.1-20230612.114412-srg.jar%23674!/assets/.mcassetsroot' uses unexpected schema
[24ago.2026 03:56:45.995] [main/WARN] [net.minecraft.server.packs.VanillaPackResourcesBuilder/]: Assets URL 'union:/home/pedro/Documentos/java/deceasedcraft/BigBangExpeditions/.staging/server/libraries/net/minecraft/server/1.20.1-20230612.114412/server-1.20.1-20230612.114412-srg.jar%23674!/data/.mcassetsroot' uses unexpected schema
[24ago.2026 03:56:46.511] [DefaultDispatcher-worker-57/DEBUG] [settingdust.lazyyyyy.Lazyyyyy/]: Cache pack BigBangExpeditions-1.0.0.jar in 60.486443ms
[24ago.2026 03:56:47.111] [DefaultDispatcher-worker-43/DEBUG] [settingdust.lazyyyyy.Lazyyyyy/]: Cache pack lostcities-1.20-7.4.11.jar in 476.686130ms
[24ago.2026 03:56:47.298] [main/DEBUG] [net.minecraftforge.server.ServerLifecycleHooks/CORE]: Generating PackInfo named mod:saturn for mod file /home/pedro/Documentos/java/deceasedcraft/BigBangExpeditions/.staging/server/mods/saturn-mc1.20.1-0.1.3.jar
[24ago.2026 03:56:47.298] [main/DEBUG] [net.minecraftforge.server.ServerLifecycleHooks/CORE]: Generating PackInfo named mod:stackablepotions for mod file /home/pedro/Documentos/java/deceasedcraft/BigBangExpeditions/.staging/server/mods/Stackable Potions-forge-1.20.1-1.0.0.jar
[24ago.2026 03:56:47.303] [main/DEBUG] [net.minecraftforge.server.ServerLifecycleHooks/CORE]: Generating PackInfo named mod:globalgamerules for mod file /home/pedro/Documentos/java/deceasedcraft/BigBangExpeditions/.staging/server/mods/GlobalGameRules-1.20.1-8.1.0.12.jar
[24ago.2026 03:56:47.303] [main/DEBUG] [net.minecraftforge.server.ServerLifecycleHooks/CORE]: Generating PackInfo named mod:almanac for mod file /home/pedro/Documentos/java/deceasedcraft/BigBangExpeditions/.staging/server/mods/almanac-1.20.x-forge-1.0.2.jar
[24ago.2026 03:56:47.303] [main/DEBUG] [net.minecraftforge.server.ServerLifecycleHooks/CORE]: Generating PackInfo named mod:supermartijn642configlib for mod file /home/pedro/Documentos/java/deceasedcraft/BigBangExpeditions/.staging/server/mods/supermartijn642configlib-1.1.8-forge-mc1.20.jar
[24ago.2026 03:56:47.303] [main/DEBUG] [net.minecraftforge.server.ServerLifecycleHooks/CORE]: Generating PackInfo named mod:parcool_compat_addon for mod file /home/pedro/Documentos/java/deceasedcraft/BigBangExpeditions/.staging/server/mods/ParCool-CompatibilityAddon-1.20.1-3.4.1.5-1.1.jar
[24ago.2026 03:56:47.303] [main/DEBUG] [net.minecraftforge.server.ServerLifecycleHooks/CORE]: Generating PackInfo named mod:openpartiesandclaims for mod file /home/pedro/Documentos/java/deceasedcraft/BigBangExpeditions/.staging/server/mods/open-parties-and-claims-forge-1.20.1-0.25.8.jar
[24ago.2026 03:56:47.304] [main/DEBUG] [net.minecraftforge.server.ServerLifecycleHooks/CORE]: Generating PackInfo named mod:playeranimator for mod file /home/pedro/Documentos/java/deceasedcraft/BigBangExpeditions/.staging/server/mods/player-animation-lib-forge-1.0.2-rc1+1.20.jar
[24ago.2026 03:56:47.304] [main/DEBUG] [net.minecraftforge.server.ServerLifecycleHooks/CORE]: Generating PackInfo named mod:botarium for mod file /home/pedro/Documentos/java/deceasedcraft/BigBangExpeditions/.staging/server/mods/botarium-forge-1.20.1-2.3.4.jar
[24ago.2026 03:56:47.308] [main/DEBUG] [net.minecraftforge.server.ServerLifecycleHooks/CORE]: Generating PackInfo named mod:rsmixin for mod file /home/pedro/Documentos/java/deceasedcraft/BigBangExpeditions/.staging/server/mods/MCT-RS-Mixin-1.20.1-1.0.0-b400-release.jar
[24ago.2026 03:56:47.308] [main/DEBUG] [net.minecraftforge.server.ServerLifecycleHooks/CORE]: Generating PackInfo named mod:immersivefixes for mod file /home/pedro/Documentos/java/deceasedcraft/BigBangExpeditions/.staging/server/mods/immersivefixes-1.0.3-all.jar
[24ago.2026 03:56:47.308] [main/DEBUG] [net.minecraftforge.server.ServerLifecycleHooks/CORE]: Generating PackInfo named mod:nanny for mod file /home/pedro/Documentos/java/deceasedcraft/BigBangExpeditions/.staging/server/mods/nanny-1.0.6.jar
[24ago.2026 03:56:47.308] [main/DEBUG] [net.minecraftforge.server.ServerLifecycleHooks/CORE]: Generating PackInfo named mod:modernfix for mod file /home/pedro/Documentos/java/deceasedcraft/BigBangExpeditions/.staging/server/mods/modernfix-forge-5.25.1+mc1.20.1.jar
[24ago.2026 03:56:47.309] [main/DEBUG] [net.minecraftforge.server.ServerLifecycleHooks/CORE]: Generating PackInfo named mod:plushie_buddies for mod file /home/pedro/Documentos/java/deceasedcraft/BigBangExpeditions/.staging/server/mods/plushie_buddies-0.1.6-1.20.1.jar
[24ago.2026 03:56:47.311] [main/DEBUG] [net.minecraftforge.server.ServerLifecycleHooks/CORE]: Generating PackInfo named mod:yungsapi for mod file /home/pedro/Documentos/java/deceasedcraft/BigBangExpeditions/.staging/server/mods/YungsApi-1.20-Forge-4.0.6.jar
[24ago.2026 03:56:47.311] [main/DEBUG] [net.minecraftforge.server.ServerLifecycleHooks/CORE]: Generating PackInfo named mod:maxhealthfix for mod file /home/pedro/Documentos/java/deceasedcraft/BigBangExpeditions/.staging/server/mods/MaxHealthFix-Forge-1.20.1-12.0.3.jar
[24ago.2026 03:56:47.311] [main/DEBUG] [net.minecraftforge.server.ServerLifecycleHooks/CORE]: Generating PackInfo named mod:clientcrafting for mod file /home/pedro/Documentos/java/deceasedcraft/BigBangExpeditions/.staging/server/mods/clientcrafting-1.20.1-1.8.jar
[24ago.2026 03:56:47.312] [main/DEBUG] [net.minecraftforge.server.ServerLifecycleHooks/CORE]: Generating PackInfo named mod:createdieselgenerators for mod file /home/pedro/Documentos/java/deceasedcraft/BigBangExpeditions/.staging/server/mods/createdieselgenerators-1.20.1-1.3.5.jar
[24ago.2026 03:56:47.312] [main/DEBUG] [net.minecraftforge.server.ServerLifecycleHooks/CORE]: Generating PackInfo named mod:hordes for mod file /home/pedro/Documentos/java/deceasedcraft/BigBangExpeditions/.staging/server/mods/The-Hordes-1.20.1-1.5.4c.jar
[24ago.2026 03:56:47.312] [main/DEBUG] [net.minecraftforge.server.ServerLifecycleHooks/CORE]: Generating PackInfo named mod:balm for mod file /home/pedro/Documentos/java/deceasedcraft/BigBangExpeditions/.staging/server/mods/balm-forge-1.20.1-7.3.31-all.jar
[24ago.2026 03:56:47.312] [main/DEBUG] [net.minecraftforge.server.ServerLifecycleHooks/CORE]: Generating PackInfo named mod:createbetterfps for mod file /home/pedro/Documentos/java/deceasedcraft/BigBangExpeditions/.staging/server/mods/createbetterfps-1.20.1-1.1.1.jar
[24ago.2026 03:56:47.312] [main/DEBUG] [net.minecraftforge.server.ServerLifecycleHooks/CORE]: Generating PackInfo named mod:exposure for mod file /home/pedro/Documentos/java/deceasedcraft/BigBangExpeditions/.staging/server/mods/exposure-1.20.1-1.7.16-forge.jar
[24ago.2026 03:56:47.312] [main/DEBUG] [net.minecraftforge.server.ServerLifecycleHooks/CORE]: Generating PackInfo named mod:cloth_config for mod file /home/pedro/Documentos/java/deceasedcraft/BigBangExpeditions/.staging/server/mods/cloth-config-11.1.136-forge.jar
[24ago.2026 03:56:47.312] [main/DEBUG] [net.minecraftforge.server.ServerLifecycleHooks/CORE]: Generating PackInfo named mod:moa_decor_bath for mod file /home/pedro/Documentos/java/deceasedcraft/BigBangExpeditions/.staging/server/mods/MOAdecor BATH 1.20.1.jar
[24ago.2026 03:56:47.312] [main/DEBUG] [net.minecraftforge.server.ServerLifecycleHooks/CORE]: Generating PackInfo named mod:biome_replacer for mod file /home/pedro/Documentos/java/deceasedcraft/BigBangExpeditions/.staging/server/mods/biomereplacer-2.1-hippo-forge.jar
[24ago.2026 03:56:47.313] [main/DEBUG] [net.minecraftforge.server.ServerLifecycleHooks/CORE]: Generating PackInfo named mod:refinedstorage for mod file /home/pedro/Documentos/java/deceasedcraft/BigBangExpeditions/.staging/server/mods/refinedstorage-1.12.4.jar
[24ago.2026 03:56:47.313] [main/DEBUG] [net.minecraftforge.server.ServerLifecycleHooks/CORE]: Generating PackInfo named mod:durabilitytooltip for mod file /home/pedro/Documentos/java/deceasedcraft/BigBangExpeditions/.staging/server/mods/durabilitytooltip-1.1.6-forge-mc1.20.jar
[24ago.2026 03:56:47.313] [main/DEBUG] [net.minecraftforge.server.ServerLifecycleHooks/CORE]: Generating PackInfo named mod:lmft for mod file /home/pedro/Documentos/java/deceasedcraft/BigBangExpeditions/.staging/server/mods/lmft-1.0.4+1.20.1-forge.jar
[24ago.2026 03:56:47.313] [main/DEBUG] [net.minecraftforge.server.ServerLifecycleHooks/CORE]: Generating PackInfo named mod:engineered_schematics for mod file /home/pedro/Documentos/java/deceasedcraft/BigBangExpeditions/.staging/server/mods/EngineeredSchematics-1.2.3.jar
[24ago.2026 03:56:47.313] [main/DEBUG] [net.minecraftforge.server.ServerLifecycleHooks/CORE]: Generating PackInfo named mod:corpse for mod file /home/pedro/Documentos/java/deceasedcraft/BigBangExpeditions/.staging/server/mods/corpse-forge-1.20.1-1.0.21.jar
[24ago.2026 03:56:47.313] [main/DEBUG] [net.minecraftforge.server.ServerLifecycleHooks/CORE]: Generating PackInfo named mod:advancementplaques for mod file /home/pedro/Documentos/java/deceasedcraft/BigBangExpeditions/.staging/server/mods/AdvancementPlaques-1.20.1-forge-1.6.9.jar
[24ago.2026 03:56:47.313] [main/DEBUG] [net.minecraftforge.server.ServerLifecycleHooks/CORE]: Generating PackInfo named mod:immersiveui for mod file /home/pedro/Documentos/java/deceasedcraft/BigBangExpeditions/.staging/server/mods/ImmersiveUI-FORGE-0.3.0.jar
[24ago.2026 03:56:47.314] [main/DEBUG] [net.minecraftforge.server.ServerLifecycleHooks/CORE]: Generating PackInfo named mod:bcc for mod file /home/pedro/Documentos/java/deceasedcraft/BigBangExpeditions/.staging/server/mods/BetterCompatibilityChecker-forge-4.0.8+mc1.20.1.jar
[24ago.2026 03:56:47.314] [main/DEBUG] [net.minecraftforge.server.ServerLifecycleHooks/CORE]: Generating PackInfo named mod:texelspaintings for mod file /home/pedro/Documentos/java/deceasedcraft/BigBangExpeditions/.staging/server/mods/TexelsPaintings-forge-1.20.1-10.3.1.jar
[24ago.2026 03:56:47.314] [main/DEBUG] [net.minecraftforge.server.ServerLifecycleHooks/CORE]: Generating PackInfo named mod:supermartijn642corelib for mod file /home/pedro/Documentos/java/deceasedcraft/BigBangExpeditions/.staging/server/mods/supermartijn642corelib-1.1.18-forge-mc1.20.1.jar
[24ago.2026 03:56:47.314] [main/DEBUG] [net.minecraftforge.server.ServerLifecycleHooks/CORE]: Generating PackInfo named mod:highlighter for mod file /home/pedro/Documentos/java/deceasedcraft/BigBangExpeditions/.staging/server/mods/Highlighter-1.20.1-forge-1.1.9.jar
[24ago.2026 03:56:47.314] [main/DEBUG] [net.minecraftforge.server.ServerLifecycleHooks/CORE]: Generating PackInfo named mod:spark for mod file /home/pedro/Documentos/java/deceasedcraft/BigBangExpeditions/.staging/server/mods/spark-1.10.53-forge.jar
[24ago.2026 03:56:47.314] [main/DEBUG] [net.minecraftforge.server.ServerLifecycleHooks/CORE]: Generating PackInfo named mod:armorpointspp for mod file /home/pedro/Documentos/java/deceasedcraft/BigBangExpeditions/.staging/server/mods/armorpointspp-forge-1.20-3.1.1.jar
[24ago.2026 03:56:47.315] [main/DEBUG] [net.minecraftforge.server.ServerLifecycleHooks/CORE]: Generating PackInfo named mod:searchables for mod file /home/pedro/Documentos/java/deceasedcraft/BigBangExpeditions/.staging/server/mods/Searchables-forge-1.20.1-1.0.3.jar
[24ago.2026 03:56:47.315] [main/DEBUG] [net.minecraftforge.server.ServerLifecycleHooks/CORE]: Generating PackInfo named mod:attributeslib for mod file /home/pedro/Documentos/java/deceasedcraft/BigBangExpeditions/.staging/server/mods/ApothicAttributes-1.20.1-1.3.7.jar
[24ago.2026 03:56:47.315] [main/DEBUG] [net.minecraftforge.server.ServerLifecycleHooks/CORE]: Generating PackInfo named mod:legendarytabs for mod file /home/pedro/Documentos/java/deceasedcraft/BigBangExpeditions/.staging/server/mods/legendarytabs-1.20.1-1.1.3.1.jar
[24ago.2026 03:56:47.315] [main/DEBUG] [net.minecraftforge.server.ServerLifecycleHooks/CORE]: Generating PackInfo named mod:atlaslib for mod file /home/pedro/Documentos/java/deceasedcraft/BigBangExpeditions/.staging/server/mods/Atlas Lib-1.20.1-1.1.12.jar
[24ago.2026 03:56:47.315] [main/DEBUG] [net.minecraftforge.server.ServerLifecycleHooks/CORE]: Generating PackInfo named mod:biomespawnpoint for mod file /home/pedro/Documentos/java/deceasedcraft/BigBangExpeditions/.staging/server/mods/biomespawnpoint-1.20.1-2.4.jar
[24ago.2026 03:56:47.316] [main/DEBUG] [net.minecraftforge.server.ServerLifecycleHooks/CORE]: Generating PackInfo named mod:wormhole for mod file /home/pedro/Documentos/java/deceasedcraft/BigBangExpeditions/.staging/server/mods/wormhole-1.1.16-forge-mc1.20.jar
[24ago.2026 03:56:47.316] [main/DEBUG] [net.minecraftforge.server.ServerLifecycleHooks/CORE]: Generating PackInfo named mod:cfm for mod file /home/pedro/Documentos/java/deceasedcraft/BigBangExpeditions/.staging/server/mods/cfm-forge-1.20.1-7.0.0-pre36.jar
[24ago.2026 03:56:47.316] [main/DEBUG] [net.minecraftforge.server.ServerLifecycleHooks/CORE]: Generating PackInfo named mod:tmted for mod file /home/pedro/Documentos/java/deceasedcraft/BigBangExpeditions/.staging/server/mods/Engineers Delight 1.20.1 B.1.4.jar
[24ago.2026 03:56:47.316] [main/DEBUG] [net.minecraftforge.server.ServerLifecycleHooks/CORE]: Generating PackInfo named mod:enhancedai for mod file /home/pedro/Documentos/java/deceasedcraft/BigBangExpeditions/.staging/server/mods/enhancedai-2.6.8.jar
[24ago.2026 03:56:47.316] [main/DEBUG] [net.minecraftforge.server.ServerLifecycleHooks/CORE]: Generating PackInfo named mod:soundofrain for mod file /home/pedro/Documentos/java/deceasedcraft/BigBangExpeditions/.staging/server/mods/soundofrain-0.5.0.jar
[24ago.2026 03:56:47.319] [main/DEBUG] [net.minecraftforge.server.ServerLifecycleHooks/CORE]: Generating PackInfo named mod:unilib for mod file /home/pedro/Documentos/java/deceasedcraft/BigBangExpeditions/.staging/server/mods/UniLib-1.2.0+1.20.1-forge.jar
[24ago.2026 03:56:47.319] [main/DEBUG] [net.minecraftforge.server.ServerLifecycleHooks/CORE]: Generating PackInfo named mod:mobtimizations for mod file /home/pedro/Documentos/java/deceasedcraft/BigBangExpeditions/.staging/server/mods/mobtimizations-forge-1.20.1-1.0.0.jar
[24ago.2026 03:56:47.320] [main/DEBUG] [net.minecraftforge.server.ServerLifecycleHooks/CORE]: Generating PackInfo named mod:moa_decor_art for mod file /home/pedro/Documentos/java/deceasedcraft/BigBangExpeditions/.staging/server/mods/MOAdecor ART 1.20.1.jar
[24ago.2026 03:56:47.320] [main/DEBUG] [net.minecraftforge.server.ServerLifecycleHooks/CORE]: Generating PackInfo named mod:fastleafdecay for mod file /home/pedro/Documentos/java/deceasedcraft/BigBangExpeditions/.staging/server/mods/FastLeafDecay-32.jar
[24ago.2026 03:56:47.320] [main/DEBUG] [net.minecraftforge.server.ServerLifecycleHooks/CORE]: Generating PackInfo named mod:cleanview for mod file /home/pedro/Documentos/java/deceasedcraft/BigBangExpeditions/.staging/server/mods/cleanview-1.20.1-v1.jar
[24ago.2026 03:56:47.320] [main/DEBUG] [net.minecraftforge.server.ServerLifecycleHooks/CORE]: Generating PackInfo named mod:bigbangexpeditions for mod file /home/pedro/Documentos/java/deceasedcraft/BigBangExpeditions/.staging/server/mods/BigBangExpeditions-1.0.0.jar
[24ago.2026 03:56:47.320] [main/DEBUG] [net.minecraftforge.server.ServerLifecycleHooks/CORE]: Generating PackInfo named mod:darkpaintings for mod file /home/pedro/Documentos/java/deceasedcraft/BigBangExpeditions/.staging/server/mods/DarkPaintings-Forge-1.20.1-17.0.4.jar
[24ago.2026 03:56:47.320] [main/DEBUG] [net.minecraftforge.server.ServerLifecycleHooks/CORE]: Generating PackInfo named mod:radium for mod file /home/pedro/Documentos/java/deceasedcraft/BigBangExpeditions/.staging/server/mods/radium-mc1.20.1-0.12.4+git.26c9d8e.jar
[24ago.2026 03:56:47.320] [main/DEBUG] [net.minecraftforge.server.ServerLifecycleHooks/CORE]: Generating PackInfo named mod:stylisheffects for mod file /home/pedro/Documentos/java/deceasedcraft/BigBangExpeditions/.staging/server/mods/StylishEffects-v8.0.2-1.20.1-Forge.jar
[24ago.2026 03:56:47.321] [main/DEBUG] [net.minecraftforge.server.ServerLifecycleHooks/CORE]: Generating PackInfo named mod:puffish_skills for mod file /home/pedro/Documentos/java/deceasedcraft/BigBangExpeditions/.staging/server/mods/puffish_skills-0.16.5-1.20-forge.jar
[24ago.2026 03:56:47.321] [main/DEBUG] [net.minecraftforge.server.ServerLifecycleHooks/CORE]: Generating PackInfo named mod:salwayseat for mod file /home/pedro/Documentos/java/deceasedcraft/BigBangExpeditions/.staging/server/mods/AlwaysEat-5.2.jar
[24ago.2026 03:56:47.321] [main/DEBUG] [net.minecraftforge.server.ServerLifecycleHooks/CORE]: Generating PackInfo named mod:questkilltask for mod file /home/pedro/Documentos/java/deceasedcraft/BigBangExpeditions/.staging/server/mods/Quest Kill Task-0.2.0+1.20.1-forge.jar
[24ago.2026 03:56:47.321] [main/DEBUG] [net.minecraftforge.server.ServerLifecycleHooks/CORE]: Generating PackInfo named mod:fastload for mod file /home/pedro/Documentos/java/deceasedcraft/BigBangExpeditions/.staging/server/mods/Fastload-Reforged-mc1.20.1-3.4.0.jar
[24ago.2026 03:56:47.321] [main/DEBUG] [net.minecraftforge.server.ServerLifecycleHooks/CORE]: Generating PackInfo named mod:jsconf for mod file /home/pedro/Documentos/java/deceasedcraft/BigBangExpeditions/.staging/server/mods/jsconf-1.1.1.jar
[24ago.2026 03:56:47.326] [main/DEBUG] [net.minecraftforge.server.ServerLifecycleHooks/CORE]: Generating PackInfo named mod:harvest_with_ease for mod file /home/pedro/Documentos/java/deceasedcraft/BigBangExpeditions/.staging/server/mods/harvest-with-ease-forge-1.20.1-9.4.0.jar
[24ago.2026 03:56:47.327] [main/DEBUG] [net.minecraftforge.server.ServerLifecycleHooks/CORE]: Generating PackInfo named mod:fastboot for mod file /home/pedro/Documentos/java/deceasedcraft/BigBangExpeditions/.staging/server/mods/fastboot-1.20.x-1.2.jar
[24ago.2026 03:56:47.327] [main/DEBUG] [net.minecraftforge.server.ServerLifecycleHooks/CORE]: Generating PackInfo named mod:treeharvester for mod file /home/pedro/Documentos/java/deceasedcraft/BigBangExpeditions/.staging/server/mods/treeharvester-1.20.1-9.1.jar
[24ago.2026 03:56:47.327] [main/DEBUG] [net.minecraftforge.server.ServerLifecycleHooks/CORE]: Generating PackInfo named mod:jei for mod file /home/pedro/Documentos/java/deceasedcraft/BigBangExpeditions/.staging/server/mods/jei-1.20.1-forge-15.20.0.112.jar
[24ago.2026 03:56:47.327] [main/DEBUG] [net.minecraftforge.server.ServerLifecycleHooks/CORE]: Generating PackInfo named mod:cgm for mod file /home/pedro/Documentos/java/deceasedcraft/BigBangExpeditions/.staging/server/mods/CGM-Unofficial-1.4.18+Forge+1.20.1.jar
[24ago.2026 03:56:47.327] [main/DEBUG] [net.minecraftforge.server.ServerLifecycleHooks/CORE]: Generating PackInfo named mod:nameless_trinkets for mod file /home/pedro/Documentos/java/deceasedcraft/BigBangExpeditions/.staging/server/mods/Nameless Trinkets-1.20.1-1.8.5.jar
[24ago.2026 03:56:47.328] [main/DEBUG] [net.minecraftforge.server.ServerLifecycleHooks/CORE]: Generating PackInfo named mod:attributefix for mod file /home/pedro/Documentos/java/deceasedcraft/BigBangExpeditions/.staging/server/mods/AttributeFix-Forge-1.20.1-21.0.4.jar
[24ago.2026 03:56:47.328] [main/DEBUG] [net.minecraftforge.server.ServerLifecycleHooks/CORE]: Generating PackInfo named mod:flerovium for mod file /home/pedro/Documentos/java/deceasedcraft/BigBangExpeditions/.staging/server/mods/flerovium-forge-1.20.1-1.2.16-all.jar
[24ago.2026 03:56:47.328] [main/DEBUG] [net.minecraftforge.server.ServerLifecycleHooks/CORE]: Generating PackInfo named mod:fastasyncworldsave for mod file /home/pedro/Documentos/java/deceasedcraft/BigBangExpeditions/.staging/server/mods/fastasyncworldsave-1.20.1-2.6.jar
[24ago.2026 03:56:47.328] [main/DEBUG] [net.minecraftforge.server.ServerLifecycleHooks/CORE]: Generating PackInfo named mod:immersive_optimization for mod file /home/pedro/Documentos/java/deceasedcraft/BigBangExpeditions/.staging/server/mods/immersive_optimization-forge-1.20.1-0.1.0.jar
[24ago.2026 03:56:47.328] [main/DEBUG] [net.minecraftforge.server.ServerLifecycleHooks/CORE]: Generating PackInfo named mod:naturescompass for mod file /home/pedro/Documentos/java/deceasedcraft/BigBangExpeditions/.staging/server/mods/NaturesCompass-1.20.1-1.11.2-forge.jar
[24ago.2026 03:56:47.328] [main/DEBUG] [net.minecraftforge.server.ServerLifecycleHooks/CORE]: Generating PackInfo named mod:glitchcore for mod file /home/pedro/Documentos/java/deceasedcraft/BigBangExpeditions/.staging/server/mods/GlitchCore-forge-1.20.1-0.0.1.1.jar
[24ago.2026 03:56:47.328] [main/DEBUG] [net.minecraftforge.server.ServerLifecycleHooks/CORE]: Generating PackInfo named mod:beefix for mod file /home/pedro/Documentos/java/deceasedcraft/BigBangExpeditions/.staging/server/mods/BeeFix-1.20-1.0.7.jar
[24ago.2026 03:56:47.329] [main/DEBUG] [net.minecraftforge.server.ServerLifecycleHooks/CORE]: Generating PackInfo named mod:scholar for mod file /home/pedro/Documentos/java/deceasedcraft/BigBangExpeditions/.staging/server/mods/scholar-1.20.1-1.1.5.1-forge.jar
[24ago.2026 03:56:47.329] [main/DEBUG] [net.minecraftforge.server.ServerLifecycleHooks/CORE]: Generating PackInfo named mod:clickmachine for mod file /home/pedro/Documentos/java/deceasedcraft/BigBangExpeditions/.staging/server/mods/ClickMachine-1.20.1-8.0.2.jar
[24ago.2026 03:56:47.329] [main/DEBUG] [net.minecraftforge.server.ServerLifecycleHooks/CORE]: Generating PackInfo named mod:catalogue for mod file /home/pedro/Documentos/java/deceasedcraft/BigBangExpeditions/.staging/server/mods/catalogue-forge-1.20.1-1.8.0.jar
[24ago.2026 03:56:47.330] [main/DEBUG] [net.minecraftforge.server.ServerLifecycleHooks/CORE]: Generating PackInfo named mod:corpsecurioscompat for mod file /home/pedro/Documentos/java/deceasedcraft/BigBangExpeditions/.staging/server/mods/corpsecurioscompat-1.20.1-Forge-3.1.2.jar
[24ago.2026 03:56:47.330] [main/DEBUG] [net.minecraftforge.server.ServerLifecycleHooks/CORE]: Generating PackInfo named mod:forge for mod file /home/pedro/Documentos/java/deceasedcraft/BigBangExpeditions/.staging/server/libraries/net/minecraftforge/forge/1.20.1-47.4.0/forge-1.20.1-47.4.0-universal.jar
[24ago.2026 03:56:47.330] [main/DEBUG] [net.minecraftforge.server.ServerLifecycleHooks/CORE]: Generating PackInfo named mod:chalk for mod file /home/pedro/Documentos/java/deceasedcraft/BigBangExpeditions/.staging/server/mods/chalk-1.20.1-1.6.7.jar
[24ago.2026 03:56:47.330] [main/DEBUG] [net.minecraftforge.server.ServerLifecycleHooks/CORE]: Generating PackInfo named mod:logbegone for mod file /home/pedro/Documentos/java/deceasedcraft/BigBangExpeditions/.staging/server/mods/Log-Begone-Forge-1.20.1-1.0.8.jar
[24ago.2026 03:56:47.330] [main/DEBUG] [net.minecraftforge.server.ServerLifecycleHooks/CORE]: Generating PackInfo named mod:zerocore for mod file /home/pedro/Documentos/java/deceasedcraft/BigBangExpeditions/.staging/server/mods/ZeroCore2-1.20.1-2.1.47.jar
[24ago.2026 03:56:47.330] [main/DEBUG] [net.minecraftforge.server.ServerLifecycleHooks/CORE]: Generating PackInfo named mod:vanilla_music_discs for mod file /home/pedro/Documentos/java/deceasedcraft/BigBangExpeditions/.staging/server/mods/vanilla_music_discs-1.6-forge-1.20.1.jar
[24ago.2026 03:56:47.330] [main/DEBUG] [net.minecraftforge.server.ServerLifecycleHooks/CORE]: Generating PackInfo named mod:horror_element_mod for mod file /home/pedro/Documentos/java/deceasedcraft/BigBangExpeditions/.staging/server/mods/horror_element_mod-1.6.2-forge-1.20.1.jar
[24ago.2026 03:56:47.330] [main/DEBUG] [net.minecraftforge.server.ServerLifecycleHooks/CORE]: Generating PackInfo named mod:undead_revamp2 for mod file /home/pedro/Documentos/java/deceasedcraft/BigBangExpeditions/.staging/server/mods/THEUNDEADREVAMPED_1.9O_1.20.1.jar
[24ago.2026 03:56:47.331] [main/DEBUG] [net.minecraftforge.server.ServerLifecycleHooks/CORE]: Generating PackInfo named mod:smoothchunk for mod file /home/pedro/Documentos/java/deceasedcraft/BigBangExpeditions/.staging/server/mods/smoothchunk-1.20.1-4.1.jar
[24ago.2026 03:56:47.331] [main/DEBUG] [net.minecraftforge.server.ServerLifecycleHooks/CORE]: Generating PackInfo named mod:createstuffadditionsfix for mod file /home/pedro/Documentos/java/deceasedcraft/BigBangExpeditions/.staging/server/mods/createstuffadditionsfix-forge-1.20.1-0.0.0.1.jar
[24ago.2026 03:56:47.331] [main/DEBUG] [net.minecraftforge.server.ServerLifecycleHooks/CORE]: Generating PackInfo named mod:voicechat for mod file /home/pedro/Documentos/java/deceasedcraft/BigBangExpeditions/.staging/server/mods/voicechat-forge-1.20.1-2.5.34.jar
[24ago.2026 03:56:47.331] [main/DEBUG] [net.minecraftforge.server.ServerLifecycleHooks/CORE]: Generating PackInfo named mod:sound_physics_remastered for mod file /home/pedro/Documentos/java/deceasedcraft/BigBangExpeditions/.staging/server/mods/sound-physics-remastered-forge-1.20.1-1.4.10.jar
[24ago.2026 03:56:47.332] [main/DEBUG] [net.minecraftforge.server.ServerLifecycleHooks/CORE]: Generating PackInfo named mod:theoneprobe for mod file /home/pedro/Documentos/java/deceasedcraft/BigBangExpeditions/.staging/server/mods/theoneprobe-1.20.1-10.0.3.jar
[24ago.2026 03:56:47.332] [main/DEBUG] [net.minecraftforge.server.ServerLifecycleHooks/CORE]: Generating PackInfo named mod:terrablender for mod file /home/pedro/Documentos/java/deceasedcraft/BigBangExpeditions/.staging/server/mods/TerraBlender-forge-1.20.1-3.0.1.10.jar
[24ago.2026 03:56:47.332] [main/DEBUG] [net.minecraftforge.server.ServerLifecycleHooks/CORE]: Generating PackInfo named mod:biomesoplenty for mod file /home/pedro/Documentos/java/deceasedcraft/BigBangExpeditions/.staging/server/mods/BiomesOPlenty-forge-1.20.1-19.0.0.96.jar
[24ago.2026 03:56:47.332] [main/DEBUG] [net.minecraftforge.server.ServerLifecycleHooks/CORE]: Generating PackInfo named mod:longerchathistory for mod file /home/pedro/Documentos/java/deceasedcraft/BigBangExpeditions/.staging/server/mods/LongerChatHistory-1.3-Forge.jar
[24ago.2026 03:56:47.332] [main/DEBUG] [net.minecraftforge.server.ServerLifecycleHooks/CORE]: Generating PackInfo named mod:mousetweaks for mod file /home/pedro/Documentos/java/deceasedcraft/BigBangExpeditions/.staging/server/mods/MouseTweaks-forge-mc1.20.1-2.25.1.jar
[24ago.2026 03:56:47.332] [main/DEBUG] [net.minecraftforge.server.ServerLifecycleHooks/CORE]: Generating PackInfo named mod:bettercombat for mod file /home/pedro/Documentos/java/deceasedcraft/BigBangExpeditions/.staging/server/mods/bettercombat-forge-1.8.6+1.20.1.jar
[24ago.2026 03:56:47.332] [main/DEBUG] [net.minecraftforge.server.ServerLifecycleHooks/CORE]: Generating PackInfo named mod:necronomicon for mod file /home/pedro/Documentos/java/deceasedcraft/BigBangExpeditions/.staging/server/mods/Necronomicon-Forge-1.6.0+1.20.1.jar
[24ago.2026 03:56:47.333] [main/DEBUG] [net.minecraftforge.server.ServerLifecycleHooks/CORE]: Generating PackInfo named mod:alltheleaks for mod file /home/pedro/Documentos/java/deceasedcraft/BigBangExpeditions/.staging/server/mods/alltheleaks-1.1.1+1.20.1-forge.jar
[24ago.2026 03:56:47.336] [main/DEBUG] [net.minecraftforge.server.ServerLifecycleHooks/CORE]: Generating PackInfo named mod:corgilib for mod file /home/pedro/Documentos/java/deceasedcraft/BigBangExpeditions/.staging/server/mods/Corgilib-Forge-1.20.1-4.0.3.4.jar
[24ago.2026 03:56:47.340] [main/DEBUG] [net.minecraftforge.server.ServerLifecycleHooks/CORE]: Generating PackInfo named mod:fastpaintings for mod file /home/pedro/Documentos/java/deceasedcraft/BigBangExpeditions/.staging/server/mods/fastpaintings-1.20-1.2.7.jar
[24ago.2026 03:56:47.340] [main/DEBUG] [net.minecraftforge.server.ServerLifecycleHooks/CORE]: Generating PackInfo named mod:e4mc_minecraft for mod file /home/pedro/Documentos/java/deceasedcraft/BigBangExpeditions/.staging/server/mods/e4mc_minecraft-forge-5.4.1.jar
[24ago.2026 03:56:47.341] [main/DEBUG] [net.minecraftforge.server.ServerLifecycleHooks/CORE]: Generating PackInfo named mod:pipez for mod file /home/pedro/Documentos/java/deceasedcraft/BigBangExpeditions/.staging/server/mods/pipez-forge-1.20.1-1.2.21.jar
[24ago.2026 03:56:47.341] [main/DEBUG] [net.minecraftforge.server.ServerLifecycleHooks/CORE]: Generating PackInfo named mod:entityjs for mod file /home/pedro/Documentos/java/deceasedcraft/BigBangExpeditions/.staging/server/mods/entityjs-0.5.9-1.20.1.jar
[24ago.2026 03:56:47.341] [main/DEBUG] [net.minecraftforge.server.ServerLifecycleHooks/CORE]: Generating PackInfo named mod:xaerominimap for mod file /home/pedro/Documentos/java/deceasedcraft/BigBangExpeditions/.staging/server/mods/Xaeros_Minimap_25.2.10_Forge_1.20.jar
[24ago.2026 03:56:47.341] [main/DEBUG] [net.minecraftforge.server.ServerLifecycleHooks/CORE]: Generating PackInfo named mod:bocchium for mod file /home/pedro/Documentos/java/deceasedcraft/BigBangExpeditions/.staging/server/mods/bocchium-1.20.1-0.0.3.jar
[24ago.2026 03:56:47.341] [main/DEBUG] [net.minecraftforge.server.ServerLifecycleHooks/CORE]: Generating PackInfo named mod:polymorph for mod file /home/pedro/Documentos/java/deceasedcraft/BigBangExpeditions/.staging/server/mods/polymorph-forge-0.49.10+1.20.1.jar
[24ago.2026 03:56:47.342] [main/DEBUG] [net.minecraftforge.server.ServerLifecycleHooks/CORE]: Generating PackInfo named mod:securitycraft for mod file /home/pedro/Documentos/java/deceasedcraft/BigBangExpeditions/.staging/server/mods/[1.20.1] SecurityCraft v1.9.12.jar
[24ago.2026 03:56:47.342] [main/DEBUG] [net.minecraftforge.server.ServerLifecycleHooks/CORE]: Generating PackInfo named mod:zeta for mod file /home/pedro/Documentos/java/deceasedcraft/BigBangExpeditions/.staging/server/mods/Zeta-1.0-31.jar
[24ago.2026 03:56:47.342] [main/DEBUG] [net.minecraftforge.server.ServerLifecycleHooks/CORE]: Generating PackInfo named mod:immediatelyfast for mod file /home/pedro/Documentos/java/deceasedcraft/BigBangExpeditions/.staging/server/mods/ImmediatelyFast-Forge-1.5.1+1.20.4.jar
[24ago.2026 03:56:47.342] [main/DEBUG] [net.minecraftforge.server.ServerLifecycleHooks/CORE]: Generating PackInfo named mod:fastfurnace for mod file /home/pedro/Documentos/java/deceasedcraft/BigBangExpeditions/.staging/server/mods/FastFurnace-1.20.1-8.0.2.jar
[24ago.2026 03:56:47.342] [main/DEBUG] [net.minecraftforge.server.ServerLifecycleHooks/CORE]: Generating PackInfo named mod:spawnercontrol for mod file /home/pedro/Documentos/java/deceasedcraft/BigBangExpeditions/.staging/server/mods/SpawnerControl-forge-1.20.[1-4]-v1.3.jar
[24ago.2026 03:56:47.342] [main/DEBUG] [net.minecraftforge.server.ServerLifecycleHooks/CORE]: Generating PackInfo named mod:appleskin for mod file /home/pedro/Documentos/java/deceasedcraft/BigBangExpeditions/.staging/server/mods/appleskin-forge-mc1.20.1-2.5.1.jar
[24ago.2026 03:56:47.342] [main/DEBUG] [net.minecraftforge.server.ServerLifecycleHooks/CORE]: Generating PackInfo named mod:lootr for mod file /home/pedro/Documentos/java/deceasedcraft/BigBangExpeditions/.staging/server/mods/lootr-forge-1.20-0.7.35.94.jar
[24ago.2026 03:56:47.343] [main/DEBUG] [net.minecraftforge.server.ServerLifecycleHooks/CORE]: Generating PackInfo named mod:puzzleslib for mod file /home/pedro/Documentos/java/deceasedcraft/BigBangExpeditions/.staging/server/mods/PuzzlesLib-v8.1.32-1.20.1-Forge.jar
[24ago.2026 03:56:47.343] [main/DEBUG] [net.minecraftforge.server.ServerLifecycleHooks/CORE]: Generating PackInfo named mod:extremesoundmuffler for mod file /home/pedro/Documentos/java/deceasedcraft/BigBangExpeditions/.staging/server/mods/ExtremeSoundMuffler-3.49.2-forge-1.20.1.jar
[24ago.2026 03:56:47.343] [main/DEBUG] [net.minecraftforge.server.ServerLifecycleHooks/CORE]: Generating PackInfo named mod:apoc_patches for mod file /home/pedro/Documentos/java/deceasedcraft/BigBangExpeditions/.staging/server/mods/apoc_patches-1.0.4-all.jar
[24ago.2026 03:56:47.345] [main/DEBUG] [net.minecraftforge.server.ServerLifecycleHooks/CORE]: Generating PackInfo named mod:cosmeticarmorreworked for mod file /home/pedro/Documentos/java/deceasedcraft/BigBangExpeditions/.staging/server/mods/cosmeticarmorreworked-1.20.1-v1a.jar
[24ago.2026 03:56:47.345] [main/DEBUG] [net.minecraftforge.server.ServerLifecycleHooks/CORE]: Generating PackInfo named mod:explosiveenhancement for mod file /home/pedro/Documentos/java/deceasedcraft/BigBangExpeditions/.staging/server/mods/explosiveenhancement-1.1.0-1.20.1-client-and-server.jar
[24ago.2026 03:56:47.345] [main/DEBUG] [net.minecraftforge.server.ServerLifecycleHooks/CORE]: Generating PackInfo named mod:euphoria_patcher for mod file /home/pedro/Documentos/java/deceasedcraft/BigBangExpeditions/.staging/server/mods/EuphoriaPatcher-1.7.8-r5.6.1-forge.jar
[24ago.2026 03:56:47.345] [main/DEBUG] [net.minecraftforge.server.ServerLifecycleHooks/CORE]: Generating PackInfo named mod:xpbook for mod file /home/pedro/Documentos/java/deceasedcraft/BigBangExpeditions/.staging/server/mods/xptome-1.20.1-2.2.1.jar
[24ago.2026 03:56:47.346] [main/DEBUG] [net.minecraftforge.server.ServerLifecycleHooks/CORE]: Generating PackInfo named mod:defaultoptions for mod file /home/pedro/Documentos/java/deceasedcraft/BigBangExpeditions/.staging/server/mods/defaultoptions-forge-1.20.1-18.0.4.jar
[24ago.2026 03:56:47.346] [main/DEBUG] [net.minecraftforge.server.ServerLifecycleHooks/CORE]: Generating PackInfo named mod:zombie_extreme for mod file /home/pedro/Documentos/java/deceasedcraft/BigBangExpeditions/.staging/server/mods/Zombie Extreme 1.20.1 0.2.6.jar
[24ago.2026 03:56:47.346] [main/DEBUG] [net.minecraftforge.server.ServerLifecycleHooks/CORE]: Generating PackInfo named mod:refueled for mod file /home/pedro/Documentos/java/deceasedcraft/BigBangExpeditions/.staging/server/mods/refueled-1.20.1-2.4.2.jar
[24ago.2026 03:56:47.346] [main/DEBUG] [net.minecraftforge.server.ServerLifecycleHooks/CORE]: Generating PackInfo named mod:merenc for mod file /home/pedro/Documentos/java/deceasedcraft/BigBangExpeditions/.staging/server/mods/MergeEnchantments-FORGE-1.20.[0-4]-v4.3.jar
[24ago.2026 03:56:47.346] [main/DEBUG] [net.minecraftforge.server.ServerLifecycleHooks/CORE]: Generating PackInfo named mod:v_slab_compat for mod file /home/pedro/Documentos/java/deceasedcraft/BigBangExpeditions/.staging/server/mods/v_slab_compat-1.20-2.5.jar
[24ago.2026 03:56:47.346] [main/DEBUG] [net.minecraftforge.server.ServerLifecycleHooks/CORE]: Generating PackInfo named mod:geckolib for mod file /home/pedro/Documentos/java/deceasedcraft/BigBangExpeditions/.staging/server/mods/geckolib-forge-1.20.1-4.7.jar
[24ago.2026 03:56:47.347] [main/DEBUG] [net.minecraftforge.server.ServerLifecycleHooks/CORE]: Generating PackInfo named mod:crittersandcompanions for mod file /home/pedro/Documentos/java/deceasedcraft/BigBangExpeditions/.staging/server/mods/crittersandcompanions-forge-1.20.1-2.3.5.jar
[24ago.2026 03:56:47.347] [main/DEBUG] [net.minecraftforge.server.ServerLifecycleHooks/CORE]: Generating PackInfo named mod:recipeessentials for mod file /home/pedro/Documentos/java/deceasedcraft/BigBangExpeditions/.staging/server/mods/recipeessentials-1.20.1-4.0.jar
[24ago.2026 03:56:47.347] [main/DEBUG] [net.minecraftforge.server.ServerLifecycleHooks/CORE]: Generating PackInfo named mod:naturalist for mod file /home/pedro/Documentos/java/deceasedcraft/BigBangExpeditions/.staging/server/mods/naturalist-5.0pre2+forge-1.20.1.jar
[24ago.2026 03:56:47.347] [main/DEBUG] [net.minecraftforge.server.ServerLifecycleHooks/CORE]: Generating PackInfo named mod:incontrol for mod file /home/pedro/Documentos/java/deceasedcraft/BigBangExpeditions/.staging/server/mods/incontrol-1.20-9.4.5.jar
[24ago.2026 03:56:47.347] [main/DEBUG] [net.minecraftforge.server.ServerLifecycleHooks/CORE]: Generating PackInfo named mod:connectivity for mod file /home/pedro/Documentos/java/deceasedcraft/BigBangExpeditions/.staging/server/mods/connectivity-1.20.1-7.2.jar
[24ago.2026 03:56:47.347] [main/DEBUG] [net.minecraftforge.server.ServerLifecycleHooks/CORE]: Generating PackInfo named mod:immersive_aircraft for mod file /home/pedro/Documentos/java/deceasedcraft/BigBangExpeditions/.staging/server/mods/immersive_aircraft-1.4.0+1.20.1-forge.jar
[24ago.2026 03:56:47.347] [main/DEBUG] [net.minecraftforge.server.ServerLifecycleHooks/CORE]: Generating PackInfo named mod:sophisticatedcore for mod file /home/pedro/Documentos/java/deceasedcraft/BigBangExpeditions/.staging/server/mods/sophisticatedcore-1.20.1-1.2.106.1235.jar
[24ago.2026 03:56:47.347] [main/DEBUG] [net.minecraftforge.server.ServerLifecycleHooks/CORE]: Generating PackInfo named mod:insanelib for mod file /home/pedro/Documentos/java/deceasedcraft/BigBangExpeditions/.staging/server/mods/insanelib-1.21.14.jar
[24ago.2026 03:56:47.347] [main/DEBUG] [net.minecraftforge.server.ServerLifecycleHooks/CORE]: Generating PackInfo named mod:ritchiesprojectilelib for mod file /home/pedro/Documentos/java/deceasedcraft/BigBangExpeditions/.staging/server/mods/ritchiesprojectilelib-2.1.0+mc.1.20.1-forge.jar
[24ago.2026 03:56:47.348] [main/DEBUG] [net.minecraftforge.server.ServerLifecycleHooks/CORE]: Generating PackInfo named mod:xaeroworldmap for mod file /home/pedro/Documentos/java/deceasedcraft/BigBangExpeditions/.staging/server/mods/XaerosWorldMap_1.39.12_Forge_1.20.jar
[24ago.2026 03:56:47.348] [main/DEBUG] [net.minecraftforge.server.ServerLifecycleHooks/CORE]: Generating PackInfo named mod:controlling for mod file /home/pedro/Documentos/java/deceasedcraft/BigBangExpeditions/.staging/server/mods/Controlling-forge-1.20.1-12.0.2.jar
[24ago.2026 03:56:47.348] [main/DEBUG] [net.minecraftforge.server.ServerLifecycleHooks/CORE]: Generating PackInfo named mod:betterbiomereblend for mod file /home/pedro/Documentos/java/deceasedcraft/BigBangExpeditions/.staging/server/mods/betterbiomereblend-1.5.3.jar
[24ago.2026 03:56:47.348] [main/DEBUG] [net.minecraftforge.server.ServerLifecycleHooks/CORE]: Generating PackInfo named mod:placebo for mod file /home/pedro/Documentos/java/deceasedcraft/BigBangExpeditions/.staging/server/mods/Placebo-1.20.1-8.6.3.jar
[24ago.2026 03:56:47.348] [main/DEBUG] [net.minecraftforge.server.ServerLifecycleHooks/CORE]: Generating PackInfo named mod:zombieawareness for mod file /home/pedro/Documentos/java/deceasedcraft/BigBangExpeditions/.staging/server/mods/zombieawareness-1.20.1-1.13.1.jar
[24ago.2026 03:56:47.349] [main/DEBUG] [net.minecraftforge.server.ServerLifecycleHooks/CORE]: Generating PackInfo named mod:gamediscs for mod file /home/pedro/Documentos/java/deceasedcraft/BigBangExpeditions/.staging/server/mods/gamediscs-0.3.2-forge.jar
[24ago.2026 03:56:47.349] [main/DEBUG] [net.minecraftforge.server.ServerLifecycleHooks/CORE]: Generating PackInfo named mod:cobweb for mod file /home/pedro/Documentos/java/deceasedcraft/BigBangExpeditions/.staging/server/mods/cobweb-forge-1.20.1-1.0.1.jar
[24ago.2026 03:56:47.349] [main/DEBUG] [net.minecraftforge.server.ServerLifecycleHooks/CORE]: Generating PackInfo named mod:redirected for mod file /home/pedro/Documentos/java/deceasedcraft/BigBangExpeditions/.staging/server/mods/redirected-forge-1.0.0-1.20.1.jar
[24ago.2026 03:56:47.349] [main/DEBUG] [net.minecraftforge.server.ServerLifecycleHooks/CORE]: Generating PackInfo named mod:bookshelf for mod file /home/pedro/Documentos/java/deceasedcraft/BigBangExpeditions/.staging/server/mods/Bookshelf-Forge-1.20.1-20.2.13.jar
[24ago.2026 03:56:47.349] [main/DEBUG] [net.minecraftforge.server.ServerLifecycleHooks/CORE]: Generating PackInfo named mod:redeco for mod file /home/pedro/Documentos/java/deceasedcraft/BigBangExpeditions/.staging/server/mods/redeco-1.14.1-forge-1.20.1.jar
[24ago.2026 03:56:47.349] [main/DEBUG] [net.minecraftforge.server.ServerLifecycleHooks/CORE]: Generating PackInfo named mod:sophisticatedbackpacks for mod file /home/pedro/Documentos/java/deceasedcraft/BigBangExpeditions/.staging/server/mods/sophisticatedbackpacks-1.20.1-3.24.10.1404.jar
[24ago.2026 03:56:47.349] [main/DEBUG] [net.minecraftforge.server.ServerLifecycleHooks/CORE]: Generating PackInfo named mod:simpleplanes for mod file /home/pedro/Documentos/java/deceasedcraft/BigBangExpeditions/.staging/server/mods/simpleplanes-1.20.1-5.3.3.jar
[24ago.2026 03:56:47.349] [main/DEBUG] [net.minecraftforge.server.ServerLifecycleHooks/CORE]: Generating PackInfo named mod:carryon for mod file /home/pedro/Documentos/java/deceasedcraft/BigBangExpeditions/.staging/server/mods/carryon-forge-1.20.1-2.1.2.7.jar
[24ago.2026 03:56:47.349] [main/DEBUG] [net.minecraftforge.server.ServerLifecycleHooks/CORE]: Generating PackInfo named mod:melody for mod file /home/pedro/Documentos/java/deceasedcraft/BigBangExpeditions/.staging/server/mods/melody_forge_1.0.3_MC_1.20.1-1.20.4.jar
[24ago.2026 03:56:47.349] [main/DEBUG] [net.minecraftforge.server.ServerLifecycleHooks/CORE]: Generating PackInfo named mod:interiors for mod file /home/pedro/Documentos/java/deceasedcraft/BigBangExpeditions/.staging/server/mods/interiors-0.5.6+forge-mc1.20.1-local.jar
[24ago.2026 03:56:47.350] [main/DEBUG] [net.minecraftforge.server.ServerLifecycleHooks/CORE]: Generating PackInfo named mod:baguettelib for mod file /home/pedro/Documentos/java/deceasedcraft/BigBangExpeditions/.staging/server/mods/baguettelib-1.20.1-Forge-1.0.0.jar
[24ago.2026 03:56:47.350] [main/DEBUG] [net.minecraftforge.server.ServerLifecycleHooks/CORE]: Generating PackInfo named mod:dummmmmmy for mod file /home/pedro/Documentos/java/deceasedcraft/BigBangExpeditions/.staging/server/mods/dummmmmmy-1.20-2.0.9.jar
[24ago.2026 03:56:47.350] [main/DEBUG] [net.minecraftforge.server.ServerLifecycleHooks/CORE]: Generating PackInfo named mod:konkrete for mod file /home/pedro/Documentos/java/deceasedcraft/BigBangExpeditions/.staging/server/mods/konkrete_forge_1.8.0_MC_1.20-1.20.1.jar
[24ago.2026 03:56:47.350] [main/DEBUG] [net.minecraftforge.server.ServerLifecycleHooks/CORE]: Generating PackInfo named mod:item_scrapper for mod file /home/pedro/Documentos/java/deceasedcraft/BigBangExpeditions/.staging/server/mods/item_scrapper-1.2.9.jar
[24ago.2026 03:56:47.351] [main/DEBUG] [net.minecraftforge.server.ServerLifecycleHooks/CORE]: Generating PackInfo named mod:equipmentcompare for mod file /home/pedro/Documentos/java/deceasedcraft/BigBangExpeditions/.staging/server/mods/EquipmentCompare-1.20.1-forge-1.3.7.jar
[24ago.2026 03:56:47.351] [main/DEBUG] [net.minecraftforge.server.ServerLifecycleHooks/CORE]: Generating PackInfo named mod:farmersdelight for mod file /home/pedro/Documentos/java/deceasedcraft/BigBangExpeditions/.staging/server/mods/FarmersDelight-1.20.1-1.2.9.jar
[24ago.2026 03:56:47.352] [main/DEBUG] [net.minecraftforge.server.ServerLifecycleHooks/CORE]: Generating PackInfo named mod:mcreator_mem_fix for mod file /home/pedro/Documentos/java/deceasedcraft/BigBangExpeditions/.staging/server/mods/MCreatorMemFix-1.0.4.jar
[24ago.2026 03:56:47.352] [main/DEBUG] [net.minecraftforge.server.ServerLifecycleHooks/CORE]: Generating PackInfo named mod:getittogetherdrops for mod file /home/pedro/Documentos/java/deceasedcraft/BigBangExpeditions/.staging/server/mods/getittogetherdrops-forge-1.20-1.3.jar
[24ago.2026 03:56:47.352] [main/DEBUG] [net.minecraftforge.server.ServerLifecycleHooks/CORE]: Generating PackInfo named mod:customportalapi for mod file /home/pedro/Documentos/java/deceasedcraft/BigBangExpeditions/.staging/server/mods/customportalapi-0.0.1-forge-1.20.jar
[24ago.2026 03:56:47.352] [main/DEBUG] [net.minecraftforge.server.ServerLifecycleHooks/CORE]: Generating PackInfo named mod:chunky for mod file /home/pedro/Documentos/java/deceasedcraft/BigBangExpeditions/.staging/server/mods/Chunky-1.3.146.jar
[24ago.2026 03:56:47.352] [main/DEBUG] [net.minecraftforge.server.ServerLifecycleHooks/CORE]: Generating PackInfo named mod:apocalypsenow for mod file /home/pedro/Documentos/java/deceasedcraft/BigBangExpeditions/.staging/server/mods/apocalypsenow-3.0.4NS-forge-1.20.1.jar
[24ago.2026 03:56:47.352] [main/DEBUG] [net.minecraftforge.server.ServerLifecycleHooks/CORE]: Generating PackInfo named mod:simplylight for mod file /home/pedro/Documentos/java/deceasedcraft/BigBangExpeditions/.staging/server/mods/simplylight-1.20.1-1.4.6-build.50.jar
[24ago.2026 03:56:47.352] [main/DEBUG] [net.minecraftforge.server.ServerLifecycleHooks/CORE]: Generating PackInfo named mod:modelfix for mod file /home/pedro/Documentos/java/deceasedcraft/BigBangExpeditions/.staging/server/mods/modelfix-1.15.jar
[24ago.2026 03:56:47.352] [main/DEBUG] [net.minecraftforge.server.ServerLifecycleHooks/CORE]: Generating PackInfo named mod:patchouli for mod file /home/pedro/Documentos/java/deceasedcraft/BigBangExpeditions/.staging/server/mods/Patchouli-1.20.1-84.1-FORGE.jar
[24ago.2026 03:56:47.353] [main/DEBUG] [net.minecraftforge.server.ServerLifecycleHooks/CORE]: Generating PackInfo named mod:collective for mod file /home/pedro/Documentos/java/deceasedcraft/BigBangExpeditions/.staging/server/mods/collective-1.20.1-8.3.jar
[24ago.2026 03:56:47.353] [main/DEBUG] [net.minecraftforge.server.ServerLifecycleHooks/CORE]: Generating PackInfo named mod:ytongame_hostingmenu for mod file /home/pedro/Documentos/java/deceasedcraft/BigBangExpeditions/.staging/server/mods/ytongame_hostingmenu-1.0.1.jar
[24ago.2026 03:56:47.353] [main/DEBUG] [net.minecraftforge.server.ServerLifecycleHooks/CORE]: Generating PackInfo named mod:lostcities for mod file /home/pedro/Documentos/java/deceasedcraft/BigBangExpeditions/.staging/server/mods/lostcities-1.20-7.4.11.jar
[24ago.2026 03:56:47.353] [main/DEBUG] [net.minecraftforge.server.ServerLifecycleHooks/CORE]: Generating PackInfo named mod:lostsouls for mod file /home/pedro/Documentos/java/deceasedcraft/BigBangExpeditions/.staging/server/mods/lostsouls-1.20-4.1.6.jar
[24ago.2026 03:56:47.353] [main/DEBUG] [net.minecraftforge.server.ServerLifecycleHooks/CORE]: Generating PackInfo named mod:legendarysurvivaloverhaul for mod file /home/pedro/Documentos/java/deceasedcraft/BigBangExpeditions/.staging/server/mods/legendarysurvivaloverhaul-1.20.1-2.3.23.1.jar
[24ago.2026 03:56:47.353] [main/DEBUG] [net.minecraftforge.server.ServerLifecycleHooks/CORE]: Generating PackInfo named mod:curios for mod file /home/pedro/Documentos/java/deceasedcraft/BigBangExpeditions/.staging/server/mods/curios-forge-5.14.1+1.20.1.jar
[24ago.2026 03:56:47.353] [main/DEBUG] [net.minecraftforge.server.ServerLifecycleHooks/CORE]: Generating PackInfo named mod:sereneseasons for mod file /home/pedro/Documentos/java/deceasedcraft/BigBangExpeditions/.staging/server/mods/SereneSeasons-forge-1.20.1-9.1.0.2.jar
[24ago.2026 03:56:47.353] [main/DEBUG] [net.minecraftforge.server.ServerLifecycleHooks/CORE]: Generating PackInfo named mod:customnpcs for mod file /home/pedro/Documentos/java/deceasedcraft/BigBangExpeditions/.staging/server/mods/CustomNPCs-1.20.1-GBPort-Unofficial-20251031.jar
[24ago.2026 03:56:47.353] [main/DEBUG] [net.minecraftforge.server.ServerLifecycleHooks/CORE]: Generating PackInfo named mod:create_hypertube for mod file /home/pedro/Documentos/java/deceasedcraft/BigBangExpeditions/.staging/server/mods/create_hypertube-0.2.5-FORGE.jar
[24ago.2026 03:56:47.354] [main/DEBUG] [net.minecraftforge.server.ServerLifecycleHooks/CORE]: Generating PackInfo named mod:starterkit for mod file /home/pedro/Documentos/java/deceasedcraft/BigBangExpeditions/.staging/server/mods/starterkit-1.20.1-7.4.jar
[24ago.2026 03:56:47.354] [main/DEBUG] [net.minecraftforge.server.ServerLifecycleHooks/CORE]: Generating PackInfo named mod:architectury for mod file /home/pedro/Documentos/java/deceasedcraft/BigBangExpeditions/.staging/server/mods/architectury-9.2.14-forge.jar
[24ago.2026 03:56:47.354] [main/DEBUG] [net.minecraftforge.server.ServerLifecycleHooks/CORE]: Generating PackInfo named mod:nerb for mod file /home/pedro/Documentos/java/deceasedcraft/BigBangExpeditions/.staging/server/mods/Not Enough Recipe Book-FORGE-0.4.1+1.20.1.jar
[24ago.2026 03:56:47.354] [main/DEBUG] [net.minecraftforge.server.ServerLifecycleHooks/CORE]: Generating PackInfo named mod:animal_pen for mod file /home/pedro/Documentos/java/deceasedcraft/BigBangExpeditions/.staging/server/mods/animal_pen-forge-1.20-1.6.1.jar
[24ago.2026 03:56:47.356] [main/DEBUG] [net.minecraftforge.server.ServerLifecycleHooks/CORE]: Generating PackInfo named mod:doapi for mod file /home/pedro/Documentos/java/deceasedcraft/BigBangExpeditions/.staging/server/mods/letsdo-API-forge-1.2.15-forge.jar
[24ago.2026 03:56:47.357] [main/DEBUG] [net.minecraftforge.server.ServerLifecycleHooks/CORE]: Generating PackInfo named mod:vinery for mod file /home/pedro/Documentos/java/deceasedcraft/BigBangExpeditions/.staging/server/mods/letsdo-vinery-forge-1.4.39.jar
[24ago.2026 03:56:47.357] [main/DEBUG] [net.minecraftforge.server.ServerLifecycleHooks/CORE]: Generating PackInfo named mod:ftblibrary for mod file /home/pedro/Documentos/java/deceasedcraft/BigBangExpeditions/.staging/server/mods/ftb-library-forge-2001.2.10.jar
[24ago.2026 03:56:47.357] [main/DEBUG] [net.minecraftforge.server.ServerLifecycleHooks/CORE]: Generating PackInfo named mod:bakery for mod file /home/pedro/Documentos/java/deceasedcraft/BigBangExpeditions/.staging/server/mods/letsdo-bakery-forge-1.1.15.jar
[24ago.2026 03:56:47.357] [main/DEBUG] [net.minecraftforge.server.ServerLifecycleHooks/CORE]: Generating PackInfo named mod:ftbteams for mod file /home/pedro/Documentos/java/deceasedcraft/BigBangExpeditions/.staging/server/mods/ftb-teams-forge-2001.3.1.jar
[24ago.2026 03:56:47.357] [main/DEBUG] [net.minecraftforge.server.ServerLifecycleHooks/CORE]: Generating PackInfo named mod:spacecatasb for mod file /home/pedro/Documentos/java/deceasedcraft/BigBangExpeditions/.staging/server/mods/spacecatasb-forge-20.14.0.jar
[24ago.2026 03:56:47.357] [main/DEBUG] [net.minecraftforge.server.ServerLifecycleHooks/CORE]: Generating PackInfo named mod:immersivelanterns for mod file /home/pedro/Documentos/java/deceasedcraft/BigBangExpeditions/.staging/server/mods/immersivelanterns-forge-1.0.6-1.20.1.jar
[24ago.2026 03:56:47.357] [main/DEBUG] [net.minecraftforge.server.ServerLifecycleHooks/CORE]: Generating PackInfo named mod:aiimprovements for mod file /home/pedro/Documentos/java/deceasedcraft/BigBangExpeditions/.staging/server/mods/AI-Improvements-1.20-0.5.2.jar
[24ago.2026 03:56:47.357] [main/DEBUG] [net.minecraftforge.server.ServerLifecycleHooks/CORE]: Generating PackInfo named mod:cupboard for mod file /home/pedro/Documentos/java/deceasedcraft/BigBangExpeditions/.staging/server/mods/cupboard-1.20.1-2.7.jar
[24ago.2026 03:56:47.358] [main/DEBUG] [net.minecraftforge.server.ServerLifecycleHooks/CORE]: Generating PackInfo named mod:bigreactors for mod file /home/pedro/Documentos/java/deceasedcraft/BigBangExpeditions/.staging/server/mods/ExtremeReactors2-1.20.1-2.0.94.jar
[24ago.2026 03:56:47.358] [main/DEBUG] [net.minecraftforge.server.ServerLifecycleHooks/CORE]: Generating PackInfo named mod:refurbished_furniture for mod file /home/pedro/Documentos/java/deceasedcraft/BigBangExpeditions/.staging/server/mods/refurbished_furniture-forge-1.20.1-1.0.20.jar
[24ago.2026 03:56:47.358] [main/DEBUG] [net.minecraftforge.server.ServerLifecycleHooks/CORE]: Generating PackInfo named mod:trashcans for mod file /home/pedro/Documentos/java/deceasedcraft/BigBangExpeditions/.staging/server/mods/trashcans-1.0.18b-forge-mc1.20.jar
[24ago.2026 03:56:47.358] [main/DEBUG] [net.minecraftforge.server.ServerLifecycleHooks/CORE]: Generating PackInfo named mod:mru for mod file /home/pedro/Documentos/java/deceasedcraft/BigBangExpeditions/.staging/server/mods/MRU-1.0.4+1.20.1+forge.jar
[24ago.2026 03:56:47.358] [main/DEBUG] [net.minecraftforge.server.ServerLifecycleHooks/CORE]: Generating PackInfo named mod:framework for mod file /home/pedro/Documentos/java/deceasedcraft/BigBangExpeditions/.staging/server/mods/framework-forge-1.20.1-0.7.15.jar
[24ago.2026 03:56:47.358] [main/DEBUG] [net.minecraftforge.server.ServerLifecycleHooks/CORE]: Generating PackInfo named mod:cfm_wap for mod file /home/pedro/Documentos/java/deceasedcraft/BigBangExpeditions/.staging/server/mods/cfm_wap-1.20.1-forge-1.2.0.jar
[24ago.2026 03:56:47.359] [main/DEBUG] [net.minecraftforge.server.ServerLifecycleHooks/CORE]: Generating PackInfo named mod:binocularsmod for mod file /home/pedro/Documentos/java/deceasedcraft/BigBangExpeditions/.staging/server/mods/binocularsmod-1.02.jar
[24ago.2026 03:56:47.359] [main/DEBUG] [net.minecraftforge.server.ServerLifecycleHooks/CORE]: Generating PackInfo named mod:dragnvehicles for mod file /home/pedro/Documentos/java/deceasedcraft/BigBangExpeditions/.staging/server/mods/DragN_Vehicles-1.20.1-1.3.2.jar
[24ago.2026 03:56:47.359] [main/DEBUG] [net.minecraftforge.server.ServerLifecycleHooks/CORE]: Generating PackInfo named mod:puffish_attributes for mod file /home/pedro/Documentos/java/deceasedcraft/BigBangExpeditions/.staging/server/mods/puffish_attributes-0.7.6-1.20-forge.jar
[24ago.2026 03:56:47.359] [main/DEBUG] [net.minecraftforge.server.ServerLifecycleHooks/CORE]: Generating PackInfo named mod:letmedespawn for mod file /home/pedro/Documentos/java/deceasedcraft/BigBangExpeditions/.staging/server/mods/letmedespawn-1.20.x-forge-1.5.0.jar
[24ago.2026 03:56:47.359] [main/DEBUG] [net.minecraftforge.server.ServerLifecycleHooks/CORE]: Generating PackInfo named mod:yeetusexperimentus for mod file /home/pedro/Documentos/java/deceasedcraft/BigBangExpeditions/.staging/server/mods/YeetusExperimentus-Forge-2.3.1-build.6+mc1.20.1.jar
[24ago.2026 03:56:47.361] [main/DEBUG] [net.minecraftforge.server.ServerLifecycleHooks/CORE]: Generating PackInfo named mod:betteradvancements for mod file /home/pedro/Documentos/java/deceasedcraft/BigBangExpeditions/.staging/server/mods/BetterAdvancements-Forge-1.20.1-0.4.2.10.jar
[24ago.2026 03:56:47.362] [main/DEBUG] [net.minecraftforge.server.ServerLifecycleHooks/CORE]: Generating PackInfo named mod:craftpresence for mod file /home/pedro/Documentos/java/deceasedcraft/BigBangExpeditions/.staging/server/mods/CraftPresence-2.7.0+1.20.1-forge.jar
[24ago.2026 03:56:47.364] [main/DEBUG] [net.minecraftforge.server.ServerLifecycleHooks/CORE]: Generating PackInfo named mod:justoutdoorstuffs for mod file /home/pedro/Documentos/java/deceasedcraft/BigBangExpeditions/.staging/server/mods/JustOutdoorStuffs-1.20.1-forge-v1.0.2.jar
[24ago.2026 03:56:47.365] [main/DEBUG] [net.minecraftforge.server.ServerLifecycleHooks/CORE]: Generating PackInfo named mod:rhino for mod file /home/pedro/Documentos/java/deceasedcraft/BigBangExpeditions/.staging/server/mods/rhino-forge-2001.2.3-build.10.jar
[24ago.2026 03:56:47.365] [main/DEBUG] [net.minecraftforge.server.ServerLifecycleHooks/CORE]: Generating PackInfo named mod:kubejs for mod file /home/pedro/Documentos/java/deceasedcraft/BigBangExpeditions/.staging/server/mods/kubejs-forge-2001.6.5-build.16.jar
[24ago.2026 03:56:47.372] [main/DEBUG] [net.minecraftforge.server.ServerLifecycleHooks/CORE]: Generating PackInfo named mod:trashslot for mod file /home/pedro/Documentos/java/deceasedcraft/BigBangExpeditions/.staging/server/mods/trashslot-forge-1.20-15.1.2.jar
[24ago.2026 03:56:47.372] [main/DEBUG] [net.minecraftforge.server.ServerLifecycleHooks/CORE]: Generating PackInfo named mod:biomesize for mod file /home/pedro/Documentos/java/deceasedcraft/BigBangExpeditions/.staging/server/mods/biomesize-1.20.1-1.5.jar
[24ago.2026 03:56:47.376] [main/DEBUG] [net.minecraftforge.server.ServerLifecycleHooks/CORE]: Generating PackInfo named mod:octolib for mod file /home/pedro/Documentos/java/deceasedcraft/BigBangExpeditions/.staging/server/mods/OctoLib-FORGE-0.5.0.1+1.20.1.jar
[24ago.2026 03:56:47.376] [main/DEBUG] [net.minecraftforge.server.ServerLifecycleHooks/CORE]: Generating PackInfo named mod:itemfilters for mod file /home/pedro/Documentos/java/deceasedcraft/BigBangExpeditions/.staging/server/mods/item-filters-forge-2001.1.0-build.59.jar
[24ago.2026 03:56:47.376] [main/DEBUG] [net.minecraftforge.server.ServerLifecycleHooks/CORE]: Generating PackInfo named mod:ftbquests for mod file /home/pedro/Documentos/java/deceasedcraft/BigBangExpeditions/.staging/server/mods/ftb-quests-forge-2001.4.16.jar
[24ago.2026 03:56:47.376] [main/DEBUG] [net.minecraftforge.server.ServerLifecycleHooks/CORE]: Generating PackInfo named mod:ftbxmodcompat for mod file /home/pedro/Documentos/java/deceasedcraft/BigBangExpeditions/.staging/server/mods/ftb-xmod-compat-forge-2.1.3.jar
[24ago.2026 03:56:47.376] [main/DEBUG] [net.minecraftforge.server.ServerLifecycleHooks/CORE]: Generating PackInfo named mod:particlerain for mod file /home/pedro/Documentos/java/deceasedcraft/BigBangExpeditions/.staging/server/mods/Pretty Rain-1.20.1-Forge-1.1.3.jar
[24ago.2026 03:56:47.376] [main/DEBUG] [net.minecraftforge.server.ServerLifecycleHooks/CORE]: Generating PackInfo named mod:taxfreelevels for mod file /home/pedro/Documentos/java/deceasedcraft/BigBangExpeditions/.staging/server/mods/TaxFreeLevels-1.4.14-forge-1.20.1.jar
[24ago.2026 03:56:47.377] [main/DEBUG] [net.minecraftforge.server.ServerLifecycleHooks/CORE]: Generating PackInfo named mod:buildersdelight for mod file /home/pedro/Documentos/java/deceasedcraft/BigBangExpeditions/.staging/server/mods/BuildersDelight-1.20.1-v.1.3.jar
[24ago.2026 03:56:47.377] [main/DEBUG] [net.minecraftforge.server.ServerLifecycleHooks/CORE]: Generating PackInfo named mod:weaponthrow for mod file /home/pedro/Documentos/java/deceasedcraft/BigBangExpeditions/.staging/server/mods/weaponthrow-1.20.1-6.0-beta.1.jar
[24ago.2026 03:56:47.377] [main/DEBUG] [net.minecraftforge.server.ServerLifecycleHooks/CORE]: Generating PackInfo named mod:fastsuite for mod file /home/pedro/Documentos/java/deceasedcraft/BigBangExpeditions/.staging/server/mods/FastSuite-1.20.1-5.1.0.jar
[24ago.2026 03:56:47.377] [main/DEBUG] [net.minecraftforge.server.ServerLifecycleHooks/CORE]: Generating PackInfo named mod:clumps for mod file /home/pedro/Documentos/java/deceasedcraft/BigBangExpeditions/.staging/server/mods/Clumps-forge-1.20.1-12.0.0.4.jar
[24ago.2026 03:56:47.377] [main/DEBUG] [net.minecraftforge.server.ServerLifecycleHooks/CORE]: Generating PackInfo named mod:ezvcsurvival for mod file /home/pedro/Documentos/java/deceasedcraft/BigBangExpeditions/.staging/server/mods/ezvcsurvival-forge-1.20.1-1.4.2.jar
[24ago.2026 03:56:47.377] [main/DEBUG] [net.minecraftforge.server.ServerLifecycleHooks/CORE]: Generating PackInfo named mod:comforts for mod file /home/pedro/Documentos/java/deceasedcraft/BigBangExpeditions/.staging/server/mods/comforts-forge-6.4.0+1.20.1.jar
[24ago.2026 03:56:47.377] [main/DEBUG] [net.minecraftforge.server.ServerLifecycleHooks/CORE]: Generating PackInfo named mod:artifacts for mod file /home/pedro/Documentos/java/deceasedcraft/BigBangExpeditions/.staging/server/mods/artifacts-forge-9.5.16.jar
[24ago.2026 03:56:47.378] [main/DEBUG] [net.minecraftforge.server.ServerLifecycleHooks/CORE]: Generating PackInfo named mod:alternate_current for mod file /home/pedro/Documentos/java/deceasedcraft/BigBangExpeditions/.staging/server/mods/alternate_current-mc1.20-1.7.0.jar
[24ago.2026 03:56:47.378] [main/DEBUG] [net.minecraftforge.server.ServerLifecycleHooks/CORE]: Generating PackInfo named mod:configured for mod file /home/pedro/Documentos/java/deceasedcraft/BigBangExpeditions/.staging/server/mods/configured-forge-1.20.1-2.2.3.jar
[24ago.2026 03:56:47.378] [main/DEBUG] [net.minecraftforge.server.ServerLifecycleHooks/CORE]: Generating PackInfo named mod:icterine for mod file /home/pedro/Documentos/java/deceasedcraft/BigBangExpeditions/.staging/server/mods/Icterine-forge-1.20.0-1-1.3.0.jar
[24ago.2026 03:56:47.378] [main/DEBUG] [net.minecraftforge.server.ServerLifecycleHooks/CORE]: Generating PackInfo named mod:moa_decor_science for mod file /home/pedro/Documentos/java/deceasedcraft/BigBangExpeditions/.staging/server/mods/MOAdecor SCIENCE 1.20.1.jar
[24ago.2026 03:56:47.378] [main/DEBUG] [net.minecraftforge.server.ServerLifecycleHooks/CORE]: Generating PackInfo named mod:particular for mod file /home/pedro/Documentos/java/deceasedcraft/BigBangExpeditions/.staging/server/mods/particular-1.20.1-Forge-1.2.7.jar
[24ago.2026 03:56:47.378] [main/DEBUG] [net.minecraftforge.server.ServerLifecycleHooks/CORE]: Generating PackInfo named mod:mcjtylib for mod file /home/pedro/Documentos/java/deceasedcraft/BigBangExpeditions/.staging/server/mods/mcjtylib-1.20-8.0.7.jar
[24ago.2026 03:56:47.378] [main/DEBUG] [net.minecraftforge.server.ServerLifecycleHooks/CORE]: Generating PackInfo named mod:fancytrinkets for mod file /home/pedro/Documentos/java/deceasedcraft/BigBangExpeditions/.staging/server/mods/fancytrinkets-1.20-3.0.5.jar
[24ago.2026 03:56:47.378] [main/DEBUG] [net.minecraftforge.server.ServerLifecycleHooks/CORE]: Generating PackInfo named mod:lostradar for mod file /home/pedro/Documentos/java/deceasedcraft/BigBangExpeditions/.staging/server/mods/lostradar-1.20-1.1.0.jar
[24ago.2026 03:56:47.378] [main/DEBUG] [net.minecraftforge.server.ServerLifecycleHooks/CORE]: Generating PackInfo named mod:mapperbase for mod file /home/pedro/Documentos/java/deceasedcraft/BigBangExpeditions/.staging/server/mods/mapperbase-1.20.1-6.0.0.0.jar
[24ago.2026 03:56:47.378] [main/DEBUG] [net.minecraftforge.server.ServerLifecycleHooks/CORE]: Generating PackInfo named mod:embellishcraft for mod file /home/pedro/Documentos/java/deceasedcraft/BigBangExpeditions/.staging/server/mods/embellishcraft-1.20.1-7.0.0.0.jar
[24ago.2026 03:56:47.381] [main/DEBUG] [net.minecraftforge.server.ServerLifecycleHooks/CORE]: Generating PackInfo named mod:txnilib for mod file /home/pedro/Documentos/java/deceasedcraft/BigBangExpeditions/.staging/server/mods/txnilib-forge-1.0.23-1.20.1.jar
[24ago.2026 03:56:47.381] [main/DEBUG] [net.minecraftforge.server.ServerLifecycleHooks/CORE]: Generating PackInfo named mod:watut for mod file /home/pedro/Documentos/java/deceasedcraft/BigBangExpeditions/.staging/server/mods/watut-forge-1.20.1-1.2.3.jar
[24ago.2026 03:56:47.381] [main/DEBUG] [net.minecraftforge.server.ServerLifecycleHooks/CORE]: Generating PackInfo named mod:travelerstitles for mod file /home/pedro/Documentos/java/deceasedcraft/BigBangExpeditions/.staging/server/mods/TravelersTitles-1.20-Forge-4.0.2.jar
[24ago.2026 03:56:47.381] [main/DEBUG] [net.minecraftforge.server.ServerLifecycleHooks/CORE]: Generating PackInfo named mod:toofast for mod file /home/pedro/Documentos/java/deceasedcraft/BigBangExpeditions/.staging/server/mods/toofast-1.20-0.4.3.5.jar
[24ago.2026 03:56:47.381] [main/DEBUG] [net.minecraftforge.server.ServerLifecycleHooks/CORE]: Generating PackInfo named mod:jeimultiblocks for mod file /home/pedro/Documentos/java/deceasedcraft/BigBangExpeditions/.staging/server/mods/jeimultiblocks-1.20.1-1.0.6.jar
[24ago.2026 03:56:47.382] [main/DEBUG] [net.minecraftforge.server.ServerLifecycleHooks/CORE]: Generating PackInfo named mod:deceased_expansion for mod file /home/pedro/Documentos/java/deceasedcraft/BigBangExpeditions/.staging/server/mods/deceased_expansion-1.10-all.jar
[24ago.2026 03:56:47.382] [main/DEBUG] [net.minecraftforge.server.ServerLifecycleHooks/CORE]: Generating PackInfo named mod:gpu_tape for mod file /home/pedro/Documentos/java/deceasedcraft/BigBangExpeditions/.staging/server/mods/GPUTape-1.18x-1.21x-1.0.5.1-forge.jar
[24ago.2026 03:56:47.382] [main/DEBUG] [net.minecraftforge.server.ServerLifecycleHooks/CORE]: Generating PackInfo named mod:dsp for mod file /home/pedro/Documentos/java/deceasedcraft/BigBangExpeditions/.staging/server/mods/default-server-properties-forge-81.1.0.jar
[24ago.2026 03:56:47.382] [main/DEBUG] [net.minecraftforge.server.ServerLifecycleHooks/CORE]: Generating PackInfo named mod:lostworlds for mod file /home/pedro/Documentos/java/deceasedcraft/BigBangExpeditions/.staging/server/mods/lostworlds-1.20-0.0.3.jar
[24ago.2026 03:56:47.382] [main/DEBUG] [net.minecraftforge.server.ServerLifecycleHooks/CORE]: Generating PackInfo named mod:enchdesc for mod file /home/pedro/Documentos/java/deceasedcraft/BigBangExpeditions/.staging/server/mods/EnchantmentDescriptions-Forge-1.20.1-17.1.19.jar
[24ago.2026 03:56:47.382] [main/DEBUG] [net.minecraftforge.server.ServerLifecycleHooks/CORE]: Generating PackInfo named mod:moonlight for mod file /home/pedro/Documentos/java/deceasedcraft/BigBangExpeditions/.staging/server/mods/moonlight-1.20-2.14.13-forge.jar
[24ago.2026 03:56:47.382] [main/DEBUG] [net.minecraftforge.server.ServerLifecycleHooks/CORE]: Generating PackInfo named mod:extragore for mod file /home/pedro/Documentos/java/deceasedcraft/BigBangExpeditions/.staging/server/mods/extragore-1.20.1-5.2.3.1.jar
[24ago.2026 03:56:47.382] [main/DEBUG] [net.minecraftforge.server.ServerLifecycleHooks/CORE]: Generating PackInfo named mod:another_furniture for mod file /home/pedro/Documentos/java/deceasedcraft/BigBangExpeditions/.staging/server/mods/another_furniture-forge-1.20.1-3.0.4.jar
[24ago.2026 03:56:47.382] [main/DEBUG] [net.minecraftforge.server.ServerLifecycleHooks/CORE]: Generating PackInfo named mod:displaydelight for mod file /home/pedro/Documentos/java/deceasedcraft/BigBangExpeditions/.staging/server/mods/displaydelight-1.1.0.jar
[24ago.2026 03:56:47.382] [main/DEBUG] [net.minecraftforge.server.ServerLifecycleHooks/CORE]: Generating PackInfo named mod:culllessleaves for mod file /home/pedro/Documentos/java/deceasedcraft/BigBangExpeditions/.staging/server/mods/CullLessLeaves-Reforged-1.20.1-1.0.5.jar
[24ago.2026 03:56:47.383] [main/DEBUG] [net.minecraftforge.server.ServerLifecycleHooks/CORE]: Generating PackInfo named mod:creativecore for mod file /home/pedro/Documentos/java/deceasedcraft/BigBangExpeditions/.staging/server/mods/CreativeCore_FORGE_v2.12.32_mc1.20.1.jar
[24ago.2026 03:56:47.383] [main/DEBUG] [net.minecraftforge.server.ServerLifecycleHooks/CORE]: Generating PackInfo named mod:smoothboot for mod file /home/pedro/Documentos/java/deceasedcraft/BigBangExpeditions/.staging/server/mods/smoothboot(reloaded)-mc1.20.1-0.0.4.jar
[24ago.2026 03:56:47.383] [main/DEBUG] [net.minecraftforge.server.ServerLifecycleHooks/CORE]: Generating PackInfo named mod:rocks for mod file /home/pedro/Documentos/java/deceasedcraft/BigBangExpeditions/.staging/server/mods/ThisRocks-1.20.1-1.5.1.jar
[24ago.2026 03:56:47.383] [main/DEBUG] [net.minecraftforge.server.ServerLifecycleHooks/CORE]: Generating PackInfo named mod:iceberg for mod file /home/pedro/Documentos/java/deceasedcraft/BigBangExpeditions/.staging/server/mods/Iceberg-1.20.1-forge-1.1.25.jar
[24ago.2026 03:56:47.383] [main/DEBUG] [net.minecraftforge.server.ServerLifecycleHooks/CORE]: Generating PackInfo named mod:diet for mod file /home/pedro/Documentos/java/deceasedcraft/BigBangExpeditions/.staging/server/mods/diet-forge-2.1.1+1.20.1.jar
[24ago.2026 03:56:47.383] [main/DEBUG] [net.minecraftforge.server.ServerLifecycleHooks/CORE]: Generating PackInfo named mod:create_sa for mod file /home/pedro/Documentos/java/deceasedcraft/BigBangExpeditions/.staging/server/mods/create-stuff-additions1.20.1_v2.1.0.jar
[24ago.2026 03:56:47.383] [main/DEBUG] [net.minecraftforge.server.ServerLifecycleHooks/CORE]: Generating PackInfo named mod:mobsunscreen for mod file /home/pedro/Documentos/java/deceasedcraft/BigBangExpeditions/.staging/server/mods/mobsunscreen-forge-1.20.1-3.1.1.jar
[24ago.2026 03:56:47.383] [main/DEBUG] [net.minecraftforge.server.ServerLifecycleHooks/CORE]: Generating PackInfo named mod:fastbench for mod file /home/pedro/Documentos/java/deceasedcraft/BigBangExpeditions/.staging/server/mods/FastWorkbench-1.20.1-8.0.4.jar
[24ago.2026 03:56:47.383] [main/DEBUG] [net.minecraftforge.server.ServerLifecycleHooks/CORE]: Generating PackInfo named mod:storagedrawers for mod file /home/pedro/Documentos/java/deceasedcraft/BigBangExpeditions/.staging/server/mods/StorageDrawers-1.20.1-12.9.14.jar
[24ago.2026 03:56:47.383] [main/DEBUG] [net.minecraftforge.server.ServerLifecycleHooks/CORE]: Generating PackInfo named mod:parcool for mod file /home/pedro/Documentos/java/deceasedcraft/BigBangExpeditions/.staging/server/mods/ParCool-1.20.1-3.4.1.5.jar
[24ago.2026 03:56:47.383] [main/DEBUG] [net.minecraftforge.server.ServerLifecycleHooks/CORE]: Generating PackInfo named mod:create_radar for mod file /home/pedro/Documentos/java/deceasedcraft/BigBangExpeditions/.staging/server/mods/Radars 0.3.5.1-Create6.jar
[24ago.2026 03:56:47.383] [main/DEBUG] [net.minecraftforge.server.ServerLifecycleHooks/CORE]: Generating PackInfo named mod:createbigcannons for mod file /home/pedro/Documentos/java/deceasedcraft/BigBangExpeditions/.staging/server/mods/createbigcannons-5.9.1-mc.1.20.1-forge.jar
[24ago.2026 03:56:47.384] [main/DEBUG] [net.minecraftforge.server.ServerLifecycleHooks/CORE]: Generating PackInfo named mod:create for mod file /home/pedro/Documentos/java/deceasedcraft/BigBangExpeditions/.staging/server/mods/create-1.20.1-6.0.6.jar
[24ago.2026 03:56:47.384] [main/DEBUG] [net.minecraftforge.server.ServerLifecycleHooks/CORE]: Generating PackInfo named mod:createdeco for mod file /home/pedro/Documentos/java/deceasedcraft/BigBangExpeditions/.staging/server/mods/createdeco-2.0.3-1.20.1-forge.jar
[24ago.2026 03:56:47.384] [main/DEBUG] [net.minecraftforge.server.ServerLifecycleHooks/CORE]: Generating PackInfo named mod:kubejs_create for mod file /home/pedro/Documentos/java/deceasedcraft/BigBangExpeditions/.staging/server/mods/kubejs-create-forge-2001.3.0-build.8.jar
[24ago.2026 03:56:47.385] [main/DEBUG] [net.minecraftforge.server.ServerLifecycleHooks/CORE]: Generating PackInfo named mod:create_central_kitchen for mod file /home/pedro/Documentos/java/deceasedcraft/BigBangExpeditions/.staging/server/mods/create_central_kitchen-1.20.1-for-create-6.0.6-1.4.3b.jar
[24ago.2026 03:56:47.385] [main/DEBUG] [net.minecraftforge.server.ServerLifecycleHooks/CORE]: Generating PackInfo named mod:inventoryhud for mod file /home/pedro/Documentos/java/deceasedcraft/BigBangExpeditions/.staging/server/mods/inventoryhud.forge.1.20.1-3.4.26.jar
[24ago.2026 03:56:47.386] [main/DEBUG] [net.minecraftforge.server.ServerLifecycleHooks/CORE]: Generating PackInfo named mod:moderately_enough_effect_desc for mod file /home/pedro/Documentos/java/deceasedcraft/BigBangExpeditions/.staging/server/mods/MEED-1.20.1-6.7.jar
[24ago.2026 03:56:47.386] [main/DEBUG] [net.minecraftforge.server.ServerLifecycleHooks/CORE]: Generating PackInfo named mod:coroutil for mod file /home/pedro/Documentos/java/deceasedcraft/BigBangExpeditions/.staging/server/mods/coroutil-forge-1.20.1-1.3.7.jar
[24ago.2026 03:56:47.387] [main/DEBUG] [net.minecraftforge.server.ServerLifecycleHooks/CORE]: Generating PackInfo named mod:spore for mod file /home/pedro/Documentos/java/deceasedcraft/BigBangExpeditions/.staging/server/mods/spore_2.1.5c_1.20.1.jar
[24ago.2026 03:56:47.387] [main/DEBUG] [net.minecraftforge.server.ServerLifecycleHooks/CORE]: Generating PackInfo named mod:deceasedcraft for mod file /home/pedro/Documentos/java/deceasedcraft/BigBangExpeditions/.staging/server/mods/DCTweaks_5.10.14.jar
[24ago.2026 03:56:47.387] [main/DEBUG] [net.minecraftforge.server.ServerLifecycleHooks/CORE]: Generating PackInfo named mod:ferritecore for mod file /home/pedro/Documentos/java/deceasedcraft/BigBangExpeditions/.staging/server/mods/ferritecore-6.0.1-forge.jar
[24ago.2026 03:56:47.387] [main/DEBUG] [net.minecraftforge.server.ServerLifecycleHooks/CORE]: Generating PackInfo named mod:yet_another_config_lib_v3 for mod file /home/pedro/Documentos/java/deceasedcraft/BigBangExpeditions/.staging/server/mods/yet_another_config_lib_v3-3.6.6+1.20.1-forge.jar
[24ago.2026 03:56:47.387] [main/DEBUG] [net.minecraftforge.server.ServerLifecycleHooks/CORE]: Generating PackInfo named mod:solcarrot for mod file /home/pedro/Documentos/java/deceasedcraft/BigBangExpeditions/.staging/server/mods/solcarrot-1.20.1-1.15.1.jar
[24ago.2026 03:56:47.389] [main/DEBUG] [net.minecraftforge.server.ServerLifecycleHooks/CORE]: Generating PackInfo named mod:refinedstorageaddons for mod file /home/pedro/Documentos/java/deceasedcraft/BigBangExpeditions/.staging/server/mods/refinedstorageaddons-0.10.0.jar
[24ago.2026 03:56:47.389] [main/DEBUG] [net.minecraftforge.server.ServerLifecycleHooks/CORE]: Generating PackInfo named mod:refinedpolymorph for mod file /home/pedro/Documentos/java/deceasedcraft/BigBangExpeditions/.staging/server/mods/refinedpolymorph-0.1.1-1.20.1.jar
[24ago.2026 03:56:47.389] [main/DEBUG] [net.minecraftforge.server.ServerLifecycleHooks/CORE]: Generating PackInfo named mod:packetfixer for mod file /home/pedro/Documentos/java/deceasedcraft/BigBangExpeditions/.staging/server/mods/packetfixer-3.3.1-1.18-1.20.4-merged.jar
[24ago.2026 03:56:47.389] [main/DEBUG] [net.minecraftforge.server.ServerLifecycleHooks/CORE]: Generating PackInfo named mod:horde_hoard for mod file /home/pedro/Documentos/java/deceasedcraft/BigBangExpeditions/.staging/server/mods/eh1.3.1-1.20.1.jar
[24ago.2026 03:56:47.389] [main/DEBUG] [net.minecraftforge.server.ServerLifecycleHooks/CORE]: Generating PackInfo named mod:badoptimizations for mod file /home/pedro/Documentos/java/deceasedcraft/BigBangExpeditions/.staging/server/mods/BadOptimizations-2.2.3-1.20.1.jar
[24ago.2026 03:56:47.390] [main/DEBUG] [net.minecraftforge.server.ServerLifecycleHooks/CORE]: Generating PackInfo named mod:expandability for mod file /home/pedro/Documentos/java/deceasedcraft/BigBangExpeditions/.staging/server/mods/expandability-9.0.4.jar
[24ago.2026 03:56:47.390] [main/DEBUG] [net.minecraftforge.server.ServerLifecycleHooks/CORE]: Generating PackInfo named mod:flickerfix for mod file /home/pedro/Documentos/java/deceasedcraft/BigBangExpeditions/.staging/server/mods/flickerfix-1.20.1-4.0.1.jar
[24ago.2026 03:56:47.390] [main/DEBUG] [net.minecraftforge.server.ServerLifecycleHooks/CORE]: Generating PackInfo named mod:vanillin for mod file /home/pedro/Documentos/java/deceasedcraft/BigBangExpeditions/.staging/server/mods/vanillin-forge-1.20.1-1.1.3.jar
[24ago.2026 03:56:47.390] [main/DEBUG] [net.minecraftforge.server.ServerLifecycleHooks/CORE]: Generating PackInfo named mod:createaddition for mod file /home/pedro/Documentos/java/deceasedcraft/BigBangExpeditions/.staging/server/mods/createaddition-1.20.1-1.3.2.jar
[24ago.2026 03:56:47.390] [main/DEBUG] [net.minecraftforge.server.ServerLifecycleHooks/CORE]: Generating PackInfo named mod:presencefootsteps for mod file /home/pedro/Documentos/java/deceasedcraft/BigBangExpeditions/.staging/server/mods/PresenceFootsteps-1.20.1-1.9.1-beta.1.jar
[24ago.2026 03:56:55.930] [main/INFO] [net.werdei.biome_replacer.BiomeReplacer/]: [BiomeReplacer] Successfully replaced biomes in lostcities:lostcity
[24ago.2026 03:56:56.461] [Server thread/DEBUG] [net.minecraftforge.fml.config.ConfigFileTypeHandler/CONFIG]: Built TOML config for ./world/serverconfig/lostcities-server.toml
[24ago.2026 03:56:56.461] [Server thread/DEBUG] [net.minecraftforge.fml.config.ConfigFileTypeHandler/CONFIG]: Loaded TOML config file ./world/serverconfig/lostcities-server.toml
[24ago.2026 03:56:56.461] [Server thread/DEBUG] [net.minecraftforge.fml.config.ConfigFileTypeHandler/CONFIG]: Watching TOML config file ./world/serverconfig/lostcities-server.toml for changes
[24ago.2026 03:56:56.955] [Server thread/INFO] [BigBangExpeditions/LostCities/]: Registered expedition dimension with Lost Cities: bigbangexpeditions:expedition -> deceasedcraft_onlycities
[24ago.2026 03:56:56.975] [Server thread/DEBUG] [SpectreLib/CONFIG]: Built TOML config for /home/pedro/Documentos/java/deceasedcraft/BigBangExpeditions/.staging/server/config/diet-server.toml
[24ago.2026 03:56:56.976] [Server thread/DEBUG] [SpectreLib/CONFIG]: Loaded TOML config file /home/pedro/Documentos/java/deceasedcraft/BigBangExpeditions/.staging/server/config/diet-server.toml
[24ago.2026 03:56:56.976] [Server thread/DEBUG] [SpectreLib/CONFIG]: Built TOML config for /home/pedro/Documentos/java/deceasedcraft/BigBangExpeditions/.staging/server/config/comforts-server.toml
[24ago.2026 03:56:56.977] [Server thread/DEBUG] [SpectreLib/CONFIG]: Loaded TOML config file /home/pedro/Documentos/java/deceasedcraft/BigBangExpeditions/.staging/server/config/comforts-server.toml
[24ago.2026 03:56:57.079] [Server thread/DEBUG] [Framework/]: Started watching config: /home/pedro/Documentos/java/deceasedcraft/BigBangExpeditions/.staging/server/config/refurbished_furniture.server.toml
[24ago.2026 03:56:57.079] [Server thread/DEBUG] [Framework/]: Started watching config: /home/pedro/Documentos/java/deceasedcraft/BigBangExpeditions/.staging/server/config/cfm_wap.server.toml
[24ago.2026 03:56:58.235] [Server thread/DEBUG] [com.simibubi.create.Create/]: Prepared Redstone Network Space for lostcities:lostcity
[24ago.2026 03:56:58.235] [Server thread/DEBUG] [com.simibubi.create.Create/]: Prepared Kinetic Network Space for lostcities:lostcity
[24ago.2026 03:56:59.930] [Worker-Main-17/DEBUG] [mixin/]: Mixing lostcities.LostCityTerrainFeatureMixin from deceased_expansion.mixins.json into mcjty.lostcities.worldgen.LostCityTerrainFeature
[24ago.2026 03:57:00.873] [Server thread/INFO] [FTB Quests/]: Loading quests from /home/pedro/Documentos/java/deceasedcraft/BigBangExpeditions/.staging/server/config/ftbquests/quests
[24ago.2026 03:57:48.440] [Server thread/INFO] [BigBangExpeditions/OpacSelfTest/]: [opac-selftest] PASS dim=bigbangexpeditions:expedition chunk=130,130
